Order_ID,Order_Date,Customer_ID,Product_ID,Quantity,Discount,Shipping_Cost,Payment_Method,Order_Status
O000001,2024-10-18,C01353,P0014,1,0.15,241.21,Debit Card,Processing
O000002,2024-04-16,C01103,P0161,1,0.0,103.43,UPI,Shipped
O000002,2024-04-16,C01103,P0028,1,0.25,397.42,Cash on Delivery,Shipped
O000003,2025-08-06,C01193,P0183,1,0.05,170.11,Net Banking,Processing
O000003,2025-08-06,C01193,P0087,1,0.0,451.54,Debit Card,Delivered
O000004,2024-08-16,C01224,P0011,2,0.05,73.82,Debit Card,Processing
O000005,2024-12-05,C00402,P0093,2,0.0,134.06,Credit Card,Delivered
O000006,2025-11-12,C00369,P0053,1,0.2,335.64,UPI,Processing
O000007,2024-12-31,C00734,P0077,1,0.05,499.13,Credit Card,Processing
O000008,2025-07-24,C00747,P0174,2,0.15,203.63,Cash on Delivery,Delivered
O000009,2025-04-18,C00202,P0001,2,0.3,313.6,UPI,Processing
O000009,2025-04-18,C00202,P0112,1,0.1,387.13,Debit Card,Cancelled
O000009,2025-04-18,C00202,P0057,1,0.15,492.54,UPI,Delivered
O000010,2024-10-08,C00481,P0130,1,0.05,371.96,UPI,Delivered
O000011,2024-05-04,C00476,P0146,1,0.05,33.99,Credit Card,Processing
O000012,2025-10-16,C00430,P0233,1,0.0,453.28,UPI,Delivered
O000013,2024-06-22,C00451,P0103,2,0.15,261.84,Net Banking,Processing
O000013,2024-06-22,C00451,P0009,1,0.0,242.96,Cash on Delivery,Cancelled
O000013,2024-06-22,C00451,P0161,1,0.0,247.86,Credit Card,Cancelled
O000014,2025-01-09,C00483,P0246,1,0.1,393.81,UPI,Delivered
O000014,2025-01-09,C00483,P0063,2,0.1,132.0,upi,Delivered
O000015,2024-09-15,C01174,P0116,1,0.1,448.75,UPI,Cancelled
O000016,2025-04-30,C00883,P0020,1,0.2,78.42,Wallet,Delivered
O000017,2024-10-07,C01133,P0061,2,0.25,258.14,Credit Card,Delivered
O000017,2024-10-07,C01133,P0063,2,0.05,284.41,Credit Card,Cancelled
O000017,2024-10-07,C01133,P0236,1,0.0,428.66,Net Banking,Cancelled
O000018,2025-03-28,C00253,P0169,1,0.05,168.28,UPI,Delivered
O000019,2025-04-23,C00717,P0057,1,0.05,493.35,Cash on Delivery,Shipped
O000019,2025-04-23,C00717,P0190,1,0.0,134.82,Net Banking,Delivered
O000020,2024-10-05,C01390,P0144,2,0.2,377.9,Debit Card,Delivered
O000020,2024-10-05,C01390,P0122,3,0.1,285.72,UPI,Delivered
O000021,2025-11-29,C00774,P0052,1,0.1,493.8,UPI,Delivered
O000022,2025-09-05,C00534,P0054,1,0.15,87.85,Cash on Delivery,Delivered
O000023,2025-05-28,C01228,P0096,1,0.1,159.7,UPI,Processing
O000024,2025-02-23,C00950,P0051,2,0.0,293.32,Net Banking,Delivered
O000024,2025-02-23,C00950,P0079,2,0.1,374.77,UPI,Delivered
O000024,2025-02-23,C00950,P0246,1,0.15,497.15,Credit Card,Shipped
O000025,2024-08-06,C00016,P0036,3,0.15,131.46,UPI,Delivered
O000026,2025-05-18,C01227,P0238,2,0.1,185.33,Wallet,Delivered
O000027,2024-08-31,C01014,P0246,1,0.1,225.56,Debit Card,Processing
O000028,2025-05-22,C00701,P0095,1,0.1,315.46,Wallet,Cancelled
O000029,2024-09-27,C01429,P0050,1,0.1,173.03,UPI,Cancelled
O000030,2024-07-16,C00182,P0061,2,0.05,126.02,Wallet,Shipped
O000030,2024-07-16,C00182,P0104,1,0.1,75.47,UPI,Delivered
O000030,2024-07-16,C00182,P0055,1,0.2,260.18,UPI,Delivered
O000031,2025-01-09,C01382,P0103,1,0.15,129.44, UPI ,Cancelled
O000031,2025-01-09,C01382,P0099,1,0.2,192.82,UPI,Delivered
O000032,2025-11-25,C00742,P0013,1,0.2,44.84,Credit Card,Delivered
O000032,2025-11-25,C00742,P0069,1,0.05,50.42,Wallet,Delivered
O000033,2024-11-09,C00021,P0084,1,0.25,241.21,UPI,Cancelled
O000033,2024-11-09,C00021,P0098,2,0.15,215.41,Debit Card,Delivered
O000034,2025-12-19,C00288,P0250,2,0.05,121.53,Cash on Delivery,Delivered
O000035,2025-07-22,C01277,P0182,1,0.0,467.22,Debit Card,Processing
O000036,2024-08-23,C00081,P0113,3,0.05,32.86,Debit Card,Cancelled
O000037,2025-09-10,C01097,P0003,1,0.1,489.03,UPI,Processing
O000037,2025-09-10,C01097,P0056,1,0.05,384.01,Credit Card,Delivered
O000038,2025-08-19,C00116,P0113,3,0.1,97.9,UPI,Processing
O000039,2024-06-30,C00702,P0198,1,0.15,239.16,Net Banking,Delivered
O000040,2025-08-08,C00239,P0177,1,0.0,371.06,Net Banking,Delivered
O000040,2025-08-08,C00239,P0134,2,0.2,71.32,UPI,Delivered
O000041,2025-04-13,C00982,P0218,3,0.0,315.78,Cash on Delivery,Delivered
O000042,2025-03-24,C01005,P0087,3,0.2,285.84,UPI,Delivered
O000042,2025-03-24,C01005,P0235,1,0.1,225.57,Net Banking,Shipped
O000043,2024-09-09,C01042,P0071,3,0.1,152.66,Net Banking,Processing
O000044,2025-07-10,C00168,P0229,1,0.2,29.81,Debit Card,Cancelled
O000044,2025-07-10,C00168,P0096,1,0.0,203.79,Credit Card,Shipped
O000045,2024-11-25,C00051,P0189,4,0.0,163.81,Credit Card,Cancelled
O000046,2024-09-23,C00548,P0044,1,0.05,350.94,Cash on Delivery,Processing
O000047,2025-07-16,C00439,P0045,2,0.15,158.87,Credit Card,Delivered
O000047,2025-07-16,C00439,P0176,2,0.05,124.96,Debit Card,Delivered
O000048,2024-11-07,C00283,P0043,2,0.05,217.07,Net Banking,Processing
O000049,2025-01-02,C01329,P0104,1,0.0,267.43,UPI,Shipped
O000049,2025-01-02,C01329,P0221,1,0.2,142.18,Cash on Delivery,Shipped
O000049,2025-01-02,C01329,P0068,1,0.15,196.09,Credit Card,Delivered
O000050,2025-08-01,C01055,P0077,1,0.1,369.6,Cash on Delivery,Processing
O000050,2025-08-01,C01055,P0127,1,0.15,144.29,Wallet,Delivered
O000051,2025-11-23,C00679,P0016,2,0.05,308.67,Credit Card,Delivered
O000052,2025-04-08,C00070,P0004,3,0.2,490.13,UPI,Cancelled
O000052,2025-04-08,C00070,P0180,1,0.0,126.78,UPI,Delivered
O000053,2026-03-22,C00922,P0196,1,0.0,195.61,Wallet,Delivered
O000053,2026-03-22,C00922,P0197,1,0.1,337.33,Credit Card,delivered
O000054,2026-03-19,C00273,P0184,1,0.0,47.26,Debit Card,Processing
O000055,2025-03-08,C00246,P0211,1,0.05,369.19,Credit Card,Delivered
O000056,2024-06-04,C01110,P0242,1,0.05,427.29,Credit Card,Delivered
O000056,2024-06-04,C01110,P0198,1,0.0,210.52,Credit Card,Delivered
O000057,2026-01-10,C00662,P0190,1,0.05,475.33,UPI,Shipped
O000058,2025-10-18,C00575,P0026,1,0.2,32.94,Debit Card,Processing
O000058,2025-10-18,C00575,P0200,1,0.1,277.45,Wallet,Delivered
O000059,2025-05-19,C00670,P0029,1,0.1,403.09,Wallet,Delivered
O000060,2024-12-12,C00473,P0039,2,0.1,347.92,Wallet,Delivered
O000061,2024-12-18,C01182,P0078,1,0.1,79.39,UPI,Delivered
O000062,2025-07-01,C00606,P0096,1,0.15,323.5,Net Banking,Delivered
O000062,2025-07-01,C00606,P0062,1,0.15,236.17,Credit Card,Delivered
O000063,2025-01-16,C00822,P0054,1,0.1,353.54,Debit Card,Delivered
O000064,2026-03-29,C01460,P0066,1,0.1,379.83,Debit Card,Delivered
O000064,2026-03-29,C01460,P0170,3,0.05,248.49,Credit Card,Delivered
O000065,2025-03-27,C01164,P0240,1,0.1,292.7,UPI,Processing
O000066,2025-09-12,C01010,P0245,2,0.1,117.52,UPI,Delivered
O000067,2025-08-12,C01165,P0247,1,0.1,157.48,UPI,Delivered
O000068,2024-06-25,C00147,P0193,2,0.2,72.77,Wallet,Delivered
O000069,2025-07-19,C00759,P0076,4,0.1,207.33,Credit Card,Delivered
O000070,2026-03-13,C00950,P0058,3,0.0,258.25,UPI,Processing
O000070,2026-03-13,C00950,P0245,1,0.1,351.77,Wallet,Delivered
O000071,2025-05-30,C00182,P0006,1,0.05,455.6,UPI,Delivered
O000072,2024-06-24,C00792,P0219,1,0.05,283.5,UPI,Delivered
O000073,2024-05-23,C00768,P0202,1,0.1,266.59,UPI,Cancelled
O000074,2025-05-08,C00561,P0242,1,0.1,183.81,UPI,Delivered
O000074,2025-05-08,C00561,P0070,1,0.15,447.16,Debit Card,Delivered
O000075,2025-12-06,C00279,P0089,1,0.1,308.91,Net Banking,Shipped
O000075,2025-12-06,C00279,P0126,2,0.0,220.36,UPI,Shipped
O000076,2025-07-16,C00672,P0184,2,0.25,146.4,Credit Card,Delivered
O000077,2025-06-27,C00655,P0145,2,0.2,357.73,Credit Card,Delivered
O000078,2025-11-23,C01233,P0089,1,0.0,240.64,Debit Card,Cancelled
O000079,2024-07-27,C00667,P0087,1,0.05,368.0,Credit Card,Delivered
O000080,2025-07-25,C00411,P0134,1,0.1,288.72,Cash on Delivery,Delivered
O000081,2026-02-07,C01159,P0029,2,0.35,161.28,Net Banking,Delivered
O000082,2024-05-25,C00489,P0012,3,0.1,104.18,Credit Card,Delivered
O000082,2024-05-25,C00489,P0171,1,0.15,169.23,Cash on Delivery,Delivered
O000083,2024-10-29,C00580,P0148,1,0.3,126.73,UPI,Delivered
O000083,2024-10-29,C00580,P0223,1,0.1,136.96,Debit Card,Delivered
O000084,2024-07-26,C01023,P0188,1,0.2,491.26,Credit Card,Shipped
O000084,2024-07-26,C01023,P0028,1,0.1,163.22,Debit Card,Shipped
O000085,2025-06-21,C00232,P0024,1,0.0,54.06,Credit Card,Delivered
O000086,2024-08-21,C01006,P0059,1,0.1,306.32,UPI,Delivered
O000086,2024-08-21,C01006,P0107,1,0.1,422.16,Debit Card,Processing
O000087,2025-01-19,C00072,P0128,2,0.05,196.27,Credit Card,Delivered
O000088,2025-04-05,C00357,P0248,2,0.05,397.24,Debit Card,Delivered
O000089,2024-12-21,C01138,P0032,1,0.0,28.21,Credit Card,Delivered
O000090,2025-06-12,C01398,P0007,1,0.05,379.34,Cash on Delivery,Shipped
O000091,2024-11-27,C00510,P0179,1,0.1,72.61,UPI,Delivered
O000092,2024-08-09,C00848,P0217,3,0.1,299.86,UPI,Shipped
O000093,2026-01-30,C00966,P0153,1,0.0,381.37,Credit Card,Cancelled
O000093,2026-01-30,C00966,P0109,1,0.0,117.03,Net Banking,Processing
O000094,2025-10-27,C00422,P0203,2,0.1,78.2,Debit Card,Delivered
O000095,2025-11-26,C01463,P0081,1,0.05,219.03,UPI,Cancelled
O000096,2024-06-09,C00222,P0115,2,0.3,498.59,Cash on Delivery,Cancelled
O000097,2025-03-21,C00186,P0213,1,0.05,374.98,Cash on Delivery,Cancelled
O000098,2024-06-13,C00473,P0185,2,0.15,411.98,Cash on Delivery,Cancelled
O000099,2024-09-15,C01399,P0129,2,0.1,370.04,UPI,Delivered
O000100,2024-05-28,C00181,P0072,1,0.05,167.12,Credit Card,Delivered
O000101,2025-07-06,C00142,P0028,1,0.1,340.63,Wallet,Cancelled
O000101,2025-07-06,C00142,P0211,1,0.2,86.96,Credit Card,Cancelled
O000102,2025-11-02,C00813,P0055,1,0.0,446.46,Credit Card,Cancelled
O000103,2025-12-31,C00494,P0065,1,0.1,90.62,Wallet,Delivered
O000103,2025-12-31,C00494,P0241,2,0.15,352.78,UPI,Delivered
O000104,2024-10-14,C00810,P0052,2,0.1,39.74,Credit Card,Delivered
O000105,2024-06-15,C01457,P0009,1,0.15,166.58,UPI,Processing
O000105,2024-06-15,C01457,P0053,1,0.0,77.14,UPI,Cancelled
O000106,2025-06-15,C01152,P0166,1,0.1,341.37,Debit Card,Cancelled
O000107,2024-05-10,C00079,P0054,1,0.2,32.83,Credit Card,Delivered
O000108,2025-12-27,C01452,P0035,0,0.05,430.99,Net Banking,Delivered
O000109,2024-04-09,C00348,P0134,1,0.15,425.5,UPI,Delivered
O000110,2025-12-09,C01392,P0075,1,0.05,477.35,UPI,Cancelled
O000110,2025-12-09,C01392,P0137,1,0.0,385.3,Debit Card,Shipped
O000111,2024-05-04,C00520,P0043,1,0.1,305.67,UPI,Processing
O000112,2025-07-15,C00681,P0006,3,0.05,241.31,Net Banking,Processing
O000113,2024-07-23,C00492,P0142,1,0.05,25.37,Credit Card,Delivered
O000113,2024-07-23,C00492,P0062,1,0.2,70.21,UPI,Cancelled
O000114,2024-06-28,C01365,P0153,1,0.15,181.52,Wallet,Cancelled
O000115,2025-08-28,C00475,P0074,2,0.0,318.81,Debit Card,Delivered
O000116,2025-03-20,C00596,P0247,3,0.1,118.78,UPI,Shipped
O000116,2025-03-20,C00596,P0065,2,0.05,405.37,UPI,Delivered
O000117,2025-12-08,C00748,P0033,2,0.15,191.38,UPI,Delivered
O000118,2024-10-13,C01258,P0043,1,0.1,446.26,UPI,Delivered
O000118,2024-10-13,C01258,P0098,1,0.15,169.43,Credit Card,Delivered
O000119,2024-07-04,C00961,P0166,1,0.05,403.62,Wallet,Delivered
O000120,2025-08-19,C00365,P0033,1,0.0,321.91,Net Banking,Delivered
O000120,2025-08-19,C00365,P0032,1,0.15,204.27,UPI,Delivered
O000121,2026-01-14,C00856,P0239,1,0.15,323.36,Credit Card,Processing
O000122,2024-11-13,C00321,P0247,1,0.1,449.41,Credit Card,Shipped
O000122,2024-11-13,C00321,P0103,1,0.1,339.98,Credit Card,Cancelled
O000123,2025-10-27,C01300,P0089,1,0.05,428.0,UPI,Processing
O000123,2025-10-27,C01300,P0014,1,0.1,86.26,UPI,Cancelled
O000124,2024-04-30,C01072,P0026,1,0.0,415.15,Net Banking,Shipped
O000124,2024-04-30,C01072,P0238,1,0.2,383.09,UPI,Delivered
O000124,2024-04-30,C01072,P0232,1,0.25,80.91,Net Banking,Delivered
O000125,2024-11-20,C00979,P0035,1,0.05,71.43,UPI,Cancelled
O000126,2025-11-02,C00647,P0009,1,0.25,167.49,UPI,Delivered
O000127,2024-10-06,C00500,P0024,1,0.1,129.76,Debit Card,Cancelled
O000128,2026-03-03,C00694,P0150,1,0.05,359.3,Debit Card,Cancelled
O000129,2026-03-18,,P0241,1,0.15,246.01,UPI,Processing
O000130,2025-08-01,C01470,P0036,4,0.15,225.0,Credit Card,Cancelled
O000131,2024-12-11,C00619,P0071,1,0.2,26.98,UPI,Processing
O000132,2025-06-23,C00325,P0127,1,0.1,301.12,Wallet,Shipped
O000133,2025-01-22,C00974,P0214,1,0.0,409.22,Credit Card,Delivered
O000134,2026-01-02,C00765,P0117,2,0.1,374.43,Net Banking,Delivered
O000135,2025-03-01,C00366,P0013,1,0.1,252.37,Wallet,Processing
O000136,2025-04-03,C00200,P0016,2,0.05,63.6,UPI,Delivered
O000137,2025-03-30,C00951,P0112,1,0.1,170.98,Net Banking,Processing
O000138,2024-06-02,C00640,P0210,2,0.1,438.44,Net Banking,Shipped
O000139,2025-05-24,C01030,P0205,1,0.15,66.18,Credit Card,Shipped
O000140,2025-06-22,C00775,P0250,1,0.05,359.28,UPI,Delivered
O000141,2025-10-16,C00238,P0242,1,0.1,37.11,UPI,Cancelled
O000142,2024-08-02,C00511,P0137,1,0.05,253.54,Credit Card,Cancelled
O000143,2025-02-09,C01197,P0094,2,0.05,275.78,UPI,Delivered
O000144,2025-06-02,C01038,P0007,1,0.1,352.85,UPI,Delivered
O000144,2025-06-02,C01038,P0228,1,0.15,243.6,Net Banking,Delivered
O000144,2025-06-02,C01038,P0004,1,0.0,255.06,Credit Card,Delivered
O000145,2024-08-12,C01458,P0028,1,0.05,80.64,Debit Card,Delivered
O000145,2024-08-12,C01458,P0089,1,0.05,309.56,UPI,Delivered
O000146,2025-01-06,C00123,P0165,3,0.15,319.58,UPI,Processing
O000147,2025-05-04,C01466,P0027,1,0.1,236.83,UPI,Delivered
O000148,2026-03-12,C00325,P0196,2,0.2,260.52,Debit Card,Delivered
O000149,2026-02-08,C00238,P0182,2,0.05,397.77,UPI,Delivered
O000150,2025-01-29,C00222,P0099,1,0.0,166.7,UPI,Delivered
O000151,2026-03-02,C00094,P0016,1,0.2,196.61,Debit Card,Delivered
O000152,2025-05-16,C00637,P0160,1,0.15,299.6,UPI,Shipped
O000153,2024-12-15,C00475,P0124,1,0.25,164.11,Wallet,Cancelled
O000154,2024-08-29,C00106,P0099,2,0.25,267.89,UPI,Processing
O000154,2024-08-29,C00106,P0241,3,0.15,273.68,Cash on Delivery,Delivered
O000154,2024-08-29,C00106,P9999,2,0.25,219.55,Cash on Delivery,Shipped
O000155,2024-07-03,C00482,P0193,1,0.05,414.46,Cash on Delivery,Shipped
O000155,2024-07-03,C00482,P0060,1,0.05,462.46,Debit Card,Delivered
O000156,2025-09-12,C00630,P0007,1,0.2,238.88,Net Banking,Cancelled
O000157,2025-06-09,C00341,P0186,1,0.25,143.74,Credit Card,Delivered
O000158,2024-04-30,C00417,P0057,1,0.1,136.24,Cash on Delivery,Delivered
O000159,2025-09-26,C00009,P0049,1,0.05,115.42,Cash on Delivery,Delivered
O000159,2025-09-26,C00009,P0172,3,0.05,337.52,UPI,Delivered
O000160,2024-12-29,C01354,P0141,1,0.05,469.59,Cash on Delivery,Processing
O000160,2024-12-29,C01354,P0089,1,0.1,469.86,UPI,Delivered
O000160,2024-12-29,C01354,P0233,1,0.1,130.24,Credit Card,Delivered
O000161,2025-05-27,C00367,P0191,1,0.1,210.89,Wallet,Delivered
O000162,2025-03-23,C00539,P0121,2,0.15,334.84,UPI,Delivered
O000163,2025-09-01,C00187,P0081,1,0.2,100.39,UPI,Cancelled
O000164,2025-02-05,C01145,P0054,1,0.0,143.52,Debit Card,Delivered
O000165,2025-07-15,C00380,P0004,2,0.05,80.21,Wallet,Cancelled
O000165,2025-07-15,C00380,P0182,1,0.0,324.88,Credit Card,Delivered
O000166,2025-04-02,C00884,P0198,1,0.15,162.66,Credit Card,Delivered
O000167,2024-04-29,C00762,P0244,2,0.05,323.93,Credit Card,Processing
O000168,2026-03-23,C00932,P0200,2,0.1,189.32,Credit Card,Cancelled
O000169,2025-06-28,C01440,P0213,4,0.15,334.52,UPI,Shipped
O000169,2025-06-28,C01440,P0145,3,0.0,477.23,UPI,Shipped
O000170,2024-11-20,C01258,P0033,1,0.0,408.74,Credit Card,Processing
O000170,2024-11-20,C01258,P0159,2,0.05,393.16,Wallet,Cancelled
O000171,2025-10-14,C00710,P0093,1,0.25,409.12,Credit Card,Cancelled
O000172,2024-04-07,C01261,P0136,1,0.05,32.83,UPI,Processing
O000173,2025-11-19,C00533,P0154,1,0.0,446.02,UPI,Delivered
O000173,2025-11-19,C00533,P0202,3,0.1,164.7,UPI,Delivered
O000173,2025-11-19,C00533,P0179,1,0.2,134.67,UPI,Delivered
O000174,2025-02-09,C00066,P0154,1,0.2,195.53,UPI,Shipped
O000175,2024-12-31,C00440,P0217,1,0.15,390.06,Debit Card,Processing
O000175,2024-12-31,C00440,P0178,1,0.1,449.25,Debit Card,Processing
O000176,2024-04-21,C01025,P0247,1,0.1,252.55,Credit Card,Delivered
O000177,2026-01-28,C00576,P0245,1,0.1,173.15,UPI,Delivered
O000178,2024-05-08,C00376,P0114,3,0.15,86.3,UPI,Delivered
O000178,2024-05-08,C00376,P0182,1,0.05,209.08,Credit Card,Shipped
O000179,2024-06-30,C01099,P0156,1,0.25,137.26,Net Banking,Delivered
O000179,2024-06-30,C01099,P0171,1,0.0,495.83,Wallet,Processing
O000180,2025-09-12,C00126,P0185,2,0.0,470.43,UPI,Processing
O000181,2024-04-16,C00514,P0119,1,0.1,332.92,Credit Card,Delivered
O000182,2025-07-03,C01123,P0184,1,0.25,138.96,UPI,Delivered
O000183,2025-11-18,C01236,P0214,1,0.1,200.6,Wallet,Delivered
O000184,2024-07-19,C01213,P0217,2,0.15,347.82,UPI,Delivered
O000185,2025-07-24,C00329,P0027,1,0.1,61.84,Wallet,Delivered
O000185,2025-07-24,C00329,P0083,1,0.1,243.93,Net Banking,Shipped
O000186,2024-04-27,C01449,P0051,2,0.15,128.03,Cash on Delivery,Shipped
O000186,2024-04-27,C01449,P0027,2,0.05,410.3,UPI,Processing
O000187,2024-04-05,C01063,P0172,3,0.15,340.5,UPI,Processing
O000188,2025-08-02,C01111,P0192,2,0.1,156.56,Cash on Delivery,Cancelled
O000188,2025-08-02,C01111,P0126,2,0.25,493.91,Debit Card,Delivered
O000188,2025-08-02,C01111,P0237,1,0.0,,Cash on Delivery,Delivered
O000189,2025-09-12,C00334,P0191,1,0.1,451.85,Debit Card,Cancelled
O000190,2025-02-20,C00778,P0130,1,0.1,52.26,Debit Card,Delivered
O000191,2025-09-10,C00815,P0162,1,0.0,196.71,UPI,Cancelled
O000191,2025-09-10,C00815,P0129,1,0.1,477.89,UPI,Shipped
O000192,2025-10-07,C00515,P0004,1,0.15,205.18,Debit Card,Delivered
O000192,2025-10-07,C00515,P0033,2,0.15,387.0,Debit Card,Processing
O000193,2025-11-23,C00407,P0144,1,0.0,496.48,Wallet,Delivered
O000194,2025-08-09,C00875,P0098,2,0.1,132.78,UPI,Delivered
O000195,2025-10-25,C00252,P0206,2,0.1,306.29,Net Banking,Delivered
O000195,2025-10-25,C00252,P0026,1,0.05,262.99,Credit Card,Delivered
O000196,2024-10-23,C00171,P0035,2,0.0,67.9,UPI,Shipped
O000197,2024-09-30,C01328,P0149,2,0.05,334.19,Wallet,Cancelled
O000198,2025-12-03,C01060,P0059,4,0.05,247.09,Debit Card,Shipped
O000199,2025-09-16,C01075,P0142,1,0.1,435.62,UPI,Shipped
O000200,2026-03-27,C00095,P0128,1,0.15,440.43,Wallet,Delivered
O000201,2025-02-20,C00904,P0053,1,0.1,158.78,UPI,Shipped
O000201,2025-02-20,C00904,P0236,1,0.1,303.94,Credit Card,Delivered
O000201,2025-02-20,C00904,P0121,1,0.15,344.71,Debit Card,Delivered
O000202,2025-04-29,C00863,P0196,2,0.0,145.16,Debit Card,Shipped
O000203,2024-06-13,C01159,P0152,1,0.1,92.27,Cash on Delivery,Delivered
O000204,2024-06-29,C01146,P0016,1,0.05,288.02,Credit Card,Delivered
O000205,2024-12-15,C00783,P0082,1,0.0,384.16,UPI,Delivered
O000205,2024-12-15,C00783,P0127,1,0.05,258.9,Net Banking,Delivered
O000205,2024-12-15,C00783,P0041,1,0.15,68.62,Cash on Delivery,Processing
O000206,2024-10-12,C00121,P0018,2,0.2,278.1,UPI,Cancelled
O000207,2025-10-27,C00684,P0024,1,0.05,94.54,Credit Card,Delivered
O000207,2025-10-27,C00684,P0114,1,0.1,343.37,Credit Card,Cancelled
O000208,2024-05-30,C00110,P0199,1,0.0,149.74,Debit Card,Cancelled
O000208,2024-05-30,C00110,P0041,1,0.05,270.87,Debit Card,Processing
O000209,2024-12-25,C00375,P0171,1,0.1,224.69,Wallet,Cancelled
O000210,2025-12-11,C00217,P0210,1,0.1,375.56,Credit Card,Delivered
O000210,2025-12-11,C00217,P0164,1,0.15,437.2,Credit Card,Delivered
O000211,2025-11-10,C01266,P0229,1,0.2,165.29,UPI,Shipped
O000211,2025-11-10,C01266,P0091,2,0.25,96.6,UPI,Cancelled
O000211,2025-11-10,C01266,P0105,3,0.1,487.39,UPI,Shipped
O000212,2024-06-21,C01413,P0070,1,0.1,359.82,Net Banking,Processing
O000212,2024-06-21,C01413,P0119,1,0.1,78.58,Credit Card,Processing
O000213,2024-07-25,C01234,P0188,2,0.25,449.57,UPI,Delivered
O000214,2024-09-15,C01015,P0250,1,0.1,275.99,Debit Card,Delivered
O000214,2024-09-15,C01015,P0249,1,0.0,122.06,Credit Card,Processing
O000215,2024-10-09,C01370,P0242,2,0.1,298.67,Net Banking,Delivered
O000216,2025-06-19,C00444,P0171,2,0.1,250.87,UPI,Processing
O000217,2024-09-01,C00045,P0231,2,0.3,112.16,Debit Card,Delivered
O000218,2025-02-14,C00123,P0204,1,0.0,48.36,Debit Card,Shipped
O000219,2025-08-09,C00744,P0069,1,0.1,152.33,UPI,Delivered
O000219,2025-08-09,C00744,P0182,4,0.15,497.91,UPI,Delivered
O000220,2024-08-30,C01387,P0097,1,0.1,35.9,UPI,Delivered
O000221,2024-10-26,C00875,P0040,1,0.1,275.79,Credit Card,Delivered
O000222,2024-08-10,C01339,P0180,4,0.15,167.8,UPI,Delivered
O000223,2025-11-06,C00476,P0043,2,0.1,147.67,CreditCard,Delivered
O000224,2024-06-14,C01314,P0190,1,0.1,380.92,Debit Card,Delivered
O000225,2025-04-26,C01325,P0237,2,0.1,47.43,Credit Card,Shipped
O000226,2024-06-06,C01098,P0241,1,0.15,369.92,UPI,Delivered
O000227,2025-05-10,C00039,P0221,1,0.0,352.96,Cash on Delivery,Cancelled
O000228,2024-07-05,C00616,P0002,1,0.05,211.48,Debit Card,Cancelled
O000228,2024-07-05,C00616,P0014,1,0.0,347.53,Net Banking,Delivered
O000229,2024-04-25,C00420,P0008,1,0.2,470.61,Debit Card,Cancelled
O000230,2024-07-28,C00427,P0011,1,0.1,494.7,UPI,Processing
O000230,2024-07-28,C00427,P0087,1,0.1,209.53,Credit Card,Cancelled
O000231,2025-03-20,C00223,P0214,2,0.1,173.46,Credit Card,Cancelled
O000232,2025-11-01,C01429,P0169,1,0.05,187.84,UPI,Delivered
O000233,2025-08-16,C01438,P0222,2,0.1,383.78,Wallet,Delivered
O000234,2025-02-02,C00689,P0145,1,0.25,282.22,Credit Card,Delivered
O000234,2025-02-02,C00689,P0091,1,0.1,468.29,Cash on Delivery,Processing
O000235,2024-04-27,C00835,P0249,4,0.1,40.97,Net Banking,Delivered
O000236,2026-02-14,C00149,P0029,4,0.2,232.16,Credit Card,Delivered
O000236,2026-02-14,C00149,P0092,1,0.1,484.4,Net Banking,Shipped
O000237,2024-07-18,C00267,P0100,2,0.1,65.56,Credit Card,Cancelled
O000238,2024-08-29,C00908,P0235,4,0.15,49.65,Debit Card,Processing
O000239,2025-07-17,C00519,P0033,1,0.05,104.5,Net Banking,Delivered
O000240,2025-12-14,C01110,P0158,1,0.0,103.55,Credit Card,Delivered
O000240,2025-12-14,C01110,P0046,1,0.1,349.47,UPI,Shipped
O000241,2025-06-17,C00281,P0233,1,0.1,28.94,Debit Card,Processing
O000242,2024-06-10,C01194,P0043,2,0.05,206.81,Debit Card,Delivered
O000243,2024-11-28,C00175,P0135,2,0.1,76.81,UPI,Delivered
O000244,2026-03-18,C00485,P0241,1,0.05,124.16,Cash on Delivery,Delivered
O000245,2025-07-12,C01010,P0015,1,0.1,93.05,UPI,Shipped
O000246,2025-12-06,C01234,P0174,1,0.15,406.34,Cash on Delivery,Delivered
O000247,2024-08-20,C00936,P0099,2,0.05,27.81,UPI,Cancelled
O000247,2024-08-20,C00936,P0172,1,0.1,342.96,Net Banking,Delivered
O000248,2025-07-27,C01103,P0042,4,0.1,154.06,Credit Card,Delivered
O000249,2026-03-12,C01053,P0061,1,0.15,467.08,Debit Card,Processing
O000250,2026-02-27,C01208,P0013,1,0.05,410.84,Debit Card,Cancelled
O000251,2024-12-26,C00750,P0033,1,0.15,122.15,UPI,Delivered
O000251,2024-12-26,C00750,P0006,1,0.2,272.87,Cash on Delivery,Delivered
O000252,2024-08-22,C00299,P0023,1,0.05,423.43,UPI,Delivered
O000253,2024-12-22,C00177,P0214,2,0.2,107.13,UPI,Delivered
O000253,2024-12-22,C00177,P0138,1,0.05,457.61,UPI,Shipped
O000254,2024-07-23,C00329,P0070,1,0.1,77.3,Debit Card,Processing
O000254,2024-07-23,C00329,P0159,1,0.25,282.98,Debit Card,Delivered
O000255,2024-07-19,C00692,P0250,1,0.2,287.88,Cash on Delivery,Shipped
O000255,2024-07-19,C00692,P0102,1,0.1,136.3,Debit Card,Cancelled
O000256,2025-08-14,C00973,P0127,1,0.0,477.34,UPI,Shipped
O000257,2024-06-04,C00576,P0129,1,0.0,170.89,UPI,Cancelled
O000258,2025-09-26,C01479,P0006,1,0.05,391.46,UPI,Delivered
O000259,2024-11-23,C00336,P0248,2,0.1,341.57,UPI,Delivered
O000260,2024-05-27,C00271,P0042,1,0.05,72.24,Credit Card,Cancelled
O000261,2025-03-15,C00514,P0154,1,0.05,391.59,Cash on Delivery,Cancelled
O000261,2025-03-15,C00514,P0053,1,0.2,468.53,UPI,Delivered
O000262,2024-11-21,C00238,P0246,2,0.05,84.05,Credit Card, CANCELLED 
O000263,2025-09-16,C00899,P0088,3,0.1,257.67,Credit Card,Delivered
O000264,2024-09-28,C01450,P0011,3,0.15,389.33,UPI,Cancelled
O000265,2025-02-27,C00873,P0238,2,0.3,378.55,Debit Card,Delivered
O000265,2025-02-27,C00873,P0114,2,0.1,52.03,Credit Card,Delivered
O000266,2025-10-27,C01327,P0103,1,0.1,200.27,UPI,Processing
O000266,2025-10-27,C01327,P0045,1,0.1,101.36,Credit Card,Delivered
O000266,2025-10-27,C01327,P0118,1,0.1,457.29,UPI,Processing
O000267,2024-07-14,C00645,P0064,1,0.2,55.04,Debit Card,Delivered
O000267,2024-07-14,C00645,P0222,2,0.0,89.3,Credit Card,Shipped
O000268,2026-01-30,C00668,P0138,1,0.15,335.72,Credit Card,Delivered
O000269,2025-04-13,C01218,P0032,1,0.05,358.0,UPI,Delivered
O000269,2025-04-13,C01218,P0143,1,0.05,331.82,UPI,Shipped
O000270,2026-02-11,C00677,P0191,2,0.05,455.99,UPI,Shipped
O000271,2024-04-07,C01309,P0195,1,0.15,101.75,Net Banking,Delivered
O000272,2026-01-12,C01499,P0102,2,0.1,424.88,Cash on Delivery,Delivered
O000272,2026-01-12,C01499,P0175,1,0.15,401.36,Credit Card,Shipped
O000273,2025-01-02,C01083,P0082,1,0.1,437.02,Cash on Delivery,Delivered
O000273,2025-01-02,C01083,P0170,1,0.1,221.44,Net Banking,Delivered
O000274,2024-08-28,C00539,P0158,2,0.0,398.17,Cash on Delivery,Shipped
O000274,2024-08-28,C00539,P0189,1,0.15,82.92,UPI,Processing
O000275,2024-12-13,C01023,P0057,2,0.2,383.27,Net Banking,Shipped
O000275,2024-12-13,C01023,P0140,2,0.05,255.36,Credit Card,Shipped
O000276,2025-04-10,C00503,P0205,1,0.1,427.59,Credit Card,Shipped
O000276,2025-04-10,C00503,P0192,1,0.1,113.6,Credit Card,Processing
O000276,2025-04-10,C00503,P0037,1,0.2,251.68,UPI,Processing
O000277,2024-09-21,C01070,P0025,2,0.05,41.3,UPI,Delivered
O000277,2024-09-21,C01070,P0120,2,0.0,114.79,Credit Card,Delivered
O000278,2024-12-16,C00608,P0139,1,0.15,349.16,UPI,Delivered
O000279,2025-07-03,C00956,P0006,1,0.05,443.79,UPI,Delivered
O000280,2025-02-23,C01455,P0167,4,0.2,129.57,Cash on Delivery,Cancelled
O000280,2025-02-23,C01455,P0214,4,0.05,67.23,Net Banking,Delivered
O000281,2024-07-29,C00221,P0131,1,0.0,471.81,Credit Card,Delivered
O000281,2024-07-29,C00221,P0050,1,0.1,101.89,UPI,Delivered
O000282,2024-09-02,C00217,P0070,1,0.15,38.31,UPI,Delivered
O000282,2024-09-02,C00217,P0108,1,0.1,174.6,Debit Card,Delivered
O000283,2025-05-30,C01185,P0057,1,0.1,251.51,Debit Card,Processing
O000283,2025-05-30,C01185,P0056,1,0.1,52.8,Debit Card,Delivered
O000284,2025-06-11,C01118,P0170,1,0.05,266.98,Net Banking,Delivered
O000285,2025-02-19,C00452,P0044,1,0.15,71.06,UPI,Delivered
O000285,2025-02-19,C00452,P0077,1,0.05,198.42,Debit Card,Delivered
O000286,2026-01-19,C00746,P0091,2,0.1,425.87,Credit Card,Delivered
O000286,2026-01-19,C00746,P0067,2,0.1,180.87,Credit Card,Delivered
O000286,2026-01-19,C00746,P0009,1,0.0,356.73,Credit Card,Delivered
O000287,2025-05-13,C01330,P0035,4,0.0,224.42,Debit Card,Delivered
O000287,2025-05-13,C01330,P0110,1,0.2,134.08,Credit Card,Delivered
O000288,2025-11-15,C01437,P0110,1,0.1,288.48,Debit Card,Cancelled
O000289,2024-06-25,C00541,P0194,2,0.1,131.99,UPI,Delivered
O000290,2024-06-05,C01276,P0007,1,0.1,450.39,Wallet,Delivered
O000291,2026-02-13,C00138,P0187,1,0.0,285.35,Debit Card,Cancelled
O000292,2024-08-02,C00539,P0064,1,0.1,34.4,Debit Card,Delivered
O000293,2025-10-24,C00463,P0092,2,0.0,215.94,Wallet,Delivered
O000293,2025-10-24,C00463,P0132,1,0.2,371.95,UPI,Delivered
O000294,2025-02-07,C00800,P0062,1,0.05,313.04,Credit Card,Processing
O000295,2025-01-11,C01380,P0046,2,0.2,435.97,Credit Card,Delivered
O000296,2025-05-05,C01267,P0057,4,0.05,410.71,Net Banking,Delivered
O000297,2024-08-31,C01293,P0054,1,0.15,123.45,Net Banking,Processing
O000297,2024-08-31,C01293,P0209,1,0.1,395.63,Debit Card,Cancelled
O000298,2025-11-07,C01240,P0088,1,0.15,206.94,Credit Card,Delivered
O000299,2024-07-18,C00896,P0223,2,0.15,264.63,Net Banking,Cancelled
O000300,2024-12-22,C01396,P0053,1,0.05,178.16,Wallet,Cancelled
O000300,2024-12-22,C01396,P0117,3,0.15,398.15,UPI,Delivered
O000301,2026-01-08,C00421,P0062,2,0.0,467.93,Credit Card,Cancelled
O000302,2025-07-03,C01279,P0155,2,0.1,56.89,Net Banking,Processing
O000302,2025-07-03,C01279,P0101,1,0.1,66.83,UPI,Delivered
O000303,2025-04-01,C00643,P0093,1,0.05,78.43,Cash on Delivery,Processing
O000304,2024-08-30,C01478,P0204,1,0.1,417.64,Wallet,Delivered
O000304,2024-08-30,C01478,P0111,1,0.15,428.76,UPI,Delivered
O000305,2024-09-16,C01021,P0079,1,0.1,38.66,Net Banking,Delivered
O000305,2024-09-16,C01021,P0125,3,0.1,153.31,Debit Card,Cancelled
O000306,2025-03-31,C01251,P0002,4,0.1,348.28,UPI,Delivered
O000307,2024-06-23,C00750,P0134,1,0.05,112.55,Cash on Delivery,Cancelled
O000308,2025-03-03,C00544,P0042,1,0.1,494.99,Credit Card,Delivered
O000309,2024-11-18,C00491,P0201,1,0.15,183.36,Debit Card,Processing
O000310,2025-04-16,C00599,P0030,1,0.0,195.56,Credit Card,Delivered
O000311,2024-12-10,C01346,P0167,3,0.0,318.3,UPI,Cancelled
O000311,2024-12-10,C01346,P0176,1,0.15,464.42,Credit Card,Cancelled
O000311,2024-12-10,C01346,P0032,2,0.1,50.53,Net Banking,Cancelled
O000312,2024-09-28,C00707,P0154,1,0.05,430.87,Wallet,Delivered
O000313,2026-02-17,C00645,P0010,1,0.0,396.25,Credit Card,Shipped
O000314,2025-02-17,C00828,P0168,1,0.05,318.7,Debit Card,Delivered
O000315,2025-05-25,C00619,P0152,2,0.1,278.73,Net Banking,Processing
O000316,2024-06-28,C00740,P0182,1,0.15,293.3,UPI,Shipped
O000317,2025-03-23,C00417,P0182,1,0.05,224.51,Wallet,Delivered
O000317,2025-03-23,C00417,P0169,3,0.1,309.96,UPI,Delivered
O000317,2025-03-23,C00417,P0190,1,0.0,370.31,Credit Card,Delivered
O000318,2025-04-24,C00632,P0250,3,0.1,344.87,UPI,Delivered
O000318,2025-04-24,C00632,P0154,2,0.2,48.4,Wallet,Delivered
O000319,2024-07-24,C01102,P0139,1,0.1,277.14,Net Banking,Delivered
O000320,2024-09-29,C00521,P0101,1,0.1,482.12,Cash on Delivery,Delivered
O000320,2024-09-29,C00521,P0225,1,0.05,378.55,UPI,Delivered
O000320,2024-09-29,C00521,P0113,4,0.1,106.7,UPI,Shipped
O000321,2024-05-03,C00482,P0189,2,0.05,155.78,UPI,Delivered
O000322,2026-02-07,C00316,P0210,4,0.05,109.1,Net Banking,Shipped
O000322,2026-02-07,C00316,P0100,1,0.2,305.16,Net Banking,Processing
O000323,2025-02-10,C01225,P0240,2,0.0,282.38,Cash on Delivery,Delivered
O000324,2025-07-11,C00384,P0235,1,0.05,92.51,Wallet,Delivered
O000324,2025-07-11,C00384,P0002,3,0.0,28.27,Net Banking,Delivered
O000324,2025-07-11,C00384,P0166,1,0.2,91.45,UPI,Delivered
O000325,2025-07-28,C01379,P0078,1,0.1,329.52,Net Banking,Processing
O000325,2025-07-28,C01379,P0130,4,0.05,301.96,Cash on Delivery,Delivered
O000326,2024-04-05,C00278,P0042,1,0.15,33.61,Debit Card,Delivered
O000327,2024-04-16,C00201,P0237,4,0.2,371.29,UPI,Cancelled
O000327,2024-04-16,C00201,P0101,1,0.2,433.37,UPI,Delivered
O000328,2026-01-02,C01085,P0185,1,0.0,459.81,Net Banking,Delivered
O000328,2026-01-02,C01085,P0103,2,0.15,430.41,UPI,Processing
O000329,2026-01-09,C01292,P0046,1,0.05,189.27,Debit Card,Delivered
O000330,2024-10-22,C01152,P0073,1,0.2,126.09,Wallet,Delivered
O000331,2025-08-14,C01280,P0236,2,0.1,372.42,UPI,Delivered
O000332,2025-03-23,C01414,P0008,1,0.1,211.2,Net Banking,Delivered
O000333,2024-11-29,C01342,P0084,3,0.15,496.96,Credit Card,Delivered
O000334,2025-08-30,C01482,P0056,1,0.1,499.79,Credit Card,Delivered
O000335,2025-11-03,C00070,P0120,1,0.05,473.92,Credit Card,Delivered
O000336,2025-11-22,C00086,P0099,1,0.0,289.35,UPI,Processing
O000337,2024-07-24,C00522,P0163,4,0.1,301.58,UPI,Cancelled
O000337,2024-07-24,C00522,P0150,1,0.05,200.73,Credit Card,Delivered
O000338,2024-05-10,C01146,P0098,1,0.05,233.21,Cash on Delivery,Cancelled
O000338,2024-05-10,C01146,P0119,2,0.15,232.95,Credit Card,Delivered
O000339,2026-01-06,C00301,P0120,1,0.2,181.3,Credit Card,Delivered
O000339,2026-01-06,C00301,P0117,1,0.15,231.66,Debit Card,Cancelled
O000340,2025-09-12,C01143,P0104,1,0.1,127.17,UPI,Delivered
O000341,2024-09-12,C01140,P0160,1,0.05,267.16,Debit Card,Shipped
O000342,2026-03-11,C01483,P0041,2,0.1,385.91,Credit Card,Shipped
O000342,2026-03-11,C01483,P0015,1,0.05,71.38,UPI,Processing
O000343,2025-04-22,C00444,P0102,1,0.15,147.51,Wallet,Delivered
O000343,2025-04-22,C00444,P0248,3,0.15,205.28,Cash on Delivery,Delivered
O000344,2026-01-06,C00723,P0137,1,0.15,425.08,UPI,Delivered
O000345,2025-11-22,C00966,P0177,1,0.1,153.62,Credit Card,Delivered
O000346,2024-09-29,C01251,P0080,3,0.05,113.69,Credit Card,Shipped
O000346,2024-09-29,C01251,P0042,1,0.05,56.97,Net Banking,Processing
O000346,2024-09-29,C01251,P0220,1,0.1,266.33,Wallet,Processing
O000347,2024-11-14,C00052,P0126,1,0.1,346.78,Debit Card,Delivered
O000348,2025-06-26,C01380,P0038,2,0.0,301.09,UPI,Delivered
O000349,2024-10-16,C00353,P0198,2,0.1,413.45,Credit Card,Delivered
O000349,2024-10-16,C00353,P0096,2,0.05,279.84,Debit Card,Processing
O000350,2025-02-04,C01487,P0199,2,0.1,147.49,Debit Card,Cancelled
O000351,2025-10-17,C00820,P0179,1,0.1,216.03,Debit Card,Delivered
O000351,2025-10-17,C00820,P0236,1,0.2,383.38,Net Banking,Delivered
O000352,2026-02-10,C01378,P0167,2,0.1,455.53,Cash on Delivery,Delivered
O000353,2025-12-21,C00929,P0079,2,0.05,386.58,Cash on Delivery,Cancelled
O000353,2025-12-21,C00929,P0047,1,0.15,276.34,UPI,Delivered
O000354,2026-02-03,C00194,P0228,2,0.25,349.51,UPI,Delivered
O000355,2024-07-30,C00724,P0064,1,0.1,427.11,Credit Card,Delivered
O000356,2025-09-15,C00427,P0193,1,0.05,320.95,UPI,Delivered
O000357,2025-02-05,C01007,P0161,1,0.1,221.78,Credit Card,Delivered
O000357,2025-02-05,C01007,P0063,1,0.05,238.1,Credit Card,Cancelled
O000358,2024-10-11,C00260,P0247,4,0.15,207.45,UPI,Processing
O000359,2025-08-07,C00112,P0246,4,0.1,156.59,UPI,Cancelled
O000360,2026-03-02,C01184,P0091,1,0.1,305.27,Credit Card,Shipped
O000360,2026-03-02,C01184,P0013,1,0.2,86.63,UPI,Delivered
O000361,2025-11-29,C00926,P0082,1,0.2,186.27,Wallet,Delivered
O000361,2025-11-29,C00926,P0010,1,0.05,184.47,Credit Card,Processing
O000362,2025-08-10,C00639,P0186,1,0.05,109.86,Net Banking,Cancelled
O000363,2025-03-23,C00939,P0195,1,0.05,178.61,UPI,Delivered
O000363,2025-03-23,C00939,P0051,1,0.0,416.66,UPI,Processing
O000364,2025-03-01,C01213,P0127,2,0.1,407.56,UPI,Delivered
O000365,2025-02-05,C01094,P0160,2,0.1,306.04,Net Banking,Cancelled
O000365,2025-02-05,C01094,P0227,2,0.2,44.43,UPI,Delivered
O000366,2025-07-23,C00731,P0109,1,0.05,326.57,Credit Card,Shipped
O000366,2025-07-23,C00731,P0185,1,0.0,323.22,UPI,Shipped
O000367,2025-03-04,C01364,P0142,1,0.0,495.68,Net Banking,Delivered
O000368,2024-09-08,C00321,P0187,2,0.15,61.08,Cash on Delivery,Shipped
O000369,2025-08-17,C01363,P0010,1,0.2,336.3,Net Banking,Processing
O000370,2025-11-15,C01010,P0158,4,0.1,335.36,Credit Card,Delivered
O000371,2025-02-16,C00409,P0116,3,0.1,159.77,Net Banking,Delivered
O000372,2025-11-16,C00965,P0217,2,0.25,449.08,Cash on Delivery,Delivered
O000373,2024-05-08,C00286,P0066,3,0.15,415.92,Cash on Delivery,Shipped
O000373,2024-05-08,C00286,P0120,2,0.0,159.64,UPI,Delivered
O000374,2026-01-26,C00796,P0119,2,0.1,133.44,Cash on Delivery,Processing
O000374,2026-01-26,C00796,P0224,1,0.1,263.24,UPI,Cancelled
O000375,2024-09-01,C01276,P0015,1,0.0,485.28,UPI,Delivered
O000375,2024-09-01,C01276,P0010,1,0.1,414.26,Debit Card,Delivered
O000376,2024-10-16,C01135,P0245,2,0.1,261.96,Cash on Delivery,Delivered
O000376,2024-10-16,C01135,P0193,1,0.0,455.7,UPI,Delivered
O000377,2025-04-22,C00109,P0046,1,0.2,389.48,Debit Card,Shipped
O000378,2024-12-31,C00522,P0058,1,0.1,269.38,UPI,Delivered
O000379,2024-06-05,C01252,P0016,1,0.0,177.79,Credit Card,Delivered
O000379,2024-06-05,C01252,P0119,1,0.1,458.0,Credit Card,Shipped
O000379,2024-06-05,C01252,P0207,2,0.0,347.52,Debit Card,Cancelled
O000380,2024-05-30,C00576,P0028,1,0.05,174.27,Credit Card,Delivered
O000381,2026-03-19,C00210,P0121,1,0.15,455.25,Debit Card,Shipped
O000382,2025-09-14,C00394,P0083,1,0.2,131.61,UPI,Delivered
O000382,2025-09-14,C00394,P0128,2,0.25,456.7,Credit Card,Processing
O000383,2026-01-13,C00320,P0112,2,0.2,196.1,UPI,Delivered
O000384,2025-06-17,C01132,P0213,1,0.2,162.44,Cash on Delivery,Delivered
O000384,2025-06-17,C01132,P0041,1,0.1,167.59,UPI,Processing
O000385,2025-01-03,C01367,P0125,1,0.1,362.4,Debit Card,Processing
O000386,2025-05-18,C01412,P0240,1,0.1,193.14,UPI,Delivered
O000386,2025-05-18,C01412,P0242,1,0.2,141.14,Debit Card,Delivered
O000387,2024-11-16,C00247,P0236,2,0.15,416.42,Cash on Delivery,Delivered
O000388,2025-08-15,C01321,P0092,1,0.2,457.37,UPI,Processing
O000389,2024-10-08,C00087,P0047,1,0.0,375.65,Credit Card,Cancelled
O000390,2025-10-22,C00642,P0008,1,0.0,280.9,Credit Card,Shipped
O000391,2026-02-11,C00348,P0026,2,0.15,61.46,Debit Card,Cancelled
O000391,2026-02-11,C00348,P0250,2,0.05,489.04,UPI,Delivered
O000392,2024-12-16,C00160,P0154,1,0.1,256.18,Wallet,Shipped
O000393,2024-11-25,C01471,P0031,2,0.1,107.87,UPI,Shipped
O000393,2024-11-25,C01471,P0172,1,0.05,192.79,UPI,Processing
O000393,2024-11-25,C01471,P0099,1,0.3,417.47,Net Banking,Delivered
O000394,2024-10-20,C01337,P0096,2,0.1,116.98,Debit Card,Delivered
O000395,2024-06-06,C01423,P0078,1,0.1,172.28,Wallet,Processing
O000396,2025-04-19,C01356,P0120,1,0.05,310.54,Wallet,Cancelled
O000397,2024-05-22,C00721,P0021,2,0.2,27.59,UPI,Processing
O000398,2024-04-26,C01024,P0047,1,0.1,127.14,Credit Card,Processing
O000399,2025-11-06,C01317,P0112,1,0.0,86.5,UPI,Cancelled
O000400,2025-07-01,C00362,P0086,1,0.1,334.51,Debit Card,Shipped
O000400,2025-07-01,C00362,P0147,2,0.1,123.35,Cash on Delivery,Processing
O000401,2024-11-08,C01465,P0087,1,0.05,30.14,Credit Card,Cancelled
O000402,2025-04-11,C00397,P0116,1,0.0,147.6,Credit Card,Delivered
O000403,2025-05-03,C00434,P0044,3,0.1,84.06,Debit Card,Processing
O000404,2026-02-20,C00695,P0159,3,0.15,214.36,UPI,Delivered
O000405,2024-06-22,C00342,P0088,1,0.1,477.61,UPI,Cancelled
O000406,2025-04-13,C01352,P0121,1,0.2,173.84,Cash on Delivery,Cancelled
O000406,2025-04-13,C01352,P0240,1,0.1,401.99,UPI,Delivered
O000407,2025-02-03,C00394,P0149,2,0.15,385.0,Net Banking,Delivered
O000408,2024-05-12,C01023,P0072,2,0.05,151.42,Net Banking,Cancelled
O000409,2025-12-10,C00889,P0201,1,0.1,97.01,Net Banking,Cancelled
O000410,2024-04-12,C01128,P0027,2,0.25,307.16,UPI,Delivered
O000410,2024-04-12,C01128,P0116,1,0.1,173.4,Cash on Delivery,Delivered
O000411,2026-02-22,C01093,P0028,1,0.15,46.82,UPI,Processing
O000412,2025-11-08,C00970,P0092,1,0.2,317.39,Wallet,Delivered
O000412,2025-11-08,C00970,P0135,1,0.0,126.13,UPI,Delivered
O000413,2024-09-23,C00695,P0115,3,0.05,315.21,Cash on Delivery,Delivered
O000413,2024-09-23,C00695,P0155,1,0.0,494.71,UPI,Delivered
O000414,2025-02-04,C00850,P0131,2,0.05,63.33,UPI,Processing
O000414,2025-02-04,C00850,P0193,1,0.1,156.27,Credit Card,Delivered
O000415,2024-07-20,C00136,P0165,1,0.15,487.52,Credit Card,Delivered
O000416,2024-06-30,C00941,P0197,1,0.2,416.79,UPI,Processing
O000416,2024-06-30,C00941,P0076,1,0.05,283.28,Debit Card,Cancelled
O000417,2024-09-07,C00052,P0150,1,0.1,42.28,UPI,Delivered
O000417,2024-09-07,C00052,P0206,3,0.1,286.43,Credit Card,Delivered
O000418,2024-07-23,C00477,P0035,1,0.0,172.5,Credit Card,Shipped
O000418,2024-07-23,C00477,P0019,3,0.25,123.49,UPI,Delivered
O000418,2024-07-23,C00477,P0046,1,0.1,104.06,Net Banking,Delivered
O000419,2025-10-27,C01193,P0019,1,0.1,403.83,Net Banking,Delivered
O000420,2025-08-12,C00982,P0065,1,0.15,233.34,Net Banking,Delivered
O000421,2025-06-08,C00678,P0235,1,0.0,266.92,UPI,Cancelled
O000421,2025-06-08,C00678,P0048,2,0.1,51.65,Credit Card,Shipped
O000421,2025-06-08,C00678,P0049,1,0.0,214.49,UPI,Delivered
O000422,2025-06-04,C01102,P0068,3,0.15,232.27,UPI,Delivered
O000422,2025-06-04,C01102,P0196,3,0.15,237.63,Wallet,Delivered
O000423,2024-09-05,C01442,P0234,3,0.05,154.17,Debit Card,Delivered
O000423,2024-09-05,C01442,P0191,1,0.1,432.04,Credit Card,Delivered
O000424,2024-12-23,C01140,P0131,1,0.05,210.21,Credit Card,Shipped
O000425,2025-01-07,C01097,P0067,1,0.1,131.06,Net Banking,Delivered
O000425,2025-01-07,C01097,P0162,1,0.15,350.98,UPI,Delivered
O000426,2024-10-01,C00517,P0081,1,0.0,470.46,Credit Card,Cancelled
O000427,2024-06-12,C00789,P0148,1,0.05,462.89,UPI,Delivered
O000427,2024-06-12,C00789,P0029,1,0.15,84.59,Debit Card,Delivered
O000428,2025-02-23,C01352,P0059,1,0.1,373.89,UPI,Delivered
O000429,2025-03-22,C00479,P0242,1,0.1,87.6,UPI,Shipped
O000430,2025-08-18,C00775,P0088,2,0.2,53.84,Cash on Delivery,Delivered
O000431,2024-12-08,C00778,P0249,4,0.05,279.98,UPI,Delivered
O000432,2025-09-30,C01182,P0224,1,0.2,498.29,UPI,Cancelled
O000433,2025-09-12,C01213,P0196,4,0.1,488.13,Wallet,Delivered
O000434,2025-11-24,C00569,P0117,1,0.05,394.7,Net Banking,Delivered
O000435,2025-07-27,C00385,P0024,1,0.1,81.67,Credit Card,Processing
O000436,2025-05-26,C00947,P0151,1,0.05,331.01,Debit Card,Delivered
O000437,2024-12-02,C01238,P0092,2,0.1,391.09,Credit Card,Delivered
O000437,2024-12-02,C01238,P0044,1,0.0,208.82,Credit Card,Processing
O000438,2024-04-20,C01371,P0154,1,0.1,46.5,Debit Card,Delivered
O000438,2024-04-20,C01371,P0218,1,0.15,373.26,Credit Card,Delivered
O000438,2024-04-20,C01371,P0016,2,0.05,315.71,Cash on Delivery,Delivered
O000439,2025-06-08,C00342,P0183,2,0.0,271.58,UPI,Shipped
O000439,2025-06-08,C00342,P0122,1,0.05,485.63,UPI,Shipped
O000440,2025-06-04,C01321,P0133,1,0.1,353.17,Debit Card,Cancelled
O000441,2024-04-03,C00229,P0117,1,0.1,70.26,UPI,Cancelled
O000442,2025-01-04,C00894,P0192,1,0.1,419.26,Credit Card,Delivered
O000443,2024-06-13,C00543,P0092,1,0.05,34.16,Credit Card,Shipped
O000444,2025-04-06,C01242,P0005,1,0.1,297.46,Cash on Delivery,Delivered
O000444,2025-04-06,C01242,P0141,2,0.1,308.87,UPI,Cancelled
O000444,2025-04-06,C01242,P0231,1,0.15,189.0,Net Banking,Delivered
O000445,2024-05-25,C01260,P0008,2,0.0,246.87,Credit Card,Shipped
O000445,2024-05-25,C01260,P0181,2,0.1,43.9,UPI,Delivered
O000446,2025-11-11,C00951,P0169,1,0.05,221.55,Net Banking,Delivered
O000447,2025-07-23,C00313,P0198,1,0.1,440.84,Credit Card,Delivered
O000447,2025-07-23,C00313,P0120,1,0.1,261.22,UPI,Delivered
O000448,2026-01-12,C00585,P0136,2,0.0,294.89,Credit Card,Processing
O000449,2025-10-11,C00210,P0009,1,0.0,335.84,Net Banking,Delivered
O000449,2025-10-11,C00210,P0184,1,0.1,160.58,Debit Card,Delivered
O000449,2025-10-11,C00210,P0107,1,0.1,419.81,Debit Card,Delivered
O000450,2026-03-17,C01330,P0107,1,0.0,323.14,Credit Card,Delivered
O000450,2026-03-17,C01330,P0089,1,0.1,358.35,Debit Card,Delivered
O000451,2024-10-12,C00791,P0085,1,0.1,63.59,Credit Card,Delivered
O000452,2025-04-26,C00384,P0243,1,0.2,179.65,UPI,Shipped
O000453,2024-11-02,C01201,P0088,1,0.05,162.39,Credit Card,Delivered
O000454,2025-09-05,C00451,P0216,2,0.2,396.31,Debit Card,Delivered
O000455,2024-11-05,C01142,P0104,1,0.1,261.92,Wallet,Processing
O000455,2024-11-05,C01142,P0191,1,0.05,102.24,UPI,Processing
O000455,2024-11-05,C01142,P0077,1,0.05,371.55,Credit Card,Delivered
O000456,2024-12-29,C00581,P0224,2,0.15,180.04,Credit Card,Delivered
O000457,2026-03-12,C01286,P0100,2,0.0,368.7,Net Banking,Delivered
O000458,2025-07-15,C00821,P0229,1,0.1,278.49,UPI,Delivered
O000458,2025-07-15,C00821,P0184,1,0.15,139.66,Net Banking,Delivered
O000459,2024-08-11,C00580,P0051,2,0.1,98.38,Net Banking,Shipped
O000460,2024-11-20,C00018,P0127,1,0.05,479.23,Cash on Delivery,Delivered
O000460,2024-11-20,C00018,P0003,3,0.15,498.81,UPI,Delivered
O000461,2024-08-30,C00269,P0077,1,0.15,359.23,Credit Card,Shipped
O000462,2026-01-30,C00733,P0068,1,0.05,312.92,Cash on Delivery,Shipped
O000463,2025-09-08,C01384,P0250,1,0.1,393.77,Cash on Delivery,Cancelled
O000464,2025-04-28,C00932,P0211,1,0.15,82.76,UPI,Delivered
O000465,2025-10-30,C01448,P0039,1,0.1,175.99,UPI,Delivered
O000466,2024-05-15,C01459,P0216,1,0.2,194.5,Debit Card,Processing
O000467,2025-11-18,C01059,P0227,1,0.15,245.59,Debit Card,Shipped
O000468,2025-02-28,C01273,P0211,4,0.05,133.51,Credit Card,Delivered
O000468,2025-02-28,C01273,P0023,1,0.2,447.13,Debit Card,Processing
O000469,2024-08-06,C00513,P0227,1,0.1,455.34,UPI,Delivered
O000469,2024-08-06,C00513,P0234,1,0.05,167.92,Cash on Delivery,Delivered
O000470,2024-12-19,C01043,P0076,1,0.15,144.58,Credit Card,Delivered
O000470,2024-12-19,C01043,P0042,2,0.0,252.69,Cash on Delivery,Delivered
O000471,2026-01-25,C01153,P0245,1,0.2,170.65,Credit Card,Cancelled
O000472,2024-12-23,C01274,P0186,1,0.15,182.16,UPI,Delivered
O000472,2024-12-23,C01274,P0123,1,0.05,282.52,Credit Card,Cancelled
O000473,2024-11-12,C00217,P0180,1,0.2,214.13,Credit Card,Shipped
O000474,2024-09-20,C00861,P0197,1,0.05,296.78,UPI,Delivered
O000475,2025-08-21,C00741,P0248,3,0.0,449.81,UPI,Delivered
O000476,2025-03-23,C00429,P0110,1,0.15,367.1,Credit Card,Delivered
O000476,2025-03-23,C00429,P0082,2,0.15,498.6,Net Banking,Shipped
O000477,2024-05-15,C01236,P0201,3,0.1,53.61,Credit Card,Processing
O000477,2024-05-15,C01236,P0019,1,0.3,249.15,Credit Card,Delivered
O000478,2026-03-06,C01235,P0223,1,0.05,122.72,UPI,Shipped
O000479,2026-03-26,C00825,P0176,1,0.1,181.98,Cash on Delivery,Delivered
O000480,2024-08-21,C00081,P0067,1,0.05,312.07,Net Banking,Processing
O000481,2024-06-30,C00937,P0077,4,0.15,219.85,Cash on Delivery,Delivered
O000482,2024-09-20,C00536,P0129,1,0.05,396.43,Credit Card,Delivered
O000482,2024-09-20,C00536,P0169,1,0.1,271.71,Cash on Delivery,Delivered
O000483,2024-10-03,C00669,P0052,1,0.1,204.39,Net Banking,Delivered
O000483,2024-10-03,C00669,P0117,1,0.0,122.91,Wallet,Delivered
O000484,2025-10-04,C00242,P0118,1,0.0,392.23,Debit Card,Cancelled
O000484,2025-10-04,C00242,P0041,2,0.1,455.29,UPI,Processing
O000484,2025-10-04,C00242,P0163,1,0.1,31.17,UPI,Delivered
O000485,2024-07-24,C00236,P0204,1,0.2,100.27,Wallet,Delivered
O000486,2025-04-08,C00203,P0078,2,0.25,356.59,Credit Card,Shipped
O000486,2025-04-08,C00203,P0213,1,0.05,376.09,Debit Card,Delivered
O000487,2024-09-25,C01195,P0184,1,0.1,287.42,UPI,Delivered
O000487,2024-09-25,C01195,P0249,1,0.15,175.52,Credit Card,Delivered
O000488,2025-12-16,C01412,P0021,1,0.15,26.65,UPI,Delivered
O000489,2026-03-05,C00239,P0101,3,0.1,84.31,Credit Card,Processing
O000489,2026-03-05,C00239,P0018,1,0.2,346.01,Wallet,Delivered
O000490,2024-07-14,C01081,P0025,1,0.1,407.99,Cash on Delivery,Shipped
O000491,2024-05-04,C01279,P0182,1,0.15,375.14,UPI,Delivered
O000492,2026-03-07,C00571,P0230,1,0.15,376.33,UPI,Delivered
O000492,2026-03-07,C00571,P0184,4,0.25,385.61,Net Banking,Cancelled
O000492,2026-03-07,C00571,P0155,1,0.0,50.7,Wallet,Delivered
O000493,2024-04-08,C00578,P0078,1,0.0,113.18,Credit Card,Shipped
O000494,2025-12-07,C01486,P0212,1,0.05,392.29,Net Banking,Delivered
O000495,2025-04-28,C00026,P0075,3,0.0,389.89,Wallet,Delivered
O000495,2025-04-28,C00026,P0039,1,0.15,286.33,Credit Card,Delivered
O000495,2025-04-28,C00026,P0165,1,0.2,285.03,Wallet,Delivered
O000496,2025-03-07,C01191,P0173,2,0.1,434.62,Credit Card,Delivered
O000496,2025-03-07,C01191,P0246,4,0.25,324.42,Credit Card,Delivered
O000497,2025-12-04,C01482,P0088,1,0.05,453.52,Wallet,Delivered
O000498,2024-08-26,C01161,P0169,1,0.1,131.47,UPI,Delivered
O000499,2025-10-16,C00925,P0221,1,0.1,110.07,UPI,Shipped
O000500,2026-02-15,C00215,P0177,1,0.25,296.42,Debit Card,Delivered
O000501,2024-11-29,C00663,P0121,1,0.05,167.5,UPI,Delivered
O000502,2025-01-27,C00670,P0139,1,0.1,189.19,Net Banking,Processing
O000502,2025-01-27,C00670,P0206,2,0.15,479.2,UPI,Cancelled
O000503,2025-07-18,C00820,P0247,1,0.1,220.83,UPI,Delivered
O000504,2024-11-04,C00103,P0046,2,0.05,341.55,Credit Card,Delivered
O000505,2024-07-29,C00444,P0194,2,0.15,79.32,Credit Card,Cancelled
O000506,2024-10-09,C01248,P0224,1,0.1,274.25,Credit Card,Delivered
O000507,2026-02-06,C01053,P0155,2,0.05,108.4,Wallet,Delivered
O000507,2026-02-06,C01053,P0187,1,0.25,233.66,UPI,Delivered
O000508,2024-05-19,C00368,P0200,2,0.1,108.14,Debit Card,Delivered
O000508,2024-05-19,C00368,P0168,1,0.1,493.87,Debit Card,Delivered
O000508,2024-05-19,C00368,P0129,1,0.15,160.37,Credit Card,Delivered
O000509,2024-12-18,C00737,P0242,3,0.1,112.95,Credit Card,Cancelled
O000509,2024-12-18,C00737,P0093,1,0.05,78.31,Net Banking,Delivered
O000510,2025-11-24,C00504,P0015,1,0.25,203.0,Net Banking,Processing
O000511,2025-06-21,C00184,P0140,1,0.15,488.48,Debit Card,Delivered
O000511,2025-06-21,C00184,P0199,3,0.1,135.58,UPI,Delivered
O000512,2025-01-17,C01174,P0033,1,0.0,74.72,UPI,Delivered
O000512,2025-01-17,C01174,P0178,1,0.2,445.23,Credit Card,Delivered
O000513,2024-10-14,C00661,P0139,1,0.1,248.47,Debit Card,Processing
O000513,2024-10-14,C00661,P0032,1,0.15,329.84,Credit Card,Delivered
O000514,2024-09-03,C00452,P0055,1,0.0,36.07,UPI,Processing
O000515,2025-11-14,C00897,P0026,1,0.1,239.54,Credit Card,Delivered
O000515,2025-11-14,C00897,P0010,1,0.15,154.54,Debit Card,Processing
O000516,2024-05-27,C00406,P0062,2,0.25,326.39,Wallet,Delivered
O000517,2025-10-05,C00775,P0192,1,0.1,452.51,Credit Card,Shipped
O000518,2025-05-25,C00880,P0231,1,0.1,355.4,Wallet,Delivered
O000519,2025-05-29,C01065,P0226,1,0.25,134.95,Wallet,Cancelled
O000520,2026-03-11,C01063,P0233,1,0.1,51.99,UPI,Delivered
O000521,2025-12-02,C01262,P0100,2,0.15,76.25,Wallet,Cancelled
O000522,2026-03-09,C00765,P0229,1,0.15,76.8,UPI,Delivered
O000522,2026-03-09,C00765,P0066,2,0.15,315.1,Debit Card,Delivered
O000522,2026-03-09,C00765,P0018,1,0.1,55.08,Debit Card,Delivered
O000523,2024-08-09,C00474,P0144,2,0.05,248.47,Wallet,Delivered
O000524,2024-12-18,C00878,P0025,1,0.1,186.62,Wallet,Delivered
O000525,2025-05-01,C00081,P0163,2,0.25,37.97,Credit Card,Shipped
O000526,2026-03-20,C01287,P0084,2,0.05,467.19,Debit Card,Processing
O000526,2026-03-20,C01287,P0236,1,0.0,491.81,UPI,Delivered
O000527,2025-04-06,C00709,P0059,3,0.15,390.09,Credit Card,Shipped
O000527,2025-04-06,C00709,P0173,1,0.25,224.52,Wallet,Delivered
O000528,2025-09-18,C00714,P0102,1,0.3,65.92,Credit Card,Delivered
O000528,2025-09-18,C00714,P0245,1,0.2,227.51,Credit Card,Delivered
O000529,2024-06-10,C01219,P0181,1,0.2,456.22,UPI,Shipped
O000530,2026-03-24,C00750,P0068,1,0.2,183.42,Net Banking,Delivered
O000530,2026-03-24,C00750,P0011,1,0.15,431.3,UPI,Delivered
O000531,2025-07-18,C00805,P0079,1,0.05,243.27,UPI,Cancelled
O000531,2025-07-18,C00805,P0180,1,0.1,33.08,Cash on Delivery,Cancelled
O000532,2026-02-20,C01159,P0233,1,0.1,343.55,UPI,Delivered
O000532,2026-02-20,C01159,P0186,1,0.05,402.03,UPI,Processing
O000533,2026-03-02,C01040,P0089,1,0.0,276.28,Debit Card,Delivered
O000533,2026-03-02,C01040,P0197,1,0.1,275.41,UPI,Delivered
O000534,2025-03-11,C01344,P0127,2,0.1,169.12,Debit Card,Processing
O000535,2024-09-04,C01279,P0176,1,0.1,413.68,Net Banking,Cancelled
O000536,2025-01-08,C01283,P0137,1,0.2,257.57,Cash on Delivery,Delivered
O000537,2025-12-27,C00169,P0059,1,0.1,277.47,Wallet,Delivered
O000538,2025-06-10,C00572,P0236,2,0.15,176.76,Cash on Delivery,Delivered
O000538,2025-06-10,C00572,P0133,1,0.05,85.8,Debit Card,Delivered
O000539,2025-08-19,C00544,P0211,2,0.0,181.89,UPI,Shipped
O000539,2025-08-19,C00544,P0237,1,0.05,131.64,Credit Card,Delivered
O000539,2025-08-19,C00544,P0078,1,0.1,130.84,Debit Card,Processing
O000540,2026-02-15,C00658,P0149,1,0.0,452.87,UPI,Cancelled
O000541,2025-01-28,C01167,P0211,1,0.1,151.53,UPI,Delivered
O000541,2025-01-28,C01167,P0030,2,0.15,106.48,Cash on Delivery,Processing
O000541,2025-01-28,C01167,P0044,3,0.0,429.31,Credit Card,Shipped
O000542,2025-11-30,C00608,P0204,4,0.1,366.59,Credit Card,Delivered
O000543,2026-03-23,C01115,P0055,2,0.0,446.25,Debit Card,Delivered
O000544,2025-11-22,C00336,P0207,1,0.05,255.33,UPI,Delivered
O000545,2024-04-05,C00547,P0033,1,0.05,322.98,UPI,Cancelled
O000546,2025-12-04,C00090,P0178,1,0.0,80.96,UPI,Delivered
O000546,2025-12-04,C00090,P0005,1,0.2,184.54,UPI,Processing
O000547,2024-08-30,C01014,P0036,3,0.0,149.16,Cash on Delivery,Delivered
O000547,2024-08-30,C01014,P0078,3,0.1,255.61,Net Banking,Shipped
O000548,2025-04-01,C01180,P0089,1,0.3,54.78,UPI,Delivered
O000548,2025-04-01,C01180,P0247,1,0.15,138.53,Cash on Delivery,Delivered
O000548,2025-04-01,C01180,P0155,1,0.1,337.81,UPI,Shipped
O000549,2025-02-20,C01168,P0096,1,0.05,88.96,UPI,Delivered
O000549,2025-02-20,C01168,P0094,1,0.05,28.58,UPI,Shipped
O000550,2024-08-28,C00600,P0096,3,0.0,35.51,UPI,Delivered
O000551,2024-05-07,C00608,P0188,1,0.1,259.18,Cash on Delivery,Delivered
O000552,2025-04-21,C00379,P0212,1,0.15,34.55,Credit Card,Processing
O000553,2025-04-09,C01031,P0233,2,0.1,353.52,Net Banking,Shipped
O000554,2025-08-12,C00605,P0145,3,0.1,395.73,UPI,Cancelled
O000555,2025-07-13,C00417,P0209,2,0.05,31.51,Credit Card,Delivered
O000556,2026-03-09,C01313,P0052,2,0.05,166.29,Cash on Delivery,Delivered
O000556,2026-03-09,C01313,P0247,1,0.1,134.87,Net Banking,Cancelled
O000556,2026-03-09,C01313,P0249,1,0.2,103.6,UPI,Shipped
O000557,2025-07-14,C00074,P0118,1,0.15,202.66,UPI,Cancelled
O000557,2025-07-14,C00074,P0023,1,0.1,222.35,Credit Card,Cancelled
O000558,2025-08-25,C00631,P0115,1,0.05,297.64,UPI,Delivered
O000558,2025-08-25,C00631,P0152,4,0.1,34.12,Cash on Delivery,Delivered
O000559,2024-12-11,C00746,P0040,1,0.05,169.01,UPI,Delivered
O000560,2024-08-01,C00476,P0162,2,0.0,116.46,Wallet,Delivered
O000560,2024-08-01,C00476,P0200,1,0.2,365.61,UPI,Delivered
O000560,2024-08-01,C00476,P0177,1,0.0,333.72,UPI,Cancelled
O000561,2025-12-09,C00591,P0168,1,0.1,259.98,Wallet,Delivered
O000561,2025-12-09,C00591,P0199,2,0.15,383.31,Credit Card,Delivered
O000562,2025-07-02,C01393,P0088,1,0.15,320.08,UPI,Processing
O000562,2025-07-02,C01393,P0141,1,0.25,33.96,UPI,Cancelled
O000563,2024-11-06,C00873,P0214,1,0.3,105.76,Credit Card,Processing
O000564,2024-08-25,C01500,P0084,1,0.0,495.31,Cash on Delivery,Delivered
O000564,2024-08-25,C01500,P0054,1,0.0,291.21,Net Banking,Delivered
O000565,2025-02-20,C00892,P0173,4,0.2,277.21,UPI,Shipped
O000566,2025-03-16,C01227,P0233,1,0.15,31.82,UPI,Shipped
O000566,2025-03-16,C01227,P0136,1,0.25,33.58,Credit Card,Shipped
O000567,2026-03-05,C01269,P0164,1,0.1,284.65,UPI,Cancelled
O000568,2025-10-04,C01160,P0061,2,0.05,373.72,Debit Card,Delivered
O000569,2025-10-08,C01280,P0060,1,0.1,221.8,Cash on Delivery,Shipped
O000570,2025-03-24,C00058,P0101,1,0.0,90.85,Net Banking,Delivered
O000570,2025-03-24,C00058,P0110,2,0.1,171.96,Debit Card,Delivered
O000571,2026-01-12,C01175,P0108,1,0.0,206.06,Net Banking,Delivered
O000572,2026-01-24,C01491,P0202,2,0.3,345.2,Debit Card,Delivered
O000573,2025-10-06,C00045,P0027,2,0.0,180.89,Credit Card,Shipped
O000574,2025-06-22,C00832,P0187,1,0.1,448.18,Credit Card,Delivered
O000575,2024-04-22,C01319,P0118,1,0.15,497.23,UPI,Delivered
O000576,2025-04-09,C00116,P0006,1,0.1,313.34,UPI,Delivered
O000577,2024-04-23,C00049,P0115,1,0.1,137.92,Debit Card,Cancelled
O000578,2024-07-29,C01359,P0009,1,0.1,227.91,UPI,Shipped
O000579,2024-11-06,C00681,P0089,2,0.15,446.84,UPI,Delivered
O000579,2024-11-06,C00681,P0057,1,0.15,199.73,Wallet,Shipped
O000580,2025-09-02,C01154,P0089,2,0.05,217.24,UPI,Delivered
O000580,2025-09-02,C01154,P0121,1,0.1,56.84,Credit Card,Processing
O000581,2026-02-27,C00376,P0020,1,0.1,494.8,Credit Card,Delivered
O000582,2024-06-21,C00635,P0037,1,0.15,323.31,Net Banking,Cancelled
O000582,2024-06-21,C00635,P0054,2,0.05,401.55,UPI,Delivered
O000583,2024-09-19,C01210,P0146,1,0.25,137.27,Net Banking,Shipped
O000583,2024-09-19,C01210,P0167,1,0.1,298.63,UPI,Cancelled
O000583,2024-09-19,C01210,P0173,4,0.2,95.24,Debit Card,Delivered
O000584,2024-12-24,C01351,P0066,2,0.0,400.52,Debit Card,Processing
O000585,2025-12-13,C00660,P0184,3,0.15,138.5,Credit Card,Delivered
O000586,2024-04-24,C00403,P0194,1,0.1,90.65,Credit Card,Delivered
O000587,2025-06-06,C01233,P0134,2,0.05,477.64,Wallet,Processing
O000588,2024-06-28,C00847,P0117,1,0.05,379.42,Debit Card,Cancelled
O000589,2024-11-30,C00499,P0140,3,0.05,118.74,UPI,Delivered
O000590,2024-12-03,C00066,P0231,1,0.15,176.56,UPI,Shipped
O000590,2024-12-03,C00066,P0248,1,0.0,279.47,UPI,Shipped
O000591,2025-11-25,C01467,P0171,1,0.0,157.99,UPI,Delivered
O000592,2025-08-20,C01335,P0138,1,0.2,231.95,Wallet,Cancelled
O000592,2025-08-20,C01335,P0163,1,0.1,223.02,UPI,Delivered
O000593,2025-03-24,C00026,P0062,1,0.1,426.91,Wallet,Processing
O000594,2026-03-23,C00419,P0210,2,0.15,119.79,UPI,Delivered
O000595,2025-03-28,C00708,P0046,2,0.05,416.5,Wallet,Delivered
O000595,2025-03-28,C00708,P0131,2,0.1,48.3,UPI,Processing
O000596,2024-09-30,C00941,P0118,1,0.15,289.85,Debit Card,Cancelled
O000597,2024-11-05,C00875,P0102,2,0.05,105.65,Credit Card,Delivered
O000598,2025-01-21,C00841,P0204,1,0.1,457.61,UPI,Processing
O000599,2025-02-24,C01165,P0227,1,0.15,332.04,Net Banking,Delivered
O000600,2024-08-02,C00280,P0164,2,0.15,368.05,Debit Card,Shipped
O000600,2024-08-02,C00280,P0120,1,0.1,247.14,UPI,Delivered
O000601,2024-09-21,C01272,P0063,1,0.15,366.79,UPI,Delivered
O000601,2024-09-21,C01272,P0010,1,0.1,363.33,UPI,Shipped
O000602,2025-09-09,C00408,P0002,2,0.2,146.89,Wallet,Delivered
O000603,2025-02-11,C00708,P0060,1,0.1,40.38,Net Banking,Processing
O000604,2025-08-27,C01277,P0045,1,0.0,146.48,Debit Card,Delivered
O000604,2025-08-27,C01277,P0217,1,0.3,414.26,Credit Card,Delivered
O000605,2026-03-02,C00262,P0069,1,0.05,128.26,UPI,Delivered
O000606,2024-04-09,C00184,P0134,2,0.05,393.5,Credit Card,Delivered
O000607,2025-08-15,C00721,P0163,1,0.1,252.0,UPI,Processing
O000607,2025-08-15,C00721,P0097,1,0.0,229.78,UPI,Delivered
O000608,2025-12-12,C00015,P0191,1,0.2,372.9,UPI,Shipped
O000608,2025-12-12,C00015,P0194,1,0.05,420.88,Cash on Delivery,Delivered
O000608,2025-12-12,C00015,P0168,1,0.05,446.57,UPI,Delivered
O000609,2025-06-27,C00139,P0248,1,0.1,190.41,Credit Card,Processing
O000610,2025-05-24,C01445,P0085,1,0.2,480.97,UPI,Delivered
O000610,2025-05-24,C01445,P0128,1,0.2,237.31,Cash on Delivery,Cancelled
O000611,2026-02-12,C00459,P0146,1,0.1,447.96,Net Banking,Delivered
O000612,2025-04-06,C00448,P0155,1,0.0,392.93,UPI,Delivered
O000613,2024-08-01,C00382,P0187,2,0.2,156.05,Net Banking,Cancelled
O000614,2025-03-03,C00341,P0154,2,0.05,478.49,Wallet,Delivered
O000615,2025-11-11,C01291,P0043,2,0.05,37.18,UPI,Delivered
O000616,2025-07-12,C00708,P0148,1,0.2,121.42,Debit Card,Processing
O000617,2024-04-06,C00964,P0044,1,0.1,260.0,UPI,Cancelled
O000618,2025-12-25,C00411,P0130,1,0.05,236.84,Debit Card,Delivered
O000619,2026-03-10,C00656,P0062,2,0.0,49.84,Credit Card,Delivered
O000620,2025-07-03,C01460,P0180,1,0.1,69.1,Credit Card,Cancelled
O000621,2025-11-17,C00871,P0225,1,0.25,439.93,Credit Card,Delivered
O000622,2025-03-04,C00797,P0249,2,0.3,225.77,Cash on Delivery,Delivered
O000622,2025-03-04,C00797,P0175,1,0.15,306.78,Credit Card,Delivered
O000623,2026-01-07,C00585,P0074,1,0.1,275.71,Cash on Delivery,Delivered
O000623,2026-01-07,C00585,P0194,1,0.1,170.05,Net Banking,Shipped
O000624,2024-08-31,C00828,P0021,2,0.05,183.19,Credit Card,Delivered
O000624,2024-08-31,C00828,P0044,1,0.15,433.79,Net Banking,Shipped
O000625,2024-07-26,C00725,P0209,1,0.0,75.89,UPI,Cancelled
O000625,2024-07-26,C00725,P0067,1,0.2,484.92,UPI,Delivered
O000626,2025-06-04,C00644,P0080,1,0.2,31.55,Cash on Delivery,Delivered
O000626,2025-06-04,C00644,P0056,2,0.15,255.85,Credit Card,Delivered
O000627,2025-01-27,C00098,P0042,1,0.1,117.11,Credit Card,Shipped
O000628,2025-12-29,C00016,P0193,2,0.15,497.96,Credit Card,Delivered
O000628,2025-12-29,C00016,P0092,1,0.15,37.16,Cash on Delivery,Delivered
O000628,2025-12-29,C00016,P0136,3,0.05,245.67,Net Banking,Shipped
O000629,2025-09-02,C01343,P0013,1,0.25,138.16,UPI,Delivered
O000629,2025-09-02,C01343,P0014,2,0.1,376.25,Debit Card,Processing
O000629,2025-09-02,C01343,P0005,1,0.2,70.01,Debit Card,Cancelled
O000630,2024-09-25,C01030,P0210,1,0.0,449.51,Debit Card,Delivered
O000631,2024-07-29,C00018,P0235,1,0.2,438.55,Wallet,Shipped
O000631,2024-07-29,C00018,P0067,1,0.05,166.75,Wallet,Delivered
O000632,2026-02-04,C00758,P0079,1,0.05,66.51,UPI,Delivered
O000633,2024-12-04,C00823,P0059,1,0.1,242.07,Credit Card,Processing
O000634,2024-08-29,C00557,P0025,1,0.1,410.18,Debit Card,Delivered
O000635,2024-06-12,C01428,P0155,1,0.1,155.73,Credit Card,Delivered
O000636,2026-03-30,C01414,P0011,3,0.1,159.84,UPI,Delivered
O000637,2025-03-18,C00662,P0141,3,0.05,112.7,Credit Card,Delivered
O000638,2025-09-28,C00027,P0233,3,0.0,332.49,UPI,Delivered
O000639,2024-08-16,C01056,P0005,2,0.1,217.64,UPI,Cancelled
O000640,2026-03-27,C00056,P0196,1,0.1,498.06,Wallet,Delivered
O000641,2024-07-21,C01073,P0021,1,0.2,404.81,UPI,Shipped
O000642,2026-01-22,C00396,P0109,1,0.15,227.6,Net Banking,Delivered
O000642,2026-01-22,C00396,P0070,1,0.2,199.34,Wallet,Delivered
O000643,2026-01-23,C00612,P0216,4,0.2,400.12,Wallet,Processing
O000644,2025-08-07,C00455,P0209,2,0.0,314.39,Credit Card,Delivered
O000645,2025-05-22,C00623,P0239,1,0.0,326.91,Credit Card,Shipped
O000646,2025-11-24,C00801,P0086,1,0.3,222.11,Debit Card,Delivered
O000647,2025-01-25,C01000,P0073,1,0.15,383.62,Credit Card,Delivered
O000648,2026-01-25,C00668,P0066,1,0.05,91.26,Debit Card,Delivered
O000648,2026-01-25,C00668,P0233,2,0.05,416.84,Debit Card,Processing
O000649,2024-06-07,C00768,P0050,3,0.0,308.22,Credit Card,Shipped
O000650,2025-10-26,C00683,P0192,1,0.2,450.52,Debit Card,Delivered
O000651,2025-12-02,C00161,P0014,2,0.1,388.28,UPI,Cancelled
O000652,2025-01-25,C00506,P0008,2,0.1,300.6,Wallet,Processing
O000653,2025-05-14,C00762,P0100,1,0.0,223.28,Credit Card,Delivered
O000654,2026-01-21,C00621,P0076,1,0.15,401.59,UPI,Delivered
O000655,2024-06-30,C00096,P0165,2,0.25,459.15,UPI,Delivered
O000655,2024-06-30,C00096,P0089,1,0.15,373.51,UPI,Delivered
O000656,2025-03-02,C01354,P0052,1,0.15,334.56,Credit Card,Delivered
O000656,2025-03-02,C01354,P0243,1,0.15,212.31,Net Banking,Processing
O000657,2024-08-26,C01037,P0031,2,0.0,61.02,Cash on Delivery,Cancelled
O000657,2024-08-26,C01037,P0219,2,0.3,411.62,Cash on Delivery,Delivered
O000657,2024-08-26,C01037,P0199,2,0.05,278.49,UPI,Delivered
O000658,2024-06-27,C01499,P0202,1,0.15,70.7,Credit Card,Delivered
O000659,2025-06-07,C00283,P0099,1,0.1,62.46,Net Banking,Delivered
O000659,2025-06-07,C00283,P0077,1,0.15,371.27,UPI,Delivered
O000660,2024-08-27,C00991,P0144,1,0.2,293.85,Cash on Delivery,Delivered
O000661,2025-02-12,C01028,P0136,1,0.1,338.95,UPI,Processing
O000662,2025-02-18,C00840,P0059,1,0.05,206.38,Wallet,Delivered
O000662,2025-02-18,C00840,P0136,1,0.15,205.86,UPI,Delivered
O000663,2024-05-11,C00738,P0076,1,0.2,486.01,Net Banking,Shipped
O000664,2025-08-07,C00370,P0166,1,0.15,376.9,UPI,Delivered
O000665,2024-10-14,C01197,P0026,1,0.1,110.24,Credit Card,Processing
O000666,2025-01-27,C00705,P0175,2,0.1,337.66,Credit Card,Shipped
O000667,2025-03-02,C00140,P0072,2,0.15,191.01,Net Banking,Delivered
O000668,2025-08-21,C00555,P0170,3,0.15,28.86,Debit Card,Delivered
O000668,2025-08-21,C00555,P0218,1,0.2,329.05,Debit Card,Delivered
O000669,2024-06-03,C00871,P0093,2,0.25,309.74,Credit Card,Delivered
O000669,2024-06-03,C00871,P0043,1,0.15,268.17,Debit Card,Delivered
O000670,2025-05-15,C00716,P0033,1,0.15,338.1,Credit Card,Shipped
O000671,2025-12-07,C01105,P0202,2,0.1,449.47,UPI,Delivered
O000672,2026-03-12,C01034,P0012,1,0.1,412.65,UPI,Delivered
O000673,2024-11-29,C00107,P0006,1,0.2,52.14,UPI,Cancelled
O000674,2025-10-24,C01190,P0224,3,0.0,287.42,UPI,Cancelled
O000675,2024-11-06,C00728,P0212,1,0.25,403.15,Credit Card,Shipped
O000676,2025-06-25,C00952,P0103,1,0.0,490.28,UPI,Processing
O000676,2025-06-25,C00952,P0113,1,0.15,195.14,UPI,Cancelled
O000677,2024-09-12,C01478,P0208,1,0.1,98.88,Cash on Delivery,Delivered
O000677,2024-09-12,C01478,P0139,1,0.05,153.84,UPI,Delivered
O000677,2024-09-12,C01478,P0110,1,0.1,178.87,Cash on Delivery,Delivered
O000678,2024-11-11,C00007,P0229,1,0.15,239.97,Credit Card,Cancelled
O000679,2024-05-23,C00130,P0110,1,0.15,372.38,UPI,Delivered
O000679,2024-05-23,C00130,P0021,1,0.0,328.67,Debit Card,Delivered
O000680,2026-02-28,C01318,P0016,1,0.1,218.89,UPI,Delivered
O000681,2024-05-21,C00061,P0070,1,0.1,356.82,Debit Card,Processing
O000682,2025-09-08,C00310,P0198,3,0.15,57.63,Credit Card,Delivered
O000683,2025-10-24,C00346,P0040,1,0.1,252.11,Net Banking,Cancelled
O000684,2024-07-06,C01331,P0067,1,0.1,211.7,Credit Card,Cancelled
O000684,2024-07-06,C01331,P0124,2,0.0,57.92,Credit Card,Delivered
O000685,2026-01-27,C01379,P0031,1,0.1,68.95,Net Banking,Processing
O000686,2024-04-10,C00015,P0143,2,0.2,407.04,UPI,Cancelled
O000686,2024-04-10,C00015,P0129,1,0.15,382.44,Wallet,Delivered
O000686,2024-04-10,C00015,P0112,1,0.2,456.04,UPI,Delivered
O000687,2024-07-30,C00943,P0240,2,0.05,179.92,UPI,Delivered
O000687,2024-07-30,C00943,P0046,3,0.1,119.52,Credit Card,Delivered
O000687,2024-07-30,C00943,P0244,3,0.1,29.23,Credit Card,Delivered
O000688,2024-06-28,C01307,P0236,3,0.05,446.79,Debit Card,Shipped
O000688,2024-06-28,C01307,P0052,1,0.05,388.24,Wallet,Cancelled
O000689,2026-01-19,C01190,P0006,2,0.1,106.31,Debit Card,Processing
O000690,2025-02-02,C00673,P0048,1,0.1,156.58,Wallet,Delivered
O000690,2025-02-02,C00673,P0121,3,0.05,373.54,Cash on Delivery,Delivered
O000691,2024-08-01,C00764,P0152,1,0.1,171.73,UPI,Cancelled
O000692,2024-10-31,C00125,P0083,1,0.0,96.91,Credit Card,Shipped
O000693,2025-03-06,C00638,P0087,1,0.0,303.38,Net Banking,Delivered
O000694,2025-05-07,C00370,P0214,1,0.1,93.18,UPI,Delivered
O000695,2025-10-17,C01018,P0180,1,0.1,332.0,Cash on Delivery,Delivered
O000695,2025-10-17,C01018,P0188,1,0.1,443.07,UPI,Processing
O000695,2025-10-17,C01018,P0054,1,0.1,146.66,UPI,Cancelled
O000696,2025-12-07,C01405,P0205,1,0.0,61.35,Credit Card,Processing
O000697,2024-12-21,C00802,P0113,1,0.1,483.5,Net Banking,Delivered
O000698,2024-08-19,C00844,P0020,1,0.1,245.12,UPI,Delivered
O000698,2024-08-19,C00844,P0176,1,0.1,452.4,Credit Card,Cancelled
O000699,2025-03-07,C00388,P0047,2,0.2,87.72,UPI,Delivered
O000699,2025-03-07,C00388,P0226,1,0.1,41.43,Debit Card,Delivered
O000700,2024-12-21,C01066,P0125,1,0.05,151.67,Debit Card,Processing
O000700,2024-12-21,C01066,P0233,1,0.15,177.44,UPI,Delivered
O000701,2025-12-07,C00093,P0129,1,0.1,157.43,UPI,Delivered
O000702,2025-04-06,C00884,P0031,3,0.15,484.7,Cash on Delivery,Cancelled
O000702,2025-04-06,C00884,P0023,1,0.05,46.89,UPI,Delivered
O000702,2025-04-06,C00884,P0132,1,0.05,486.75,UPI,Shipped
O000703,2024-07-01,C01435,P0151,2,0.05,353.01,Credit Card,Processing
O000703,2024-07-01,C01435,P0049,1,0.1,116.41,UPI,Delivered
O000704,2026-02-27,C01337,P0197,1,0.1,60.02,Credit Card,Delivered
O000704,2026-02-27,C01337,P0035,4,0.1,81.02,Net Banking,Cancelled
O000705,2024-11-15,C00531,P0219,1,0.1,186.06,UPI,Delivered
O000706,2024-08-19,C00023,P0004,1,0.05,180.34,UPI,Delivered
O000706,2024-08-19,C00023,P0047,1,0.05,243.26,Credit Card,Cancelled
O000707,2025-06-16,C01094,P0191,1,0.05,29.69,Cash on Delivery,Processing
O000708,2025-06-23,C01163,P0089,3,0.05,57.02,UPI,Cancelled
O000709,2024-08-19,C00816,P0227,1,0.1,346.21,Credit Card,Processing
O000709,2024-08-19,C00816,P0104,1,0.0,339.19,Credit Card,Delivered
O000710,2024-04-17,C00294,P0120,2,0.05,370.81,Debit Card,Delivered
O000711,2024-10-07,C00678,P0067,1,0.05,214.02,Debit Card,Delivered
O000712,2024-04-03,C00500,P0020,1,0.15,211.69,UPI,Delivered
O000712,2024-04-03,C00500,P0228,1,0.1,378.34,Credit Card,Shipped
O000713,2026-03-16,C00773,P0079,1,0.05,146.65,Debit Card,Processing
O000713,2026-03-16,C00773,P0005,1,0.05,400.64,Credit Card,Shipped
O000714,2024-12-12,C00043,P0024,1,0.15,271.0,Debit Card,Delivered
O000715,2024-08-24,C00297,P0221,1,0.2,26.65,Net Banking,Delivered
O000716,2024-12-01,C00398,P0094,1,0.1,313.32,Credit Card,Cancelled
O000717,2024-12-03,C00596,P0021,2,0.3,324.98,Credit Card,Delivered
O000717,2024-12-03,C00596,P0056,1,0.0,403.68,UPI,Delivered
O000718,2024-10-06,C00502,P0213,1,0.1,346.59,Credit Card,Delivered
O000719,2026-02-13,C00941,P0102,2,0.1,469.55,UPI,Delivered
O000720,2025-04-04,C01421,P0087,3,0.0,188.13,UPI,Shipped
O000721,2025-04-09,C00967,P0027,2,0.2,347.3,UPI,Delivered
O000722,2024-07-21,C00510,P0046,1,0.1,170.21,Debit Card,Delivered
O000723,2024-04-26,C01474,P0148,1,0.1,96.74,Cash on Delivery,Cancelled
O000724,2025-08-21,C00021,P0078,2,0.25,46.45,Net Banking,Shipped
O000725,2025-10-15,C00231,P0059,1,0.15,280.81,UPI,Shipped
O000725,2025-10-15,C00231,P0119,2,0.05,157.32,UPI,Shipped
O000726,2025-02-09,C00938,P0130,1,0.0,284.5,UPI,Delivered
O000726,2025-02-09,C00938,P0123,1,0.0,61.74,UPI,Delivered
O000727,2024-11-24,C01184,P0056,2,0.05,42.0,Wallet,Cancelled
O000728,2025-04-22,C00492,P0013,2,0.0,228.76,UPI,Delivered
O000728,2025-04-22,C00492,P0006,1,0.05,371.82,UPI,Cancelled
O000729,2024-12-13,C00311,P0052,3,0.1,409.55,Credit Card,Processing
O000730,2024-08-01,C01407,P0087,2,0.2,204.05,UPI,Shipped
O000730,2024-08-01,C01407,P0018,1,0.1,441.32,Credit Card,Processing
O000730,2024-08-01,C01407,P0185,1,0.1,459.92,Wallet,Delivered
O000731,2025-08-06,C00341,P0043,1,0.1,122.89,UPI,Shipped
O000732,2024-08-13,C00866,P0090,3,0.1,325.91,Cash on Delivery,Delivered
O000733,2024-05-16,C01290,P0069,1,0.05,40.59,Net Banking,Delivered
O000734,2025-09-11,C00208,P0032,1,0.1,351.94,Cash on Delivery,Processing
O000734,2025-09-11,C00208,P0170,1,0.1,233.43,Credit Card,Shipped
O000734,2025-09-11,C00208,P0185,1,0.1,356.42,Cash on Delivery,Delivered
O000735,2025-02-06,C00247,P0069,1,0.25,414.95,Credit Card,Delivered
O000735,2025-02-06,C00247,P0075,1,0.05,476.85,Cash on Delivery,Delivered
O000735,2025-02-06,C00247,P0169,2,0.0,298.86,UPI,Delivered
O000736,2024-08-14,C01352,P0178,2,0.0,218.35,UPI,Delivered
O000737,2025-05-13,C00723,P0077,1,0.05,114.73,UPI,Delivered
O000737,2025-05-13,C00723,P0148,1,0.1,28.74,Credit Card,Delivered
O000738,2024-05-13,C00165,P0230,1,0.1,456.58,UPI,Cancelled
O000738,2024-05-13,C00165,P0184,1,0.1,53.96,Debit Card,Delivered
O000739,2026-03-04,C00641,P0004,1,0.1,268.31,UPI,Processing
O000740,2025-04-08,C00765,P0038,1,0.05,197.83,Cash on Delivery,Delivered
O000741,2025-01-31,C00816,P0083,1,0.0,160.21,Debit Card,Processing
O000741,2025-01-31,C00816,P0189,1,0.0,380.13,Wallet,Delivered
O000742,2024-05-25,C01260,P0236,1,0.0,465.33,Credit Card,Cancelled
O000743,2024-10-12,C00379,P0181,1,0.2,251.09,UPI,Shipped
O000744,2024-06-03,C00356,P0012,2,0.2,318.69,Credit Card,Delivered
O000744,2024-06-03,C00356,P0031,1,0.15,295.67,Cash on Delivery,Cancelled
O000745,2025-12-05,C00627,P0195,2,0.1,369.6,UPI,Delivered
O000745,2025-12-05,C00627,P0250,1,0.2,411.51,Wallet,Delivered
O000746,2025-01-07,C01218,P0026,1,0.05,224.87,UPI,Delivered
O000746,2025-01-07,C01218,P0225,1,0.15,68.75,UPI,Cancelled
O000747,2024-12-29,C00426,P0245,2,0.05,459.74,Credit Card,Cancelled
O000747,2024-12-29,C00426,P0036,3,0.1,202.91,Debit Card,Shipped
O000748,2025-12-20,C00538,P0139,1,0.05,158.91,Wallet,Delivered
O000749,2024-10-11,C01004,P0146,2,0.2,77.41,Credit Card,Delivered
O000749,2024-10-11,C01004,P0223,1,0.2,129.0,Cash on Delivery,Shipped
O000750,2025-04-06,C01362,P0022,2,0.05,204.94,Net Banking,Cancelled
O000751,2025-01-19,C01330,P0227,1,0.1,362.89,Credit Card,Delivered
O000751,2025-01-19,C01330,P0041,1,0.15,284.93,Cash on Delivery,Delivered
O000751,2025-01-19,C01330,P0003,1,0.1,237.49,UPI,Delivered
O000752,2024-10-28,C00924,P0024,1,0.15,476.24,UPI,Delivered
O000753,2025-06-30,C00230,P0076,2,0.05,382.5,Credit Card,Cancelled
O000754,2025-06-08,C00961,P0080,1,0.15,286.81,Net Banking,Cancelled
O000755,2024-07-09,C00699,P0075,1,0.0,386.67,Debit Card,Delivered
O000756,2024-04-12,C00653,P0005,1,0.0,172.13,UPI,Processing
O000756,2024-04-12,C00653,P0037,3,0.05,286.1,Net Banking,Shipped
O000757,2026-01-09,C00189,P0242,1,0.0,344.11,UPI,Delivered
O000758,2024-11-25,C00254,P0149,1,0.05,33.73,Debit Card,Shipped
O000758,2024-11-25,C00254,P0126,1,0.1,221.05,Debit Card,Delivered
O000759,2024-11-30,C00626,P0178,4,0.2,462.83,Net Banking,Delivered
O000759,2024-11-30,C00626,P0154,3,0.1,71.34,UPI,Delivered
O000760,2025-01-29,C01365,P0025,2,0.15,256.86,Credit Card,Shipped
O000761,2026-02-07,C00859,P0099,2,0.15,82.51,Debit Card,Cancelled
O000762,2024-10-28,C00602,P0076,2,0.2,391.8,Debit Card,Delivered
O000763,2024-07-31,C00240,P0249,1,0.1,190.12,Wallet,Processing
O000763,2024-07-31,C00240,P0018,3,0.1,400.37,Wallet,Delivered
O000764,2025-12-18,C00822,P0151,1,0.15,292.14,Debit Card,Delivered
O000764,2025-12-18,C00822,P0108,1,0.0,463.52,Net Banking,Cancelled
O000765,2024-11-02,C01349,P0006,1,0.25,258.61,Debit Card,Delivered
O000766,2025-06-23,C00413,P0095,4,0.2,419.9,Credit Card,Delivered
O000766,2025-06-23,C00413,P0052,4,0.05,238.2,UPI,Delivered
O000767,2026-03-27,C00144,P0082,1,0.15,240.19,Debit Card,Shipped
O000767,2026-03-27,C00144,P0077,1,0.1,447.15,Credit Card,Delivered
O000767,2026-03-27,C00144,P0210,1,0.15,158.13,Debit Card,Processing
O000768,2025-11-14,C01262,P0073,1,0.05,68.99,Wallet,Delivered
O000768,2025-11-14,C01262,P0067,2,0.1,407.37,Cash on Delivery,Delivered
O000769,2025-11-20,C00303,P0122,2,0.2,239.82,Cash on Delivery,Shipped
O000770,2025-01-06,C00759,P0202,2,0.05,480.36,Credit Card,Delivered
O000771,2025-07-23,C00484,P0226,1,0.25,149.55,Net Banking,Delivered
O000771,2025-07-23,C00484,P0235,1,0.25,342.45,Net Banking,Delivered
O000772,2024-04-10,C00117,P0089,2,0.05,451.29,Cash on Delivery,Delivered
O000772,2024-04-10,C00117,P0076,1,0.2,122.41,UPI,Delivered
O000773,2025-06-16,C01377,P0165,1,0.15,321.02,Debit Card,Delivered
O000774,2025-08-02,C00665,P0183,2,0.1,85.86,UPI,Delivered
O000774,2025-08-02,C00665,P0018,1,0.1,201.75,UPI,Delivered
O000775,2025-09-01,C00501,P0033,1,0.15,477.91,Debit Card,Delivered
O000776,2025-04-04,C01128,P0126,1,0.05,373.5,Debit Card,Delivered
O000777,2025-04-11,C00533,P0087,1,0.2,47.77,Net Banking,Delivered
O000778,2025-02-16,C00622,P0077,1,0.15,109.85,Net Banking,Delivered
O000779,2025-12-04,C01085,P0116,1,0.2,178.36,UPI,Cancelled
O000780,2025-09-23,C00854,P0102,2,0.05,186.03,UPI,Delivered
O000781,2025-06-16,C01361,P0129,1,0.15,91.42,Debit Card,Delivered
O000782,2025-09-28,C00206,P0028,1,0.2,181.64,Net Banking,Delivered
O000783,2025-07-04,C00805,P0191,1,0.1,276.23,Cash on Delivery,Processing
O000784,2025-07-16,C00828,P0003,1,0.2,34.5,UPI,Cancelled
O000785,2025-12-26,C01138,P0243,4,0.05,45.7,UPI,Processing
O000786,2025-01-26,C01407,P0080,1,0.1,270.3,Debit Card,Cancelled
O000787,2025-10-22,C00078,P0013,2,0.1,120.53,Credit Card,Delivered
O000788,2025-06-16,C00980,P0085,1,0.1,331.46,Credit Card,Shipped
O000788,2025-06-16,C00980,P0062,1,0.05,148.44,UPI,Cancelled
O000789,2024-12-29,C01297,P0109,3,0.05,238.21,Cash on Delivery,Delivered
O000790,2025-11-24,C00318,P0138,1,0.1,317.49,Net Banking,Shipped
O000791,2024-08-13,C01209,P0129,2,0.15,417.01,Credit Card,Cancelled
O000792,2025-10-02,C00461,P0171,2,0.15,465.83,Credit Card,Delivered
O000793,2025-06-12,C01130,P0003,1,0.0,121.42,Wallet,Delivered
O000793,2025-06-12,C01130,P0010,2,0.05,278.33,Debit Card,Processing
O000794,2024-12-12,C00864,P0216,1,0.2,119.11,Cash on Delivery,Delivered
O000795,2025-03-19,C00474,P0105,2,0.15,336.89,Wallet,Delivered
O000795,2025-03-19,C00474,P0012,1,0.25,429.98,UPI,Cancelled
O000795,2025-03-19,C00474,P0210,2,0.15,362.33,Debit Card,Cancelled
O000796,2026-03-14,C00991,P0148,1,0.1,241.63,Debit Card,Shipped
O000796,2026-03-14,C00991,P0247,1,0.2,135.46,Credit Card,Delivered
O000797,2025-05-03,C00989,P0018,1,0.05,125.7,Credit Card,Shipped
O000798,2025-06-20,C01440,P0072,1,0.1,405.01,UPI,Delivered
O000799,2025-12-30,C00540,P0218,2,0.05,427.78,Net Banking,Cancelled
O000800,2026-02-24,C00754,P0241,1,0.1,244.48,Wallet,Delivered
O000800,2026-02-24,C00754,P0165,1,0.1,490.88,Wallet,Cancelled
O000801,2024-11-14,C00269,P0093,1,0.2,427.41,Credit Card,Delivered
O000801,2024-11-14,C00269,P0235,2,0.15,233.58,Wallet,Shipped
O000801,2024-11-14,C00269,P0027,2,0.05,206.41,Net Banking,Shipped
O000802,2025-09-20,C01204,P0083,1,0.15,139.42,Credit Card,Cancelled
O000803,2025-07-29,C01482,P0071,2,0.15,464.24,Net Banking,Cancelled
O000804,2026-02-06,C00602,P0005,1,0.1,67.92,Debit Card,Shipped
O000805,2024-12-12,C01252,P0230,1,0.05,394.77,Credit Card,Delivered
O000806,2024-06-29,C00551,P0072,2,0.1,334.18,Credit Card,Shipped
O000807,2025-10-14,C00736,P0038,1,0.0,214.31,Credit Card,Delivered
O000808,2025-03-15,C01228,P0222,2,0.1,211.99,Credit Card,Delivered
O000809,2025-07-31,C00992,P0086,1,0.0,32.97,Debit Card,Cancelled
O000809,2025-07-31,C00992,P0188,1,0.05,234.37,Cash on Delivery,Delivered
O000809,2025-07-31,C00992,P0063,1,0.25,292.82,Wallet,Delivered
O000810,2024-07-05,C00097,P0108,1,0.2,103.47,Debit Card,Delivered
O000811,2024-05-19,C00153,P0059,1,0.15,164.98,Credit Card,Delivered
O000812,2025-11-11,C00515,P0100,2,0.05,351.53,Debit Card,Processing
O000813,2026-03-16,C00691,P0150,1,0.15,499.89,Wallet,Shipped
O000814,2024-10-11,C01454,P0210,2,0.3,425.6,UPI,Processing
O000814,2024-10-11,C01454,P0100,1,0.1,340.95,UPI,Processing
O000815,2025-05-14,C01429,P0208,1,0.1,340.21,Credit Card,Delivered
O000815,2025-05-14,C01429,P0009,3,0.2,254.82,Cash on Delivery,Delivered
O000815,2025-05-14,C01429,P0060,1,0.1,102.39,UPI,Cancelled
O000816,2025-05-22,C00375,P0213,1,0.15,369.77,UPI,Shipped
O000817,2024-08-10,C01184,P0227,2,0.0,310.72,Credit Card,Delivered
O000818,2025-02-11,C01443,P0140,1,0.2,302.52,UPI,Cancelled
O000819,2026-01-01,C00881,P0241,3,0.0,373.6,Credit Card,Cancelled
O000820,2024-06-09,C01276,P0179,2,0.05,25.2,Cash on Delivery,Delivered
O000820,2024-06-09,C01276,P0114,1,0.05,477.11,UPI,Cancelled
O000821,2025-02-07,C01053,P0026,4,0.0,341.88,Cash on Delivery,Processing
O000822,2025-04-19,C01315,P0039,2,0.05,415.89,Credit Card,Delivered
O000823,2025-12-01,C01363,P0007,1,0.15,211.3,UPI,Cancelled
O000824,2024-11-24,C00977,P0087,1,0.1,86.98,Wallet,Delivered
O000825,2025-10-17,C01036,P0087,3,0.0,133.04,Credit Card,Cancelled
O000826,2026-01-28,C00855,P0224,4,0.1,370.49,Credit Card,Delivered
O000827,2024-12-03,C01211,P0093,1,0.05,429.94,UPI,Delivered
O000828,2025-07-15,C00147,P0011,1,0.05,202.07,UPI,Delivered
O000828,2025-07-15,C00147,P0027,3,0.05,486.94,Credit Card,Delivered
O000829,2025-05-15,C00953,P0185,1,0.1,497.19,Cash on Delivery,Processing
O000829,2025-05-15,C00953,P0099,1,0.1,290.39,Credit Card,Cancelled
O000830,2025-06-27,C01353,P0129,1,0.1,482.89,UPI,Delivered
O000830,2025-06-27,C01353,P0057,2,0.2,306.9,Net Banking,Delivered
O000831,2025-07-17,C00978,P0131,1,0.05,322.33,Credit Card,Delivered
O000831,2025-07-17,C00978,P0011,1,0.1,36.61,Wallet,Delivered
O000832,2024-10-29,C00439,P0229,1,0.0,253.1,Wallet,Delivered
O000832,2024-10-29,C00439,P0203,1,0.15,365.08,Credit Card,Delivered
O000833,2025-06-27,C00002,P0088,4,0.15,92.3,Net Banking,Cancelled
O000834,2025-11-17,C00109,P0003,1,0.15,35.77,Credit Card,Delivered
O000834,2025-11-17,C00109,P0119,1,0.1,33.62,Net Banking,Shipped
O000835,2024-04-27,C00466,P0225,4,0.05,491.93,Cash on Delivery,Delivered
O000836,2024-05-27,C00231,P0152,2,0.0,316.97,UPI,Delivered
O000837,2025-05-06,C00298,P0059,1,0.25,437.63,Debit Card,Delivered
O000838,2024-06-20,C00368,P0072,1,0.0,110.36,Wallet,Delivered
O000839,2025-04-17,C01454,P0180,1,0.15,160.66,Wallet,Delivered
O000840,2024-08-10,C00446,P0211,1,0.05,67.4,Credit Card,Cancelled
O000841,2025-01-08,C00195,P0149,2,0.0,497.9,Credit Card,Shipped
O000842,2026-01-26,C00505,P0111,2,0.1,173.4,Credit Card,Cancelled
O000843,2026-01-26,C01488,P0169,1,0.1,232.63,UPI,Shipped
O000843,2026-01-26,C01488,P0156,1,0.15,464.15,UPI,Delivered
O000843,2026-01-26,C01488,P0233,1,0.0,231.01,Wallet,Delivered
O000844,2024-07-28,C00766,P0203,1,0.0,338.56,UPI,Delivered
O000844,2024-07-28,C00766,P0174,2,0.15,102.36,Wallet,Delivered
O000844,2024-07-28,C00766,P0102,1,0.15,96.94,Debit Card,Processing
O000845,2025-01-14,C00297,P0249,1,0.2,460.94,Wallet,Delivered
O000845,2025-01-14,C00297,P0119,2,0.0,392.69,UPI,Cancelled
O000846,2025-11-10,C00897,P0153,2,0.2,284.92,Net Banking,Shipped
O000846,2025-11-10,C00897,P0064,1,0.15,469.8,Cash on Delivery,Delivered
O000847,2024-05-30,C00782,P0071,4,0.0,211.87,Credit Card,Cancelled
O000848,2024-07-22,C01441,P0206,1,0.0,403.83,UPI,Shipped
O000849,2024-04-10,C00582,P0199,1,0.1,385.85,Debit Card,Shipped
O000849,2024-04-10,C00582,P0111,1,0.3,266.69,Credit Card,Cancelled
O000850,2024-11-07,C01499,P0187,1,0.15,115.09,Credit Card,Delivered
O000851,2025-04-06,C01120,P0210,1,0.0,105.68,UPI,Delivered
O000852,2025-09-24,C00506,P0241,1,0.15,233.26,Cash on Delivery,Delivered
O000853,2026-01-31,C00584,P0124,1,0.15,364.82,UPI,Delivered
O000854,2026-01-30,C00460,P0237,2,0.1,335.57,Cash on Delivery,Delivered
O000855,2025-12-29,C00579,P0107,1,0.0,51.44,UPI,Delivered
O000856,2025-07-29,C00648,P0194,1,0.0,216.66,UPI,Delivered
O000857,2025-01-01,C00270,P0237,3,0.15,397.06,Debit Card,Delivered
O000858,2024-12-22,C00037,P0120,2,0.1,394.08,Credit Card,Shipped
O000859,2024-05-01,C00408,P0083,3,0.05,148.9,Cash on Delivery,Delivered
O000860,2024-12-17,C01263,P0074,1,0.05,71.02,UPI,Cancelled
O000861,2024-06-08,C00566,P0150,1,0.25,250.41,Debit Card,Cancelled
O000862,2026-01-24,C01410,P0114,1,0.05,229.55,UPI,Delivered
O000862,2026-01-24,C01410,P0152,1,0.05,115.27,Cash on Delivery,Delivered
O000863,2024-10-23,C00998,P0089,3,0.05,398.76,UPI,Processing
O000863,2024-10-23,C00998,P0098,1,0.2,169.7,UPI,Cancelled
O000864,2024-07-29,C01172,P0163,2,0.15,276.25,UPI,Shipped
O000865,2026-03-16,C01388,P0235,1,0.05,49.09,Credit Card,Cancelled
O000866,2025-04-08,C00126,P0233,1,0.1,192.35,Debit Card,Delivered
O000867,2025-08-05,C01128,P0195,1,0.25,470.27,Net Banking,Delivered
O000867,2025-08-05,C01128,P0165,1,0.2,93.86,Credit Card,Processing
O000868,2025-11-03,C00342,P0193,3,0.1,485.4,UPI,Processing
O000869,2025-11-23,C01021,P0109,1,0.1,249.52,UPI,Processing
O000870,2024-10-23,C00200,P0147,1,0.2,207.69,UPI,Delivered
O000870,2024-10-23,C00200,P0130,2,0.0,375.27,Debit Card,Delivered
O000871,2026-03-09,C01368,P0002,1,0.0,126.12,UPI,Delivered
O000872,2025-05-13,C00598,P0066,1,0.3,477.25,UPI,Processing
O000873,2024-10-23,C01413,P0048,1,0.15,412.52,UPI,Delivered
O000874,2024-11-28,C00188,P0069,1,0.1,330.37,UPI,Shipped
O000875,2024-11-25,C00297,P0047,1,0.0,397.23,Debit Card,Cancelled
O000875,2024-11-25,C00297,P0177,1,0.15,449.03,UPI,Delivered
O000875,2024-11-25,C00297,P0144,1,0.1,398.51,UPI,Cancelled
O000876,2025-04-14,C01482,P0200,1,0.15,300.98,Net Banking,Delivered
O000877,2024-11-13,C01208,P0208,1,0.1,167.76,Credit Card,Shipped
O000878,2024-08-21,C00475,P0079,2,0.2,351.33,UPI,Delivered
O000879,2025-07-16,C00101,P0232,1,0.05,282.78,Debit Card,Delivered
O000880,2025-07-13,C00845,P0019,1,0.05,47.93,UPI,Delivered
O000880,2025-07-13,C00845,P0023,2,0.15,122.85,Wallet,Delivered
O000881,2024-04-13,C00001,P0092,1,0.1,372.41,Debit Card,Cancelled
O000882,2025-03-25,C00616,P0034,2,0.1,233.04,Wallet,Processing
O000883,2026-02-05,C00348,P0065,1,0.15,408.18,UPI,Processing
O000883,2026-02-05,C00348,P0096,3,0.05,283.51,Debit Card,Processing
O000884,2024-08-04,C00561,P0033,1,0.15,233.71,UPI,Delivered
O000884,2024-08-04,C00561,P0080,1,0.05,192.63,Wallet,Delivered
O000885,2026-03-08,C00972,P0177,1,0.05,397.37,Debit Card,Delivered
O000885,2026-03-08,C00972,P0013,4,0.1,212.28,Debit Card,Shipped
O000886,2025-03-07,C00471,P0134,1,0.05,226.58,UPI,Delivered
O000887,2024-10-29,C00889,P0172,2,0.1,164.63,UPI,Cancelled
O000888,2025-02-01,C01486,P0235,1,0.1,246.25,UPI,Cancelled
O000889,2024-11-30,C01208,P0101,2,0.05,467.98,Cash on Delivery,Cancelled
O000890,2025-06-15,C00209,P0109,2,0.05,161.48,Cash on Delivery,Delivered
O000891,2025-10-10,C01286,P0045,1,0.0,210.48,UPI,Delivered
O000892,2026-03-03,C00565,P0039,1,0.2,47.79,Debit Card,Delivered
O000893,2025-10-05,C00977,P0002,4,0.1,380.85,Credit Card,Processing
O000894,2025-03-05,C00700,P0189,3,0.05,366.78,UPI,Processing
O000894,2025-03-05,C00700,P0154,1,0.1,343.67,UPI,Delivered
O000895,2025-12-22,C00582,P0131,2,0.1,269.3,Credit Card,Delivered
O000895,2025-12-22,C00582,P0222,1,0.0,323.54,Credit Card,Processing
O000896,2024-05-26,C01414,P0025,2,0.1,241.69,Wallet,Processing
O000897,2025-04-25,C00554,P0181,4,0.2,181.69,Net Banking,Delivered
O000897,2025-04-25,C00554,P0125,1,0.15,162.94,Net Banking,Delivered
O000898,2025-07-21,C01422,P0182,3,0.15,131.69,Debit Card,Processing
O000898,2025-07-21,C01422,P0217,1,0.05,91.64,Debit Card,Cancelled
O000899,2024-06-05,C00996,P0005,1,0.0,404.34,Credit Card,Delivered
O000900,2024-09-27,C00563,P0038,1,0.15,25.29,UPI,Shipped
O000901,2025-12-05,C00895,P0191,1,0.1,458.88,Net Banking,Delivered
O000902,2024-06-07,C00525,P0220,1,0.1,368.07,UPI,Delivered
O000903,2025-12-21,C00889,P0017,2,0.1,467.11,Credit Card,Shipped
O000904,2026-03-10,C00684,P0117,1,0.0,45.27,Net Banking,Delivered
O000905,2024-09-10,C01224,P0243,1,0.0,268.25,UPI,Cancelled
O000905,2024-09-10,C01224,P0193,1,0.0,91.82,Credit Card,Processing
O000906,2024-05-27,C00701,P0179,1,0.2,123.26,Debit Card,Processing
O000906,2024-05-27,C00701,P0024,3,0.1,391.21,Cash on Delivery,Delivered
O000907,2025-07-04,C01047,P0127,2,0.15,122.3,UPI,Delivered
O000908,2024-09-18,C01212,P0191,2,0.05,73.02,Credit Card,Delivered
O000909,2025-12-27,C01316,P0023,1,0.0,154.81,Credit Card,Delivered
O000910,2025-05-27,C01246,P0118,1,0.05,392.51,Cash on Delivery,Delivered
O000911,2024-06-29,C00919,P0070,1,0.25,303.07,Debit Card,Cancelled
O000911,2024-06-29,C00919,P0145,1,0.05,490.56,Credit Card,Cancelled
O000912,2025-03-06,C01262,P0134,3,0.05,337.22,UPI,Delivered
O000913,2026-02-27,C01280,P0068,1,0.0,332.14,UPI,Processing
O000914,2025-04-17,C01129,P0165,2,0.05,338.22,UPI,Delivered
O000914,2025-04-17,C01129,P0193,3,0.3,468.96,Cash on Delivery,Delivered
O000914,2025-04-17,C01129,P0021,1,0.1,240.27,Wallet,Delivered
O000915,2024-05-15,C00320,P0081,1,0.0,197.72,Debit Card,Delivered
O000916,2025-11-11,C00285,P0070,1,0.1,271.26,UPI,Delivered
O000917,2024-08-31,C00563,P0046,2,0.05,477.12,UPI,Delivered
O000917,2024-08-31,C00563,P0017,2,0.25,434.71,UPI,Shipped
O000918,2025-05-08,C00532,P0046,1,0.0,270.96,Credit Card,Shipped
O000919,2024-11-07,C01118,P0061,1,0.1,490.21,Debit Card,Delivered
O000919,2024-11-07,C01118,P0085,3,0.0,219.17,UPI,Delivered
O000920,2026-02-24,C00787,P0199,4,0.15,246.73,Net Banking,Processing
O000920,2026-02-24,C00787,P0220,2,0.05,352.82,Net Banking,Delivered
O000921,2026-03-05,C00520,P0120,1,0.1,451.26,Debit Card,Delivered
O000922,2025-12-08,C00595,P0227,1,0.0,357.67,Debit Card,Delivered
O000923,2024-10-31,C00426,P0117,2,0.15,435.57,UPI,Processing
O000923,2024-10-31,C00426,P0109,2,0.15,383.38,UPI,Delivered
O000924,2026-03-19,C00130,P0098,1,0.1,234.42,UPI,Delivered
O000925,2025-05-12,C00426,P0244,1,0.25,260.67,UPI,Delivered
O000925,2025-05-12,C00426,P0083,2,0.15,236.44,Credit Card,Shipped
O000925,2025-05-12,C00426,P0033,1,0.25,324.2,Cash on Delivery,Shipped
O000926,2026-03-27,C01290,P0012,3,0.0,408.01,Debit Card,Delivered
O000927,2024-10-30,C00060,P0100,2,0.15,387.43,Credit Card,Delivered
O000927,2024-10-30,C00060,P0195,1,0.15,466.94,Net Banking,Delivered
O000928,2025-11-14,C00524,P0194,3,0.25,167.01,UPI,Processing
O000928,2025-11-14,C00524,P0017,1,0.15,410.73,Debit Card,Shipped
O000929,2025-11-08,C00671,P0198,1,0.05,398.27,Cash on Delivery,Processing
O000930,2025-01-05,C00969,P0119,2,0.1,338.08,Cash on Delivery,Processing
O000931,2024-12-05,C00779,P0147,1,0.15,349.49,Credit Card,Cancelled
O000932,2025-05-23,C00367,P0202,1,0.1,266.09,Debit Card,Shipped
O000933,2025-10-31,C00156,P0073,1,0.2,326.79,UPI,Delivered
O000934,2025-12-19,C01322,P0186,1,0.1,128.18,Credit Card,Delivered
O000935,2024-12-11,C00805,P0035,1,0.0,189.71,Cash on Delivery,Cancelled
O000935,2024-12-11,C00805,P0240,1,0.05,167.73,Debit Card,Processing
O000936,2025-08-03,C00902,P0043,1,0.1,174.2,Credit Card,Delivered
O000936,2025-08-03,C00902,P0235,1,0.1,490.34,Cash on Delivery,Cancelled
O000937,2024-08-13,C00875,P0148,1,0.1,221.86,UPI,Delivered
O000937,2024-08-13,C00875,P0037,1,0.25,180.09,UPI,Processing
O000937,2024-08-13,C00875,P0117,1,0.3,481.49,UPI,Delivered
O000938,2025-03-08,C00003,P0111,2,0.2,472.34,Net Banking,Cancelled
O000938,2025-03-08,C00003,P0132,1,0.1,495.19,Debit Card,Delivered
O000939,2025-05-03,C01112,P0189,1,0.1,311.86,Cash on Delivery,Cancelled
O000940,2024-05-25,C01455,P0055,1,0.25,169.58,Cash on Delivery,Shipped
O000940,2024-05-25,C01455,P0168,1,0.1,203.17,Credit Card,Processing
O000941,2025-10-07,C01486,P0244,1,0.25,198.56,Wallet,Delivered
O000941,2025-10-07,C01486,P0149,1,0.25,330.87,Net Banking,Delivered
O000942,2024-06-11,C00926,P0106,2,0.05,43.5,Credit Card,Delivered
O000942,2024-06-11,C00926,P0229,2,0.3,407.74,UPI,Delivered
O000943,2025-07-08,C01136,P0179,1,0.1,312.73,Net Banking,Delivered
O000944,2026-03-22,C01004,P0164,1,0.05,483.99,Wallet,Cancelled
O000944,2026-03-22,C01004,P0009,1,0.0,82.68,Debit Card,Delivered
O000945,2024-11-08,C00806,P0249,1,0.05,187.34,Wallet,Processing
O000946,2026-01-19,C01055,P0076,2,0.0,392.2,Net Banking,Shipped
O000947,2024-09-28,C00244,P0188,3,0.15,260.05,Credit Card,Delivered
O000948,2024-07-01,C00822,P0004,1,0.1,44.17,Credit Card,Delivered
O000948,2024-07-01,C00822,P0212,1,0.05,310.41,Credit Card,Cancelled
O000949,2025-09-01,C01468,P0250,2,0.3,470.16,Cash on Delivery,Shipped
O000950,2024-06-19,C00779,P0125,1,0.05,345.95,Debit Card,Delivered
O000950,2024-06-19,C00779,P0008,1,0.2,417.5,Debit Card,Delivered
O000951,2026-01-17,C00952,P0026,1,0.15,290.58,Cash on Delivery,Delivered
O000951,2026-01-17,C00952,P0096,1,0.1,114.85,Net Banking,Delivered
O000952,2026-01-14,C00515,P0202,1,0.05,372.53,UPI,Delivered
O000953,2025-03-12,C01195,P0164,2,0.05,444.27,Credit Card,Delivered
O000954,2026-03-29,C00399,P0037,1,0.05,487.97,Credit Card,Cancelled
O000955,2025-06-19,C00116,P0224,1,0.1,393.94,Credit Card,Shipped
O000956,2025-02-02,C01267,P0138,2,0.1,397.26,UPI,Processing
O000956,2025-02-02,C01267,P0068,1,0.05,162.4,Credit Card,Shipped
O000956,2025-02-02,C01267,P0064,3,0.15,216.48,UPI,Delivered
O000957,2025-06-23,C00979,P0001,1,0.15,457.27,UPI,Delivered
O000958,2025-08-14,C00255,P0144,1,0.1,162.66,Credit Card,Cancelled
O000958,2025-08-14,C00255,P0045,1,0.05,284.65,Wallet,Delivered
O000959,2025-09-14,C00497,P0217,1,0.1,205.58,UPI,Delivered
O000960,2025-03-27,C00841,P0011,1,0.2,368.68,UPI,Delivered
O000960,2025-03-27,C00841,P0042,1,0.15,365.02,UPI,Cancelled
O000960,2025-03-27,C00841,P0250,1,0.2,428.95,Credit Card,Processing
O000961,2024-08-17,C00607,P0181,1,0.2,228.69,Credit Card,Delivered
O000962,2025-12-31,C00527,P0202,2,0.1,304.98,Net Banking,Cancelled
O000963,2025-05-10,C00223,P0240,1,0.1,493.54,Credit Card,Processing
O000963,2025-05-10,C00223,P0133,1,0.1,205.55,UPI,Shipped
O000963,2025-05-10,C00223,P0068,1,0.1,252.41,Cash on Delivery,Delivered
O000964,2025-12-08,C00252,P0117,2,0.1,184.88,UPI,Delivered
O000965,2024-06-14,C01033,P0179,1,0.15,375.72,UPI,Delivered
O000966,2024-12-18,C01105,P0037,1,0.1,100.57,UPI,Cancelled
O000967,2025-09-07,C00321,P0241,4,0.3,390.43,Wallet,Delivered
O000967,2025-09-07,C00321,P0247,2,0.05,412.57,Net Banking,Cancelled
O000968,2025-03-26,C00414,P0135,2,0.2,208.69,UPI,Delivered
O000969,2025-03-05,C00742,P0221,1,0.15,281.47,Credit Card,Shipped
O000969,2025-03-05,C00742,P0082,2,0.15,119.79,Cash on Delivery,Delivered
O000970,2024-06-18,C00673,P0062,1,0.15,169.5,Credit Card,Delivered
O000971,2024-04-15,C00413,P0178,1,0.0,42.37,UPI,Delivered
O000972,2025-03-09,C00719,P0206,1,0.15,251.41,UPI,Cancelled
O000973,2024-10-22,C01016,P0187,1,0.25,184.39,Wallet,Processing
O000974,2025-01-28,C01459,P0221,1,0.05,434.73,UPI,Cancelled
O000975,2025-04-02,C01233,P0172,3,0.1,375.01,Cash on Delivery,Delivered
O000976,2025-12-01,C00361,P0206,1,0.1,157.87,Net Banking,Delivered
O000977,2024-07-25,C01344,P0235,1,0.05,287.05,UPI,Delivered
O000977,2024-07-25,C01344,P0099,1,0.25,72.92,UPI,Cancelled
O000978,2025-12-14,C01063,P0100,1,0.1,258.89,Debit Card,Delivered
O000979,2026-01-27,C00793,P0182,1,0.0,178.35,Credit Card,Delivered
O000980,2024-04-19,C00941,P0219,1,0.15,386.74,Cash on Delivery,Processing
O000981,2025-08-22,C00523,P0086,1,0.1,50.07,Credit Card,Delivered
O000981,2025-08-22,C00523,P0029,1,0.2,163.78,Credit Card,Processing
O000982,2026-03-26,C00495,P0158,2,0.1,491.62,Wallet,Delivered
O000983,2024-08-21,C00667,P0234,1,0.1,497.68,UPI,Delivered
O000983,2024-08-21,C00667,P0153,1,0.1,487.74,Net Banking,Processing
O000984,2025-02-01,C00427,P0018,1,0.15,186.71,UPI,Shipped
O000984,2025-02-01,C00427,P0102,1,0.1,449.46,Wallet,Processing
O000985,2024-09-12,C00366,P0205,1,0.2,263.86,UPI,Delivered
O000986,2025-09-28,C00651,P0123,1,0.1,301.54,Credit Card,Processing
O000987,2024-07-23,C00270,P0147,1,0.2,208.94,Credit Card,Delivered
O000987,2024-07-23,C00270,P0079,2,0.15,169.04,UPI,Cancelled
O000988,2025-04-12,C00355,P0133,1,0.25,81.69,Net Banking,Delivered
O000989,2025-07-04,C00849,P0096,4,0.25,95.08,UPI,Delivered
O000989,2025-07-04,C00849,P0226,1,0.05,38.69,Debit Card,Delivered
O000990,2024-07-17,C01248,P0187,1,0.0,306.82,Credit Card,Shipped
O000991,2025-09-27,C00632,P0091,1,0.1,301.25,UPI,Delivered
O000992,2025-10-04,C01454,P0105,1,0.15,26.92,Debit Card,Processing
O000992,2025-10-04,C01454,P0064,1,0.05,422.58,Cash on Delivery,Delivered
O000993,2025-06-14,C00140,P0124,2,0.05,387.4,UPI,Processing
O000993,2025-06-14,C00140,P0239,1,0.05,228.7,UPI,Shipped
O000994,2024-08-04,C00501,P0176,1,0.1,206.61,Net Banking,Processing
O000995,2025-03-13,C00992,P0026,1,0.1,435.68,Wallet,Cancelled
O000995,2025-03-13,C00992,P0104,1,0.1,37.11,UPI,Delivered
O000996,2025-10-18,C00607,P0053,1,0.15,416.37,Credit Card,Cancelled
O000996,2025-10-18,C00607,P0172,1,0.0,27.09,Credit Card,Processing
O000996,2025-10-18,C00607,P0109,1,0.25,323.94,Debit Card,Delivered
O000997,2025-04-29,C00286,P0022,2,0.1,122.64,UPI,Delivered
O000998,2025-09-17,C00454,P0160,1,0.0,209.88,UPI,Delivered
O000998,2025-09-17,C00454,P0136,1,0.05,259.54,Credit Card,Processing
O000998,2025-09-17,C00454,P0021,1,0.2,179.9,Wallet,Processing
O000999,2025-04-23,C00553,P0102,1,0.1,39.78,Cash on Delivery,Delivered
O001000,2025-12-26,C00973,P0078,2,0.15,474.94,Cash on Delivery,Cancelled
O001001,2024-04-02,C01466,P0141,1,0.0,335.18,Credit Card,Shipped
O001002,2026-01-20,C00399,P0180,2,0.0,143.43,UPI,Shipped
O001003,2025-11-10,C00775,P0098,1,0.05,490.97,Net Banking,Cancelled
O001004,2026-03-26,C00523,P0107,2,0.05,451.46,Credit Card,Delivered
O001005,2024-05-07,C00331,P0012,1,0.25,129.62,UPI,Delivered
O001005,2024-05-07,C00331,P0011,1,0.1,103.5,UPI,Delivered
O001005,2024-05-07,C00331,P0068,1,0.05,244.44,Net Banking,Delivered
O001006,2025-07-03,C00455,P0211,1,0.2,206.61,Cash on Delivery,Delivered
O001006,2025-07-03,C00455,P0244,1,0.05,308.6,UPI,Delivered
O001007,2024-07-14,C00833,P0233,2,0.2,223.18,Debit Card,Delivered
O001007,2024-07-14,C00833,P0172,1,0.1,63.35,Credit Card,Delivered
O001007,2024-07-14,C00833,P0138,1,0.1,339.81,Credit Card,Processing
O001008,2025-04-22,C01044,P0164,1,0.15,167.64,Cash on Delivery,Delivered
O001008,2025-04-22,C01044,P0194,2,0.05,370.1,Cash on Delivery,Shipped
O001009,2025-03-22,C00715,P0112,1,0.1,479.62,UPI,Delivered
O001010,2024-05-10,C01020,P0152,1,0.2,62.96,Credit Card,Delivered
O001011,2025-03-11,C00602,P0096,1,0.05,114.64,Debit Card,Delivered
O001012,2024-07-31,C01003,P0063,2,0.05,287.14,Debit Card,Processing
O001013,2024-11-30,C01286,P0190,1,0.05,26.08,Debit Card,Delivered
O001014,2024-05-31,C01239,P0244,1,0.1,290.46,Credit Card,Shipped
O001014,2024-05-31,C01239,P0173,1,0.2,80.41,Net Banking,Shipped
O001015,2024-12-24,C00614,P0188,1,0.25,295.24,Cash on Delivery,Delivered
O001016,2024-04-16,C01336,P0019,1,0.05,461.89,UPI,Delivered
O001016,2024-04-16,C01336,P0124,1,0.05,265.11,UPI,Delivered
O001016,2024-04-16,C01336,P0125,1,0.2,222.79,Wallet,Delivered
O001017,2025-02-27,C00808,P0186,1,0.1,456.49,Wallet,Shipped
O001018,2025-02-20,C00256,P0132,1,0.25,318.24,UPI,Delivered
O001019,2024-04-14,C00319,P0238,1,0.2,489.14,UPI,Processing
O001019,2024-04-14,C00319,P0066,1,0.1,44.04,Cash on Delivery,Delivered
O001019,2024-04-14,C00319,P0108,1,0.15,261.86,UPI,Delivered
O001020,2024-12-02,C00263,P0249,2,0.0,449.71,UPI,Shipped
O001021,2026-03-15,C00343,P0072,1,0.05,294.02,UPI,Delivered
O001022,2025-01-28,C01235,P0223,2,0.25,455.3,Wallet,Processing
O001023,2026-03-20,C00882,P0046,1,0.05,30.24,Credit Card,Shipped
O001024,2024-10-20,C00500,P0209,1,0.1,131.33,UPI,Processing
O001024,2024-10-20,C00500,P0187,1,0.1,468.13,UPI,Delivered
O001025,2024-07-20,C01084,P0080,4,0.05,231.04,UPI,Processing
O001025,2024-07-20,C01084,P0193,1,0.1,36.61,Wallet,Shipped
O001025,2024-07-20,C01084,P0070,2,0.3,351.98,UPI,Shipped
O001026,2025-10-11,C00920,P0112,1,0.1,165.57,Net Banking,Delivered
O001026,2025-10-11,C00920,P0113,1,0.2,165.5,Cash on Delivery,Delivered
O001026,2025-10-11,C00920,P0076,4,0.0,214.6,Credit Card,Delivered
O001027,2024-09-27,C00124,P0027,1,0.1,266.39,UPI,Delivered
O001028,2025-04-28,C00316,P0114,1,0.0,406.17,Net Banking,Delivered
O001028,2025-04-28,C00316,P0099,1,0.25,59.27,Debit Card,Processing
O001028,2025-04-28,C00316,P0072,4,0.15,27.36,Debit Card,Cancelled
O001029,2025-02-18,C00346,P0110,2,0.1,213.11,Credit Card,Shipped
O001030,2025-08-20,C00869,P0191,2,0.2,260.85,Wallet,Delivered
O001031,2026-03-19,C01414,P0213,1,0.05,415.83,UPI,Cancelled
O001031,2026-03-19,C01414,P0004,1,0.05,395.43,Cash on Delivery,Cancelled
O001032,2026-03-06,C00516,P0036,2,0.05,57.01,Debit Card,Delivered
O001032,2026-03-06,C00516,P0097,1,0.0,412.05,UPI,Delivered
O001033,2025-10-03,C00473,P0170,1,0.15,303.38,Debit Card,Delivered
O001034,2024-08-12,C00188,P0049,2,0.1,493.51,Credit Card,Delivered
O001035,2024-09-19,C00010,P0064,1,0.1,102.42,Debit Card,Delivered
O001036,2024-09-13,C00834,P0165,1,0.0,146.63,UPI,Shipped
O001037,2024-08-11,C00467,P0005,1,0.15,334.52,Wallet,Delivered
O001038,2025-05-20,C00507,P0140,1,0.1,320.26,Debit Card,Delivered
O001038,2025-05-20,C00507,P0043,1,0.15,315.28,UPI,Cancelled
O001039,2026-01-25,C00350,P0015,2,0.05,224.67,UPI,Delivered
O001040,2026-01-29,C00874,P0054,4,0.1,428.6,UPI,Delivered
O001041,2025-01-04,C00651,P0148,3,0.1,303.82,Debit Card,Delivered
O001041,2025-01-04,C00651,P0033,1,0.3,245.37,UPI,Processing
O001042,2026-02-19,C00586,P0017,2,0.3,190.43,Debit Card,Cancelled
O001043,2025-10-17,C01202,P0042,1,0.15,483.26,Debit Card,Processing
O001044,2025-06-29,C00936,P0223,1,0.15,389.31,Credit Card,Cancelled
O001045,2024-05-29,C01416,P0023,1,0.05,368.53,Debit Card,Delivered
O001046,2025-03-17,C00416,P0172,1,0.05,144.33,Credit Card,Processing
O001046,2025-03-17,C00416,P0230,2,0.0,452.6,UPI,Processing
O001047,2025-03-25,C00492,P0028,1,0.15,138.39,Wallet,Cancelled
O001048,2025-01-18,C00797,P0208,1,0.15,413.26,Wallet,Delivered
O001048,2025-01-18,C00797,P0217,1,0.05,442.15,Cash on Delivery,Delivered
O001049,2025-11-29,C00735,P0231,3,0.0,493.51,Credit Card,Delivered
O001050,2026-02-03,C00321,P0103,1,0.1,40.34,Debit Card,Shipped
O001051,2025-11-04,C00949,P0098,1,0.1,178.45,Debit Card,Delivered
O001052,2025-01-29,C00133,P0138,2,0.05,442.8,UPI,Processing
O001053,2025-08-12,C00588,P0023,1,0.15,234.22,Credit Card,Delivered
O001053,2025-08-12,C00588,P0046,1,0.25,262.43,UPI,Shipped
O001054,2024-05-13,C00793,P0102,2,0.2,481.93,Debit Card,Delivered
O001055,2025-12-09,C01248,P0052,1,0.1,266.26,UPI,Delivered
O001056,2024-11-02,C00524,P0139,1,0.05,170.01,UPI,Shipped
O001056,2024-11-02,C00524,P0246,1,0.15,336.67,Wallet,Shipped
O001057,2024-07-13,C00180,P0010,1,0.25,129.97,UPI,Processing
O001057,2024-07-13,C00180,P0205,1,0.15,231.19,Debit Card,Delivered
O001058,2026-03-12,C00808,P0115,1,0.1,170.72,Net Banking,Shipped
O001058,2026-03-12,C00808,P0140,1,0.0,127.14,Cash on Delivery,Shipped
O001059,2025-10-29,C00455,P0027,1,0.0,465.71,UPI,Shipped
O001059,2025-10-29,C00455,P0038,2,0.15,313.71,Net Banking,Delivered
O001060,2025-01-14,C00018,P0136,1,0.0,475.13,Debit Card,Delivered
O001061,2024-11-30,C00985,P0106,1,0.05,205.43,Cash on Delivery,Processing
O001061,2024-11-30,C00985,P0082,3,0.0,246.56,UPI,Delivered
O001061,2024-11-30,C00985,P0191,2,0.1,53.63,UPI,Cancelled
O001062,2024-08-14,C01130,P0244,1,0.1,202.26,UPI,Delivered
O001062,2024-08-14,C01130,P0207,3,0.1,336.7,UPI,Cancelled
O001062,2024-08-14,C01130,P0023,2,0.0,405.51,Debit Card,Delivered
O001063,2026-02-05,C00310,P0139,3,0.0,355.16,Wallet,Delivered
O001064,2025-06-22,C00768,P0154,1,0.0,308.63,UPI,Delivered
O001065,2026-03-20,C00155,P0080,1,0.0,64.75,UPI,Delivered
O001065,2026-03-20,C00155,P0161,1,0.0,270.58,Debit Card,Delivered
O001066,2025-04-27,C00725,P0172,1,0.0,455.2,UPI,Cancelled
O001067,2024-07-11,C00688,P0124,1,0.05,338.66,Credit Card,Delivered
O001068,2025-04-24,C01460,P0018,4,0.05,471.48,UPI,Delivered
O001068,2025-04-24,C01460,P0205,1,0.0,312.26,Debit Card,Delivered
O001069,2026-01-23,C00003,P0063,2,0.05,74.76,Credit Card,Delivered
O001069,2026-01-23,C00003,P0102,1,0.05,418.69,Debit Card,Processing
O001070,2025-04-18,C01012,P0050,1,0.15,167.0,UPI,Delivered
O001071,2025-03-13,C01048,P0161,1,0.15,303.82,UPI,Cancelled
O001072,2024-12-19,C00836,P0143,2,0.1,243.91,Credit Card,Processing
O001073,2026-03-25,C01185,P0125,1,0.15,396.62,Debit Card,Processing
O001073,2026-03-25,C01185,P0079,1,0.2,428.16,Credit Card,Delivered
O001074,2024-04-07,C01416,P0211,1,0.05,345.4,Debit Card,Cancelled
O001074,2024-04-07,C01416,P0165,1,0.05,164.69,Debit Card,Processing
O001075,2025-04-24,C01310,P0022,1,0.05,448.81,Credit Card,Delivered
O001076,2024-09-23,C00656,P0129,1,0.05,320.91,Debit Card,Cancelled
O001077,2025-05-20,C01373,P0088,1,0.15,270.97,Net Banking,Delivered
O001077,2025-05-20,C01373,P0004,1,0.05,389.67,UPI,Delivered
O001077,2025-05-20,C01373,P0099,1,0.2,185.22,Debit Card,Processing
O001078,2025-05-02,C00049,P0160,1,0.05,207.37,Credit Card,Processing
O001079,2024-10-29,C00862,P0148,3,0.15,434.93,Credit Card,Delivered
O001079,2024-10-29,C00862,P0105,1,0.1,370.11,Cash on Delivery,Processing
O001080,2025-02-02,C00255,P0020,1,0.2,45.33,Credit Card,Delivered
O001081,2024-05-05,C00152,P0051,1,0.05,177.71,Credit Card,Delivered
O001081,2024-05-05,C00152,P0058,1,0.0,267.8,Net Banking,Delivered
O001082,2026-02-20,C00854,P0250,1,0.3,365.89,Debit Card,Delivered
O001082,2026-02-20,C00854,P0230,1,0.2,266.48,UPI,Processing
O001083,2024-09-04,C00132,P0141,1,0.0,96.52,Credit Card,Delivered
O001084,2024-10-09,C00719,P0109,3,0.05,281.45,Credit Card,Processing
O001085,2024-08-24,C01272,P0145,1,0.1,145.59,UPI,Shipped
O001086,2026-02-10,C00964,P0025,1,0.05,234.56,Credit Card,Processing
O001087,2024-08-27,C00279,P0018,1,0.3,243.0,UPI,Delivered
O001088,2024-04-11,C00140,P0115,1,0.05,427.44,UPI,Processing
O001088,2024-04-11,C00140,P0144,2,0.0,99.23,Credit Card,Delivered
O001089,2025-06-17,C00216,P0120,2,0.15,390.55,UPI,Delivered
O001089,2025-06-17,C00216,P0028,1,0.15,139.6,UPI,Delivered
O001089,2025-06-17,C00216,P0106,1,0.15,127.73,Cash on Delivery,Delivered
O001090,2025-06-11,C00043,P0087,1,0.25,463.68,Credit Card,Delivered
O001091,2025-07-18,C00042,P0012,4,0.15,264.43,UPI,Delivered
O001092,2025-05-25,C00514,P0192,3,0.05,475.19,UPI,Delivered
O001093,2024-06-10,C00482,P0046,1,0.1,408.58,Credit Card,Delivered
O001094,2026-01-20,C01300,P0146,1,0.1,391.96,UPI,Delivered
O001094,2026-01-20,C01300,P0119,1,0.1,142.99,UPI,Delivered
O001095,2026-01-13,C00962,P0116,1,0.15,249.1,Credit Card,Processing
O001096,2024-07-12,C01121,P0147,1,0.15,70.98,Credit Card,Delivered
O001097,2024-05-05,C00901,P0218,1,0.2,368.46,Credit Card,Delivered
O001098,2026-01-05,C00690,P0133,2,0.05,204.49,Debit Card,Delivered
O001099,2025-02-27,C01428,P0214,1,0.2,312.83,Debit Card,Delivered
O001100,2024-10-18,C00210,P0033,1,0.1,367.07,Debit Card,Delivered
O001100,2024-10-18,C00210,P0132,1,0.15,184.85,Debit Card,Cancelled
O001100,2024-10-18,C00210,P0243,1,0.1,352.19,Credit Card,Processing
O001101,2024-11-29,C00101,P0231,1,0.1,66.92,Debit Card,Delivered
O001102,2025-08-06,C00734,P0013,1,0.0,76.73,UPI,Delivered
O001103,2025-10-22,C00522,P0175,2,0.1,134.3,UPI,Delivered
O001104,2025-03-16,C00871,P0182,1,0.15,236.59,Debit Card,Delivered
O001105,2024-11-19,C01427,P0009,1,0.0,421.82,Cash on Delivery,Delivered
O001105,2024-11-19,C01427,P0008,1,0.2,26.72,Debit Card,Shipped
O001106,2026-02-02,C01144,P0133,3,0.15,264.21,UPI,Processing
O001107,2025-09-23,C00058,P0101,1,0.1,130.61,Cash on Delivery,Processing
O001108,2024-11-09,C00923,P0144,1,0.0,342.39,Debit Card,Delivered
O001108,2024-11-09,C00923,P0026,1,0.05,221.57,UPI,Processing
O001109,2024-07-06,C00158,P0240,2,0.1,486.38,Credit Card,Delivered
O001110,2025-07-20,C00961,P0126,1,0.05,211.7,Credit Card,Shipped
O001111,2024-09-04,C00600,P0046,1,0.1,294.6,UPI,Delivered
O001111,2024-09-04,C00600,P0134,2,0.1,449.32,UPI,Delivered
O001111,2024-09-04,C00600,P0218,1,0.15,96.26,Debit Card,Delivered
O001112,2025-04-07,C00406,P0029,1,0.1,479.01,Net Banking,Delivered
O001113,2025-02-28,C00697,P0019,1,0.1,375.68,UPI,Delivered
O001113,2025-02-28,C00697,P0068,1,0.15,172.33,Cash on Delivery,Delivered
O001114,2025-11-19,C00398,P0032,1,0.1,331.89,UPI,Shipped
O001114,2025-11-19,C00398,P0054,4,0.0,178.76,Net Banking,Delivered
O001115,2025-08-31,C00689,P0181,4,0.1,236.22,UPI,Shipped
O001116,2024-05-01,C00345,P0162,1,0.25,216.91,Cash on Delivery,Delivered
O001116,2024-05-01,C00345,P0160,2,0.1,159.19,Debit Card,Delivered
O001117,2024-07-08,C00699,P0195,1,0.05,291.44,Wallet,Delivered
O001117,2024-07-08,C00699,P0055,2,0.1,286.67,UPI,Delivered
O001118,2025-04-05,C01217,P0224,3,0.1,368.65,Cash on Delivery,Cancelled
O001118,2025-04-05,C01217,P0208,2,0.05,212.22,Debit Card,Delivered
O001119,2024-04-27,C01204,P0178,1,0.1,165.04,Debit Card,Cancelled
O001120,2024-06-10,C01385,P0088,2,0.2,425.48,Debit Card,Cancelled
O001121,2024-07-11,C00312,P0191,1,0.0,303.75,Net Banking,Shipped
O001122,2025-11-15,C01333,P0212,1,0.1,295.27,Wallet,Delivered
O001122,2025-11-15,C01333,P0206,1,0.2,108.21,Net Banking,Delivered
O001123,2024-06-18,C01045,P0117,1,0.1,446.63,Credit Card,Delivered
O001124,2024-12-28,C00006,P0190,4,0.05,352.12,UPI,Cancelled
O001124,2024-12-28,C00006,P0176,1,0.0,62.95,UPI,Shipped
O001125,2024-08-12,C00073,P0082,1,0.05,78.64,Wallet,Delivered
O001126,2024-09-10,C00576,P0061,2,0.05,441.32,Credit Card,Cancelled
O001126,2024-09-10,C00576,P0141,2,0.2,294.2,Net Banking,Cancelled
O001127,2025-10-15,C00740,P0062,4,0.0,380.69,Debit Card,Delivered
O001128,2024-09-29,C00316,P0053,1,0.15,351.46,Credit Card,Delivered
O001129,2024-10-02,C00305,P0124,1,0.0,446.76,UPI,Delivered
O001130,2025-03-14,C00389,P0249,2,0.1,148.64,Credit Card,Delivered
O001130,2025-03-14,C00389,P0180,4,0.05,203.74,Debit Card,Delivered
O001131,2026-02-19,C00933,P0211,1,0.05,336.53,Wallet,Delivered
O001132,2025-04-02,C01324,P0101,1,0.2,357.51,UPI,Shipped
O001133,2025-01-22,C00305,P0100,1,0.1,52.08,Debit Card,Delivered
O001134,2025-06-25,C00859,P0197,2,0.05,476.78,UPI,Delivered
O001135,2024-11-06,C00965,P0131,1,0.2,174.27,UPI,Cancelled
O001136,2025-04-23,C00254,P0231,1,0.05,378.16,Debit Card,Delivered
O001136,2025-04-23,C00254,P0235,1,0.1,52.15,Cash on Delivery,Delivered
O001137,2024-11-21,C01366,P0216,1,0.15,372.44,UPI,Delivered
O001138,2024-04-20,C01406,P0017,1,0.1,460.63,Cash on Delivery,Shipped
O001139,2024-10-21,C01229,P0163,1,0.15,203.14,Net Banking,Delivered
O001139,2024-10-21,C01229,P0133,1,0.1,401.54,UPI,Delivered
O001140,2025-01-06,C01282,P0117,4,0.2,275.06,Credit Card,Shipped
O001140,2025-01-06,C01282,P0147,3,0.05,481.26,UPI,Delivered
O001140,2025-01-06,C01282,P0024,2,0.2,107.05,UPI,Delivered
O001141,2025-11-26,C01440,P0123,1,0.1,307.63,Net Banking,Delivered
O001141,2025-11-26,C01440,P0146,1,0.05,257.63,UPI,Shipped
O001141,2025-11-26,C01440,P0001,1,0.1,148.82,UPI,Cancelled
O001142,2025-01-23,C01026,P0205,1,0.05,430.03,Cash on Delivery,Cancelled
O001143,2025-03-23,C01472,P0119,1,0.2,114.31,Debit Card,Delivered
O001143,2025-03-23,C01472,P0113,1,0.1,126.53,UPI,Processing
O001143,2025-03-23,C01472,P0229,1,0.1,346.77,Net Banking,Processing
O001144,2024-12-21,C00092,P0022,1,0.1,447.31,Net Banking,Shipped
O001145,2026-02-16,C00049,P0008,1,0.05,359.48,Cash on Delivery,Delivered
O001146,2025-01-28,C00775,P0192,2,0.15,30.08,Credit Card,Delivered
O001147,2026-03-28,C00601,P0111,1,0.0,183.63,UPI,Delivered
O001148,2024-10-19,C01019,P0022,1,0.15,439.65,UPI,Delivered
O001149,2024-04-18,C01498,P0225,4,0.15,259.82,Cash on Delivery,Delivered
O001150,2024-11-10,C01431,P0216,1,0.05,366.46,Credit Card,Delivered
O001151,2025-04-10,C00010,P0016,3,0.3,389.86,Credit Card,Processing
O001151,2025-04-10,C00010,P0031,1,0.15,284.12,Debit Card,Shipped
O001152,2025-06-11,C00893,P0140,3,0.2,129.6,UPI,Delivered
O001153,2024-10-03,C00644,P0029,2,0.3,356.83,Debit Card,Delivered
O001154,2024-05-29,C01129,P0100,2,0.05,317.66,Debit Card,Delivered
O001154,2024-05-29,C01129,P0209,4,0.05,61.6,Wallet,Delivered
O001154,2024-05-29,C01129,P0183,1,0.1,110.43,Debit Card,Delivered
O001155,2024-10-02,C00834,P0167,2,0.05,305.69,Cash on Delivery,Delivered
O001155,2024-10-02,C00834,P0065,1,0.05,325.97,Cash on Delivery,Cancelled
O001156,2025-05-10,C00770,P0075,1,0.05,293.95,Wallet,Processing
O001157,2025-01-04,C00979,P0027,1,0.1,483.26,UPI,Delivered
O001157,2025-01-04,C00979,P0082,1,0.2,78.25,UPI,Delivered
O001158,2024-11-23,C01447,P0046,1,0.0,101.43,Credit Card,Processing
O001159,2025-07-11,C01402,P0156,1,0.1,79.55,Credit Card,Cancelled
O001160,2026-02-26,C00025,P0082,1,0.0,32.18,UPI,Delivered
O001161,2025-08-29,C00202,P0203,2,0.15,480.93,UPI,Cancelled
O001162,2024-09-15,C00579,P0188,2,0.1,388.31,Net Banking,Delivered
O001162,2024-09-15,C00579,P0064,1,0.15,41.71,Cash on Delivery,Delivered
O001162,2024-09-15,C00579,P0143,1,0.1,308.62,Debit Card,Delivered
O001163,2024-12-25,C00526,P0121,3,0.2,396.5,Cash on Delivery,Cancelled
O001164,2024-10-25,C00462,P0220,1,0.2,71.45,Credit Card,Processing
O001164,2024-10-25,C00462,P0214,3,0.0,254.38,Cash on Delivery,Delivered
O001165,2025-06-17,C00342,P0241,2,0.15,470.65,Credit Card,Delivered
O001165,2025-06-17,C00342,P0171,1,0.2,75.37,Debit Card,Delivered
O001166,2024-10-03,C00106,P0162,2,0.1,434.99,Cash on Delivery,Delivered
O001166,2024-10-03,C00106,P0207,1,0.15,468.98,UPI,Delivered
O001167,2025-02-13,C00553,P0145,1,0.15,236.67,UPI,Delivered
O001168,2025-11-15,C01188,P0206,3,0.05,31.63,Net Banking,Cancelled
O001169,2025-04-28,C01384,P0199,2,0.0,335.1,Net Banking,Shipped
O001170,2025-10-28,C00948,P0236,2,0.1,334.37,UPI,Delivered
O001171,2024-04-03,C00037,P0091,1,0.2,382.76,UPI,Delivered
O001172,2024-11-24,C01146,P0228,1,0.1,443.23,Cash on Delivery,Processing
O001173,2026-02-01,C01305,P0238,1,0.05,450.28,Credit Card,Processing
O001174,2025-02-01,C00331,P0075,1,0.05,42.6,UPI,Delivered
O001174,2025-02-01,C00331,P0094,3,0.1,429.21,Cash on Delivery,Shipped
O001174,2025-02-01,C00331,P0127,1,0.0,303.19,Wallet,Shipped
O001175,2025-03-15,C01221,P0063,1,0.15,191.97,Debit Card,Shipped
O001176,2024-11-20,C00745,P0192,1,0.1,342.17,Debit Card,Delivered
O001177,2026-02-12,C00492,P0166,1,0.05,301.41,UPI,Cancelled
O001178,2025-12-19,C00584,P0016,1,0.1,68.95,UPI,Delivered
O001179,2024-04-08,C00797,P0132,3,0.1,411.29,UPI,Delivered
O001180,2024-06-26,C00783,P0010,3,0.15,218.51,Debit Card,Shipped
O001181,2026-03-31,C01159,P0244,1,0.05,457.69,Cash on Delivery,Delivered
O001182,2026-03-08,C00636,P0051,1,0.15,453.8,Cash on Delivery,Processing
O001183,2024-08-26,C00258,P0048,1,0.05,201.94,Wallet,Shipped
O001184,2026-01-31,C01390,P0132,2,0.0,454.35,Credit Card,Delivered
O001184,2026-01-31,C01390,P0067,2,0.05,221.03,Credit Card,Processing
O001185,2025-02-09,C01082,P0232,1,0.05,487.49,UPI,Delivered
O001186,2025-12-23,C01333,P0043,2,0.05,135.14,UPI,Delivered
O001186,2025-12-23,C01333,P0042,4,0.2,152.6,Wallet,Delivered
O001187,2024-05-26,C00960,P0193,1,0.1,304.36,UPI,Delivered
O001188,2026-03-28,C00533,P0234,1,0.2,433.98,Net Banking,Shipped
O001189,2026-02-08,C00052,P0218,1,0.1,371.95,Credit Card,Processing
O001190,2024-12-23,C00273,P0068,1,0.0,219.93,Debit Card,Processing
O001191,2025-09-12,C00661,P0120,1,0.05,130.23,UPI,Delivered
O001192,2024-09-09,C00056,P0191,1,0.2,342.95,Debit Card,Delivered
O001193,2024-07-25,C01180,P0056,1,0.2,345.48,Debit Card,Delivered
O001193,2024-07-25,C01180,P0245,2,0.15,196.44,Net Banking,Cancelled
O001194,2025-01-28,C00013,P0159,2,0.0,94.69,UPI,Cancelled
O001195,2025-06-04,C00277,P0186,1,0.1,230.58,Credit Card,Delivered
O001196,2024-11-25,C01204,P0198,2,0.1,104.7,UPI,Delivered
O001197,2025-12-14,C00444,P0199,1,0.05,168.14,UPI,Delivered
O001198,2025-12-13,C00865,P0037,3,0.2,35.57,UPI,Delivered
O001199,2024-12-23,C01097,P0021,1,0.05,259.44,Credit Card,Delivered
O001199,2024-12-23,C01097,P0121,4,0.15,436.55,UPI,Processing
O001199,2024-12-23,C01097,P0080,1,0.3,410.52,Net Banking,Delivered
O001200,2024-12-10,C01343,P0212,2,0.05,447.72,UPI,Delivered
O001201,2024-11-07,C00016,P0113,3,0.05,394.53,UPI,Shipped
O001202,2025-10-22,C00651,P0030,2,0.1,137.41,Debit Card,Cancelled
O001203,2024-08-28,C01383,P0046,2,0.15,314.43,Credit Card,Delivered
O001203,2024-08-28,C01383,P0117,1,0.0,277.02,Debit Card,Delivered
O001204,2025-04-02,C01061,P0164,1,0.1,382.33,Credit Card,Delivered
O001204,2025-04-02,C01061,P0150,2,0.1,365.48,Credit Card,Shipped
O001205,2026-02-05,C01270,P0174,1,0.1,302.82,UPI,Delivered
O001206,2026-02-04,C00724,P0232,4,0.0,330.71,Debit Card,Delivered
O001207,2026-01-30,C01034,P0100,1,0.2,64.78,Net Banking,Delivered
O001208,2025-04-16,C00176,P0063,1,0.15,190.18,Net Banking,Delivered
O001209,2025-01-20,C01182,P0195,1,0.05,184.67,Debit Card,Delivered
O001209,2025-01-20,C01182,P0016,1,0.0,270.1,Wallet,Delivered
O001209,2025-01-20,C01182,P0033,2,0.0,85.69,Credit Card,Shipped
O001210,2026-01-19,C01156,P0034,1,0.2,264.43,Debit Card,Processing
O001210,2026-01-19,C01156,P0030,1,0.1,57.89,Credit Card,Cancelled
O001211,2025-02-06,C00980,P0034,2,0.0,223.84,Cash on Delivery,Delivered
O001211,2025-02-06,C00980,P0196,1,0.15,244.02,Debit Card,Delivered
O001212,2024-07-08,C01361,P0206,1,0.1,406.15,Cash on Delivery,Delivered
O001212,2024-07-08,C01361,P0228,1,0.0,376.61,UPI,Processing
O001213,2024-07-30,C00383,P0054,2,0.05,309.33,UPI,Delivered
O001213,2024-07-30,C00383,P0158,2,0.2,189.02,UPI,Delivered
O001214,2025-11-07,C00397,P0087,2,0.15,260.1,Cash on Delivery,Delivered
O001215,2025-05-17,C00861,P0172,1,0.1,403.61,UPI,Delivered
O001215,2025-05-17,C00861,P0194,1,0.1,61.08,Cash on Delivery,Shipped
O001215,2025-05-17,C00861,P0186,1,0.1,340.29,UPI,Shipped
O001216,2024-11-05,C00911,P0214,2,0.05,171.58,UPI,Shipped
O001217,2024-04-18,C00083,P0046,1,0.2,386.02,UPI,Shipped
O001218,2025-07-03,C00193,P0224,1,0.15,185.77,Debit Card,Processing
O001219,2025-06-24,C00578,P0186,1,0.05,456.33,Wallet,Processing
O001219,2025-06-24,C00578,P0195,1,0.15,36.33,UPI,Shipped
O001220,2025-06-20,C01468,P0083,1,0.05,247.31,Cash on Delivery,Processing
O001220,2025-06-20,C01468,P0008,1,0.1,454.85,UPI,Shipped
O001221,2024-09-01,C00481,P0024,1,0.15,370.62,UPI,Shipped
O001221,2024-09-01,C00481,P0191,1,0.1,359.02,Credit Card,Cancelled
O001222,2025-07-24,C00682,P0193,2,0.0,453.35,UPI,Shipped
O001223,2024-12-07,C01024,P0146,1,0.0,393.76,Cash on Delivery,Processing
O001223,2024-12-07,C01024,P0095,1,0.1,404.8,UPI,Delivered
O001223,2024-12-07,C01024,P0124,2,0.1,86.74,Credit Card,Shipped
O001224,2025-04-30,C01003,P0157,1,0.1,207.28,UPI,Delivered
O001224,2025-04-30,C01003,P0077,2,0.25,230.23,UPI,Delivered
O001225,2025-04-07,C00605,P0084,2,0.0,241.37,Cash on Delivery,Processing
O001226,2024-08-02,C00127,P0240,3,0.05,54.99,Debit Card,Cancelled
O001226,2024-08-02,C00127,P0209,2,0.0,434.87,Cash on Delivery,Cancelled
O001227,2025-10-31,C01104,P0075,1,0.0,119.98,Cash on Delivery,Processing
O001228,2025-03-10,C01055,P0102,1,0.25,266.75,Credit Card,Shipped
O001229,2024-08-24,C01154,P0085,1,0.0,411.11,Credit Card,Delivered
O001229,2024-08-24,C01154,P0022,2,0.0,343.24,Credit Card,Delivered
O001230,2026-01-08,C00478,P0069,1,0.05,413.06,Cash on Delivery,Delivered
O001231,2025-06-18,C00594,P0130,2,0.15,491.56,Wallet,Delivered
O001232,2024-11-02,C01478,P0100,1,0.05,28.94,Credit Card,Delivered
O001233,2024-07-19,C00004,P0029,1,0.1,43.14,Credit Card,Shipped
O001234,2024-09-18,C00748,P0008,1,0.05,79.72,Debit Card,Delivered
O001235,2024-09-03,C00247,P0102,1,0.1,169.2,Cash on Delivery,Delivered
O001236,2024-07-11,C01437,P0081,2,0.1,158.05,UPI,Delivered
O001237,2024-08-24,C00753,P0109,2,0.1,62.73,Wallet,Delivered
O001238,2024-09-17,C00981,P0151,1,0.0,131.33,Cash on Delivery,Cancelled
O001239,2025-10-24,C00245,P0095,1,0.1,403.47,Net Banking,Shipped
O001239,2025-10-24,C00245,P0060,1,0.15,152.52,Debit Card,Cancelled
O001240,2024-05-21,C00321,P0155,1,0.05,423.96,Debit Card,Delivered
O001241,2025-04-01,C00280,P0183,2,0.1,468.75,Debit Card,Shipped
O001242,2025-12-12,C01102,P0191,1,0.05,304.18,Net Banking,Cancelled
O001242,2025-12-12,C01102,P0104,4,0.2,84.82,Cash on Delivery,Delivered
O001243,2025-04-22,C01325,P0199,2,0.1,304.05,UPI,Delivered
O001244,2024-07-04,C01131,P0072,1,0.1,490.25,Cash on Delivery,Delivered
O001244,2024-07-04,C01131,P0114,1,0.2,228.81,Cash on Delivery,Delivered
O001245,2024-04-25,C01140,P0131,4,0.1,27.03,UPI,Shipped
O001246,2024-05-18,C00298,P0126,1,0.1,178.82,Debit Card,Processing
O001247,2024-07-15,C00559,P0217,1,0.1,237.89,UPI,Delivered
O001248,2025-07-23,C00984,P0169,1,0.05,468.73,UPI,Delivered
O001249,2025-09-03,C01373,P0190,1,0.05,327.22,Credit Card,Cancelled
O001249,2025-09-03,C01373,P0211,4,0.15,56.57,Net Banking,Delivered
O001250,2025-12-31,C01335,P0157,1,0.2,234.61,Cash on Delivery,Delivered
O001251,2026-01-04,C00285,P0210,2,0.0,324.05,Credit Card,Cancelled
O001252,2024-12-05,C01484,P0011,1,0.1,327.53,Net Banking,Shipped
O001253,2024-06-12,C01192,P0130,1,0.15,348.42,Wallet,Delivered
O001254,2024-09-05,C00237,P0154,3,0.05,304.59,Debit Card,Delivered
O001255,2025-06-08,C00475,P0208,1,0.25,134.17,Credit Card,Delivered
O001256,2025-08-03,C01159,P0073,1,0.2,410.36,UPI,Delivered
O001257,2026-03-29,C01300,P0143,4,0.05,271.49,Debit Card,Shipped
O001257,2026-03-29,C01300,P0218,2,0.0,70.38,Debit Card,Delivered
O001258,2025-12-29,C01142,P0060,2,0.15,153.25,Wallet,Delivered
O001259,2025-07-22,C01183,P0159,1,0.05,493.56,Wallet,Cancelled
O001259,2025-07-22,C01183,P0245,1,0.1,304.52,Cash on Delivery,Delivered
O001260,2025-08-29,C00853,P0058,2,0.15,191.18,Net Banking,Delivered
O001260,2025-08-29,C00853,P0060,1,0.1,299.03,Debit Card,Delivered
O001261,2025-02-06,C00555,P0226,1,0.0,239.36,Cash on Delivery,Delivered
O001262,2025-04-01,C00938,P0097,1,0.0,280.65,UPI,Delivered
O001263,2024-10-13,C01051,P0114,1,0.1,384.67,Cash on Delivery,Delivered
O001264,2024-10-21,C00535,P0045,1,0.05,260.44,UPI,Shipped
O001265,2025-02-22,C00332,P0148,1,0.1,35.23,Net Banking,Delivered
O001266,2026-01-24,C01017,P0007,1,0.1,335.04,Credit Card,Cancelled
O001267,2025-10-01,C00007,P0144,1,0.15,178.71,UPI,Delivered
O001267,2025-10-01,C00007,P0166,1,0.05,270.36,Cash on Delivery,Delivered
O001267,2025-10-01,C00007,P0067,1,0.15,152.02,Credit Card,Cancelled
O001268,2025-12-25,C00064,P0213,1,0.05,64.27,Credit Card,Processing
O001269,2025-11-25,C01122,P0009,2,0.05,89.34,UPI,Delivered
O001270,2024-09-04,C01298,P0151,2,0.05,213.34,Debit Card,Delivered
O001271,2024-08-29,C00167,P0059,1,0.15,432.12,Debit Card,Processing
O001271,2024-08-29,C00167,P0114,1,0.0,49.67,Net Banking,Delivered
O001272,2025-08-18,C00346,P0220,1,0.25,454.37,Net Banking,Processing
O001273,2024-04-06,C00051,P0248,1,0.15,376.78,UPI,Processing
O001273,2024-04-06,C00051,P0191,1,0.05,383.26,UPI,Delivered
O001274,2025-08-19,C00922,P0075,1,0.15,248.71,Wallet,Cancelled
O001274,2025-08-19,C00922,P0153,2,0.1,267.43,Credit Card,Delivered
O001275,2024-09-29,C00721,P0123,2,0.1,315.07,Credit Card,Delivered
O001276,2025-04-26,C00579,P0007,1,0.05,27.11,Cash on Delivery,Cancelled
O001276,2025-04-26,C00579,P0005,1,0.1,243.35,UPI,Delivered
O001277,2026-03-20,C00179,P0156,1,0.15,155.29,Credit Card,Cancelled
O001278,2024-07-08,C00313,P0197,1,0.2,278.72,Credit Card,Shipped
O001279,2024-07-17,C00212,P0034,1,0.1,91.86,Wallet,Delivered
O001279,2024-07-17,C00212,P0025,1,0.1,100.76,Credit Card,Delivered
O001280,2024-04-04,C00208,P0234,1,0.15,326.06,UPI,Delivered
O001281,2025-03-15,C00188,P0141,1,0.1,385.31,Net Banking,Shipped
O001281,2025-03-15,C00188,P0158,1,0.15,321.33,Cash on Delivery,Delivered
O001281,2025-03-15,C00188,P0240,1,0.15,174.01,Credit Card,Delivered
O001282,2024-11-10,C00621,P0075,1,0.15,404.21,Wallet,Delivered
O001283,2026-03-27,C00893,P0219,1,0.05,46.01,Debit Card,Delivered
O001284,2025-10-01,C00980,P0234,2,0.05,64.98,Debit Card,Cancelled
O001284,2025-10-01,C00980,P0184,3,0.15,248.79,Cash on Delivery,Delivered
O001285,2024-12-02,C00404,P0154,2,0.3,51.2,Cash on Delivery,Shipped
O001285,2024-12-02,C00404,P0132,1,0.15,427.91,UPI,Delivered
O001286,2025-05-20,C00947,P0026,4,0.1,375.04,Credit Card,Cancelled
O001286,2025-05-20,C00947,P0085,1,0.15,290.15,Wallet,Shipped
O001287,2025-12-26,C00986,P0182,1,0.05,104.17,Credit Card,Cancelled
O001287,2025-12-26,C00986,P0033,1,0.2,308.62,Net Banking,Delivered
O001288,2025-04-12,C00635,P0117,1,0.2,463.94,UPI,Delivered
O001288,2025-04-12,C00635,P0231,1,0.05,162.34,Credit Card,Processing
O001289,2025-03-15,C01163,P0130,1,0.05,236.22,Debit Card,Delivered
O001289,2025-03-15,C01163,P0222,1,0.15,256.02,Debit Card,Delivered
O001290,2025-02-27,C01170,P0101,1,0.0,118.25,Cash on Delivery,Delivered
O001291,2026-02-14,C01122,P0240,1,0.3,190.89,Debit Card,Shipped
O001291,2026-02-14,C01122,P0196,1,0.0,363.54,Wallet,Processing
O001292,2025-03-05,C01221,P0159,1,0.05,79.0,Net Banking,Cancelled
O001292,2025-03-05,C01221,P0172,1,0.15,25.83,Credit Card,Delivered
O001293,2025-04-23,C00831,P0153,2,0.0,386.0,Cash on Delivery,Processing
O001294,2025-07-11,C00437,P0020,2,0.25,149.99,Cash on Delivery,Cancelled
O001295,2026-02-02,C01252,P0210,1,0.1,285.08,Credit Card,Shipped
O001295,2026-02-02,C01252,P0110,2,0.1,295.22,Debit Card,Delivered
O001296,2025-12-13,C00121,P0136,1,0.15,44.23,Net Banking,Cancelled
O001297,2025-02-11,C01142,P0017,1,0.0,360.74,Credit Card,Delivered
O001297,2025-02-11,C01142,P0224,2,0.05,120.3,Debit Card,Delivered
O001298,2025-01-24,C00480,P0033,1,0.15,82.84,Credit Card,Processing
O001298,2025-01-24,C00480,P0193,1,0.0,240.22,Credit Card,Delivered
O001299,2025-05-13,C00758,P0034,2,0.1,431.98,Cash on Delivery,Delivered
O001300,2025-09-04,C01069,P0058,1,0.0,223.64,Credit Card,Delivered
O001301,2026-02-08,C01038,P0243,4,0.05,222.44,Debit Card,Delivered
O001301,2026-02-08,C01038,P0023,1,0.1,416.57,Cash on Delivery,Shipped
O001302,2024-04-01,C01096,P0202,1,0.05,246.09,Net Banking,Delivered
O001303,2025-06-07,C00992,P0166,3,0.15,243.21,Credit Card,Cancelled
O001303,2025-06-07,C00992,P0248,1,0.25,48.54,UPI,Delivered
O001304,2025-02-11,C01323,P0201,1,0.0,463.56,Cash on Delivery,Delivered
O001305,2024-06-17,C01316,P0197,1,0.25,278.47,Cash on Delivery,Cancelled
O001306,2024-09-20,C00847,P0185,2,0.3,385.97,Debit Card,Delivered
O001307,2026-01-30,C00774,P0168,1,0.0,438.28,Debit Card,Delivered
O001308,2025-12-12,C01300,P0139,2,0.0,463.09,Wallet,Delivered
O001309,2025-06-17,C00176,P0247,1,0.2,197.12,Debit Card,Delivered
O001310,2025-09-19,C00915,P0029,4,0.1,418.96,Wallet,Shipped
O001310,2025-09-19,C00915,P0167,1,0.15,111.16,Credit Card,Delivered
O001310,2025-09-19,C00915,P0065,4,0.1,378.18,Cash on Delivery,Cancelled
O001311,2024-11-15,C01204,P0235,1,0.2,380.59,Wallet,Delivered
O001312,2025-03-22,C00513,P0237,1,0.25,33.47,Credit Card,Delivered
O001313,2024-06-30,C01394,P0109,1,0.15,252.56,Debit Card,Delivered
O001314,2024-05-31,C00393,P0220,1,0.15,107.54,Debit Card,Delivered
O001314,2024-05-31,C00393,P0132,1,0.2,31.25,Credit Card,Delivered
O001315,2025-05-09,C00645,P0144,2,0.2,65.66,UPI,Processing
O001315,2025-05-09,C00645,P0189,1,0.25,340.49,Debit Card,Cancelled
O001315,2025-05-09,C00645,P0030,3,0.15,379.23,Credit Card,Delivered
O001316,2024-06-30,C00992,P0142,4,0.05,110.58,Net Banking,Cancelled
O001317,2024-05-23,C00542,P0129,1,0.1,166.89,Credit Card,Delivered
O001317,2024-05-23,C00542,P0040,1,0.0,261.08,UPI,Processing
O001318,2026-03-16,C00386,P0088,1,0.2,79.82,Debit Card,Delivered
O001319,2024-04-13,C00918,P0226,2,0.2,243.17,UPI,Cancelled
O001320,2024-10-01,C00166,P0092,1,0.05,324.36,UPI,Delivered
O001321,2025-12-02,C01193,P0104,1,0.2,447.42,UPI,Delivered
O001322,2025-09-22,C00965,P0192,4,0.15,110.66,UPI,Processing
O001323,2024-09-06,C01231,P0074,1,0.0,250.61,Cash on Delivery,Shipped
O001324,2024-09-01,C00615,P0133,1,0.1,204.64,Credit Card,Delivered
O001325,2025-08-26,C00214,P0098,2,0.2,336.49,UPI,Processing
O001326,2024-12-24,C01068,P0233,1,0.2,60.83,Wallet,Delivered
O001326,2024-12-24,C01068,P0002,1,0.05,308.28,Credit Card,Delivered
O001327,2024-06-01,C01374,P0020,1,0.05,228.56,UPI,Processing
O001328,2024-05-17,C01062,P0244,1,0.05,357.61,Debit Card,Delivered
O001328,2024-05-17,C01062,P0077,4,0.15,207.77,UPI,Cancelled
O001329,2024-11-11,C00898,P0198,3,0.05,487.36,UPI,Cancelled
O001330,2026-03-12,C00988,P0117,1,0.1,430.73,UPI,Processing
O001330,2026-03-12,C00988,P0231,1,0.15,462.2,Debit Card,Delivered
O001331,2024-12-13,C00347,P0198,2,0.3,388.72,UPI,Delivered
O001332,2025-07-30,C00714,P0048,2,0.25,412.98,Credit Card,Delivered
O001333,2024-09-07,C01351,P0244,1,0.1,56.58,Cash on Delivery,Cancelled
O001334,2025-03-03,C00286,P0103,2,0.0,135.05,Net Banking,Cancelled
O001335,2024-10-02,C01024,P0085,1,0.1,38.83,Wallet,Shipped
O001336,2026-01-06,C00023,P0098,2,0.05,439.78,Wallet,Delivered
O001336,2026-01-06,C00023,P0166,1,0.15,104.06,Debit Card,Delivered
O001337,2024-11-06,C00506,P0126,1,0.1,130.24,Debit Card,Processing
O001338,2025-10-07,C00293,P0193,2,0.1,119.41,Debit Card,Delivered
O001339,2024-12-03,C00561,P0131,1,0.05,390.21,Net Banking,Delivered
O001339,2024-12-03,C00561,P0052,2,0.15,287.74,UPI,Delivered
O001340,2025-11-03,C00542,P0137,1,0.1,482.49,Credit Card,Delivered
O001341,2024-06-21,C01249,P0070,2,0.1,47.37,Debit Card,Processing
O001341,2024-06-21,C01249,P0094,1,0.1,395.92,Credit Card,Delivered
O001342,2025-05-27,C01078,P0082,3,0.1,454.73,Credit Card,Cancelled
O001342,2025-05-27,C01078,P0213,3,0.15,252.85,Credit Card,Delivered
O001343,2025-04-04,C01129,P0099,1,0.1,403.93,UPI,Delivered
O001344,2024-09-12,C01017,P0242,1,0.1,421.7,Net Banking,Delivered
O001345,2026-02-15,C00862,P0182,1,0.05,442.03,UPI,Cancelled
O001346,2026-03-25,C00287,P0123,1,0.2,372.43,UPI,Cancelled
O001346,2026-03-25,C00287,P0198,1,0.0,461.93,Debit Card,Delivered
O001347,2025-06-19,C00039,P0096,4,0.0,254.68,UPI,Cancelled
O001348,2024-06-20,C00441,P0162,1,0.1,49.04,Wallet,Processing
O001348,2024-06-20,C00441,P0215,2,0.1,34.95,Cash on Delivery,Delivered
O001349,2025-12-10,C01425,P0011,1,0.1,70.22,Credit Card,Delivered
O001350,2026-01-02,C00574,P0124,3,0.0,127.85,Wallet,Cancelled
O001350,2026-01-02,C00574,P0128,1,0.0,131.1,Cash on Delivery,Processing
O001350,2026-01-02,C00574,P0108,1,0.1,457.64,Net Banking,Delivered
O001351,2025-10-19,C00139,P0187,2,0.1,437.04,Net Banking,Shipped
O001352,2025-07-06,C00481,P0164,1,0.05,304.61,UPI,Delivered
O001352,2025-07-06,C00481,P0246,1,0.2,340.93,Credit Card,Shipped
O001353,2025-08-16,C01493,P0124,1,0.1,306.09,Cash on Delivery,Delivered
O001354,2024-07-02,C01123,P0225,3,0.25,107.36,Credit Card,Delivered
O001354,2024-07-02,C01123,P0174,3,0.1,63.68,Net Banking,Delivered
O001355,2025-03-31,C01340,P0046,1,0.05,45.55,Credit Card,Delivered
O001356,2024-07-29,C01260,P0155,3,0.15,326.51,Credit Card,Processing
O001357,2025-01-25,C00267,P0200,1,0.0,476.2,UPI,Delivered
O001357,2025-01-25,C00267,P0085,1,0.05,58.74,Debit Card,Delivered
O001357,2025-01-25,C00267,P0131,1,0.05,129.02,Credit Card,Delivered
O001358,2025-11-04,C00566,P0228,1,0.15,328.09,Credit Card,Delivered
O001359,2025-12-01,C00838,P0226,1,0.05,319.79,Credit Card,Delivered
O001360,2024-05-15,C00029,P0043,3,0.15,55.62,Debit Card,Cancelled
O001361,2025-04-10,C01050,P0066,1,0.15,180.33,UPI,Cancelled
O001362,2024-10-27,C01292,P0194,2,0.1,153.59,UPI,Delivered
O001363,2024-04-12,C00834,P0086,2,0.1,294.84,UPI,Delivered
O001364,2025-05-22,C00467,P0086,1,0.3,66.66,Cash on Delivery,Cancelled
O001365,2025-08-21,C01122,P0086,2,0.1,25.49,UPI,Delivered
O001365,2025-08-21,C01122,P0120,2,0.05,385.75,Debit Card,Delivered
O001366,2026-03-01,C01195,P0199,2,0.1,455.09,Credit Card,Delivered
O001367,2024-12-12,C00598,P0050,1,0.1,216.24,Credit Card,Cancelled
O001367,2024-12-12,C00598,P0019,1,0.05,479.82,UPI,Delivered
O001368,2026-03-28,C00273,P0032,1,0.1,314.23,UPI,Processing
O001368,2026-03-28,C00273,P0212,1,0.05,444.89,Cash on Delivery,Cancelled
O001368,2026-03-28,C00273,P0126,1,0.1,492.31,UPI,Shipped
O001369,2026-01-21,C01455,P0239,4,0.0,402.2,UPI,Shipped
O001369,2026-01-21,C01455,P0157,1,0.0,436.68,Net Banking,Processing
O001369,2026-01-21,C01455,P0013,2,0.05,239.25,Net Banking,Delivered
O001370,2025-03-30,C01333,P0028,1,0.2,111.88,Wallet,Delivered
O001371,2025-03-24,C01100,P0171,2,0.15,361.32,Debit Card,Delivered
O001372,2025-02-20,C01016,P0135,1,0.1,261.97,UPI,Delivered
O001372,2025-02-20,C01016,P0116,1,0.15,108.33,Credit Card,Cancelled
O001373,2025-04-17,C00458,P0213,1,0.05,383.17,UPI,Processing
O001373,2025-04-17,C00458,P0084,1,0.25,273.5,Credit Card,Delivered
O001373,2025-04-17,C00458,P0061,1,0.05,363.49,Credit Card,Cancelled
O001374,2025-02-13,C01475,P0155,4,0.15,253.77,UPI,Shipped
O001375,2024-04-11,C01033,P0198,1,0.05,327.25,Cash on Delivery,Delivered
O001376,2024-06-11,C00082,P0062,1,0.1,51.42,Credit Card,Cancelled
O001377,2025-07-17,C00243,P0001,1,0.0,450.32,Debit Card,Delivered
O001378,2024-06-22,C00782,P0177,1,0.3,453.61,Credit Card,Cancelled
O001379,2025-01-24,C00110,P0228,1,0.25,42.74,UPI,Processing
O001379,2025-01-24,C00110,P0083,1,0.1,77.98,UPI,Delivered
O001380,2024-11-29,C00432,P0215,1,0.0,405.19,UPI,Delivered
O001381,2025-08-12,C01270,P0241,1,0.0,196.7,Credit Card,Delivered
O001382,2025-11-16,C00491,P0231,1,0.1,149.63,Debit Card,Delivered
O001383,2025-02-18,C00172,P0238,1,0.0,159.42,Cash on Delivery,Cancelled
O001383,2025-02-18,C00172,P0010,1,0.1,139.08,Credit Card,Delivered
O001383,2025-02-18,C00172,P0194,2,0.2,462.43,UPI,Cancelled
O001384,2025-09-27,C01132,P0037,2,0.0,83.64,Cash on Delivery,Delivered
O001385,2026-02-04,C00499,P0105,1,0.05,353.2,UPI,Delivered
O001386,2026-02-17,C01429,P0022,4,0.05,90.1,Debit Card,Processing
O001387,2025-05-24,C00711,P0241,1,0.1,475.15,Credit Card,Shipped
O001387,2025-05-24,C00711,P0054,1,0.1,492.52,UPI,Delivered
O001387,2025-05-24,C00711,P0197,1,0.05,97.87,UPI,Delivered
O001388,2026-02-14,C00105,P0091,1,0.15,78.9,Cash on Delivery,Processing
O001389,2024-06-03,C00350,P0145,2,0.2,241.19,Credit Card,Delivered
O001389,2024-06-03,C00350,P0070,2,0.05,225.79,UPI,Delivered
O001390,2025-06-20,C00255,P0113,1,0.2,323.28,Net Banking,Delivered
O001391,2025-11-27,C00343,P0241,2,0.1,107.76,Wallet,Shipped
O001392,2026-02-06,C00562,P0167,1,0.15,201.83,Debit Card,Shipped
O001393,2026-02-16,C00018,P0082,2,0.15,424.82,Net Banking,Delivered
O001394,2024-11-03,C00413,P0148,2,0.2,490.42,Cash on Delivery,Cancelled
O001395,2026-03-19,C01270,P0135,1,0.0,35.89,Cash on Delivery,Cancelled
O001395,2026-03-19,C01270,P0114,1,0.2,436.01,Wallet,Cancelled
O001396,2024-06-24,C01291,P0057,1,0.1,211.33,Debit Card,Cancelled
O001397,2024-04-20,C00355,P0157,1,0.2,204.76,UPI,Delivered
O001397,2024-04-20,C00355,P0015,3,0.25,291.44,Credit Card,Cancelled
O001398,2025-03-17,C01056,P0127,3,0.0,232.34,UPI,Delivered
O001398,2025-03-17,C01056,P0050,1,0.1,284.89,Cash on Delivery,Delivered
O001399,2024-11-20,C00082,P0220,1,0.0,333.35,UPI,Delivered
O001400,2024-09-01,C00466,P0170,1,0.0,249.74,UPI,Shipped
O001401,2024-12-11,C00275,P0085,2,0.05,366.0,UPI,Delivered
O001402,2024-06-22,C01042,P0044,2,0.3,458.65,UPI,Shipped
O001403,2025-08-06,C00724,P0083,1,0.25,187.22,Credit Card,Delivered
O001403,2025-08-06,C00724,P0023,2,0.0,160.64,Credit Card,Delivered
O001404,2024-12-06,C01042,P0006,1,0.25,221.99,UPI,Delivered
O001405,2025-03-14,C00549,P0043,1,0.05,70.96,Debit Card,Delivered
O001406,2025-12-11,C01268,P0202,1,0.3,377.11,UPI,Delivered
O001406,2025-12-11,C01268,P0112,1,0.15,121.1,Debit Card,Shipped
O001407,2024-07-06,C01209,P0230,1,0.05,497.79,Debit Card,Cancelled
O001407,2024-07-06,C01209,P0205,3,0.0,391.5,Wallet,Processing
O001408,2024-06-21,C00845,P0060,1,0.1,129.21,Debit Card,Delivered
O001408,2024-06-21,C00845,P0001,1,0.0,265.29,UPI,Shipped
O001409,2025-12-09,C00684,P0228,1,0.15,476.82,Credit Card,Delivered
O001409,2025-12-09,C00684,P0235,2,0.05,447.21,Credit Card,Cancelled
O001410,2025-03-09,C00237,P0039,1,0.15,303.98,Net Banking,Delivered
O001410,2025-03-09,C00237,P0104,4,0.05,245.44,Credit Card,Delivered
O001410,2025-03-09,C00237,P0189,2,0.05,84.97,Credit Card,Cancelled
O001411,2024-06-15,C00612,P0169,1,0.3,291.72,UPI,Delivered
O001411,2024-06-15,C00612,P0202,1,0.1,259.47,Debit Card,Shipped
O001411,2024-06-15,C00612,P0184,1,0.05,332.25,UPI,Delivered
O001412,2025-11-17,C01121,P0055,1,0.05,68.84,UPI,Delivered
O001413,2025-06-19,C00118,P0181,2,0.0,208.9,Debit Card,Delivered
O001414,2025-04-12,C00381,P0131,2,0.1,208.91,Cash on Delivery,Delivered
O001414,2025-04-12,C00381,P0044,2,0.1,214.14,UPI,Delivered
O001415,2024-05-04,C00928,P0183,1,0.1,311.74,UPI,Delivered
O001416,2024-05-04,C01498,P0109,1,0.2,67.79,Wallet,Delivered
O001416,2024-05-04,C01498,P0168,1,0.05,324.77,UPI,Delivered
O001416,2024-05-04,C01498,P0055,3,0.15,138.58,Credit Card,Delivered
O001417,2025-10-25,C00108,P0008,2,0.2,449.13,Credit Card,Delivered
O001418,2025-07-11,C00749,P0218,3,0.2,132.44,Credit Card,Processing
O001419,2025-01-22,C00252,P0247,1,0.05,117.0,UPI,Shipped
O001420,2026-03-15,C00832,P0218,1,0.15,463.99,Cash on Delivery,Delivered
O001421,2025-03-23,C00449,P0211,1,0.1,342.39,Credit Card,Delivered
O001422,2025-07-21,C00888,P0176,1,0.1,232.96,UPI,Processing
O001422,2025-07-21,C00888,P0218,1,0.05,272.71,UPI,Processing
O001423,2026-02-16,C01381,P0164,1,0.05,66.05,Credit Card,Processing
O001423,2026-02-16,C01381,P0182,1,0.1,73.07,Wallet,Cancelled
O001424,2025-06-05,C00526,P0001,2,0.15,324.94,Credit Card,Delivered
O001425,2025-11-23,C00316,P0204,1,0.1,263.69,Wallet,Delivered
O001425,2025-11-23,C00316,P0232,3,0.1,233.91,Net Banking,Delivered
O001426,2026-01-25,C01269,P0110,2,0.15,464.69,Credit Card,Processing
O001427,2025-01-16,C00198,P0214,1,0.1,399.55,UPI,Delivered
O001428,2025-04-08,C01133,P0044,1,0.15,396.75,Credit Card,Processing
O001428,2025-04-08,C01133,P0093,2,0.1,489.92,UPI,Delivered
O001429,2024-12-11,C01268,P0232,1,0.0,37.99,UPI,Delivered
O001430,2026-03-16,C00991,P0026,1,0.1,160.14,Credit Card,Delivered
O001431,2025-11-21,C00530,P0045,1,0.05,106.65,UPI,Delivered
O001431,2025-11-21,C00530,P0062,2,0.05,144.32,Debit Card,Shipped
O001432,2025-10-12,C00995,P0216,1,0.05,358.57,Debit Card,Shipped
O001433,2025-04-26,C00106,P0072,1,0.15,67.91,Wallet,Delivered
O001434,2025-04-08,C00287,P0103,2,0.05,58.39,Wallet,Cancelled
O001435,2025-06-25,C00623,P0136,2,0.05,417.28,UPI,Delivered
O001436,2024-06-03,C00081,P0088,1,0.15,152.96,UPI,Delivered
O001436,2024-06-03,C00081,P0050,2,0.1,117.59,Credit Card,Delivered
O001437,2026-01-20,C00060,P0011,4,0.1,207.13,Wallet,Cancelled
O001438,2024-11-09,C01239,P0110,1,0.25,382.75,UPI,Shipped
O001438,2024-11-09,C01239,P0222,1,0.1,104.64,Net Banking,Delivered
O001439,2024-09-24,C00641,P0222,1,0.15,201.04,UPI,Delivered
O001440,2024-12-26,C00688,P0173,1,0.15,183.24,Credit Card,Delivered
O001441,2025-03-08,C00261,P0079,1,0.2,439.85,Credit Card,Delivered
O001442,2025-06-25,C01451,P0029,1,0.1,62.98,UPI,Delivered
O001443,2024-09-26,C00149,P0191,1,0.0,471.94,Cash on Delivery,Delivered
O001443,2024-09-26,C00149,P0116,1,0.05,260.46,UPI,Delivered
O001443,2024-09-26,C00149,P0131,3,0.1,162.35,Cash on Delivery,Delivered
O001444,2025-06-11,C00061,P0121,2,0.1,99.53,Debit Card,Processing
O001445,2026-02-07,C00858,P0052,1,0.1,470.35,UPI,Shipped
O001446,2024-06-14,C00852,P0081,1,0.15,100.53,Credit Card,Processing
O001447,2025-02-07,C01205,P0112,2,0.0,492.22,Credit Card,Delivered
O001447,2025-02-07,C01205,P0057,1,0.0,357.25,Net Banking,Delivered
O001447,2025-02-07,C01205,P0210,1,0.05,100.8,Debit Card,Delivered
O001448,2024-10-28,C00844,P0170,1,0.15,81.51,Debit Card,Cancelled
O001448,2024-10-28,C00844,P0026,1,0.1,326.72,UPI,Processing
O001449,2025-03-14,C00402,P0212,1,0.2,107.58,Net Banking,Delivered
O001450,2025-08-21,C00281,P0168,1,0.25,48.24,UPI,Delivered
O001451,2025-02-02,C00597,P0023,1,0.2,224.94,Net Banking,Cancelled
O001452,2024-11-13,C00106,P0076,1,0.1,210.05,UPI,Delivered
O001452,2024-11-13,C00106,P0199,2,0.1,489.45,UPI,Delivered
O001453,2025-07-22,C01359,P0230,2,0.2,108.93,Debit Card,Processing
O001454,2025-10-18,C00134,P0024,1,0.05,74.19,Cash on Delivery,Cancelled
O001454,2025-10-18,C00134,P0096,1,0.15,156.1,Credit Card,Processing
O001454,2025-10-18,C00134,P0205,1,0.0,371.36,Net Banking,Delivered
O001455,2024-09-09,C01499,P0167,1,0.1,72.59,Debit Card,Delivered
O001455,2024-09-09,C01499,P0020,1,0.2,36.4,Net Banking,Shipped
O001456,2024-10-13,C01172,P0016,1,0.1,218.49,Net Banking,Cancelled
O001457,2025-04-14,C00836,P0240,2,0.1,409.63,UPI,Delivered
O001458,2025-08-08,C00546,P0230,1,0.1,131.57,Credit Card,Processing
O001459,2024-10-25,C00237,P0011,1,0.2,441.38,Credit Card,Cancelled
O001460,2026-02-07,C00453,P0232,3,0.0,282.62,Net Banking,Delivered
O001460,2026-02-07,C00453,P0222,1,0.05,139.96,Debit Card,Delivered
O001461,2025-09-27,C00120,P0092,1,0.3,381.24,Wallet,Delivered
O001462,2025-09-13,C01261,P0225,1,0.2,405.96,Credit Card,Processing
O001462,2025-09-13,C01261,P0034,1,0.05,34.26,Credit Card,Delivered
O001463,2025-01-22,C00180,P0076,1,0.15,78.66,UPI,Processing
O001463,2025-01-22,C00180,P0031,1,0.1,34.46,Cash on Delivery,Processing
O001464,2025-11-07,C01177,P0198,1,0.05,446.93,UPI,Delivered
O001465,2024-08-25,C00279,P0121,2,0.05,156.02,Wallet,Delivered
O001466,2024-07-29,C00901,P0213,1,0.1,171.3,Credit Card,Delivered
O001467,2025-02-27,C01307,P0211,1,0.05,282.49,Cash on Delivery,Cancelled
O001467,2025-02-27,C01307,P0241,2,0.1,94.61,Credit Card,Cancelled
O001468,2024-12-06,C00139,P0133,2,0.1,411.37,Credit Card,Delivered
O001468,2024-12-06,C00139,P0016,1,0.0,408.98,Credit Card,Delivered
O001468,2024-12-06,C00139,P0228,1,0.1,305.98,UPI,Shipped
O001469,2024-10-17,C00958,P0011,1,0.0,239.89,Debit Card,Delivered
O001470,2024-06-29,C00218,P0118,1,0.2,176.47,Credit Card,Shipped
O001471,2025-10-14,C00200,P0090,1,0.15,322.99,Credit Card,Delivered
O001472,2024-10-29,C01233,P0198,2,0.1,465.88,UPI,Delivered
O001472,2024-10-29,C01233,P0053,3,0.1,135.36,UPI,Cancelled
O001473,2024-07-07,C00695,P0015,1,0.0,148.35,UPI,Processing
O001473,2024-07-07,C00695,P0008,1,0.05,428.35,UPI,Processing
O001474,2025-04-09,C00234,P0125,1,0.1,428.69,UPI,Shipped
O001475,2025-12-27,C00319,P0245,2,0.1,51.18,UPI,Delivered
O001475,2025-12-27,C00319,P0145,1,0.15,389.54,UPI,Delivered
O001476,2025-05-15,C01362,P0043,1,0.25,209.96,UPI,Delivered
O001477,2026-03-13,C01433,P0069,2,0.3,197.87,UPI,Delivered
O001477,2026-03-13,C01433,P0012,3,0.0,429.53,Credit Card,Delivered
O001478,2024-07-28,C01249,P0118,1,0.1,49.54,Debit Card,Cancelled
O001478,2024-07-28,C01249,P0046,1,0.15,352.22,Wallet,Shipped
O001478,2024-07-28,C01249,P0213,1,0.05,422.41,UPI,Processing
O001479,2025-01-20,C00487,P0105,2,0.1,156.28,UPI,Delivered
O001480,2024-07-06,C00861,P0076,1,0.2,393.51,Debit Card,Delivered
O001481,2024-05-18,C01482,P0075,2,0.15,460.57,Credit Card,Cancelled
O001481,2024-05-18,C01482,P0109,1,0.25,147.66,Cash on Delivery,Delivered
O001482,2025-05-31,C00839,P0167,1,0.05,325.54,Net Banking,Delivered
O001483,2025-04-28,C00349,P0075,2,0.1,222.13,Credit Card,Processing
O001483,2025-04-28,C00349,P0217,2,0.05,398.35,Credit Card,Shipped
O001484,2024-06-30,C00833,P0233,1,0.0,200.02,UPI,Cancelled
O001484,2024-06-30,C00833,P0161,1,0.1,447.18,Net Banking,Delivered
O001485,2024-08-27,C00109,P0067,1,0.05,369.39,UPI,Delivered
O001485,2024-08-27,C00109,P0093,1,0.05,267.91,Wallet,Shipped
O001486,2026-03-12,C01087,P0019,2,0.2,472.68,Credit Card,Delivered
O001486,2026-03-12,C01087,P0075,4,0.1,157.4,Credit Card,Delivered
O001486,2026-03-12,C01087,P0063,1,0.0,43.24,Wallet,Delivered
O001487,2026-03-20,C00235,P0134,1,0.15,150.29,Credit Card,Delivered
O001487,2026-03-20,C00235,P0067,1,0.05,480.66,UPI,Delivered
O001488,2024-06-07,C01226,P0186,1,0.05,379.69,Cash on Delivery,Delivered
O001489,2024-12-25,C00174,P0154,2,0.05,239.13,Wallet,Delivered
O001490,2026-03-21,C01306,P0163,2,0.0,470.23,Cash on Delivery,Processing
O001491,2025-01-12,C00738,P0080,2,0.15,211.31,Cash on Delivery,Processing
O001492,2025-04-23,C01154,P0175,1,0.05,452.87,Wallet,Delivered
O001493,2026-01-24,C00783,P0227,1,0.25,195.31,UPI,Shipped
O001493,2026-01-24,C00783,P0114,2,0.1,490.33,UPI,Delivered
O001494,2026-03-07,C01219,P0155,2,0.0,49.75,Net Banking,Delivered
O001494,2026-03-07,C01219,P0089,1,0.1,378.7,UPI,Delivered
O001495,2024-05-09,C00212,P0206,1,0.15,234.98,UPI,Cancelled
O001496,2025-05-21,C00345,P0019,3,0.1,404.79,UPI,Processing
O001497,2024-06-22,C00280,P0192,2,0.1,129.88,Credit Card,Shipped
O001498,2025-07-09,C00201,P0220,2,0.1,118.4,Cash on Delivery,Delivered
O001499,2025-02-11,C00852,P0084,1,0.25,107.81,Credit Card,Cancelled
O001499,2025-02-11,C00852,P0152,1,0.0,339.29,Credit Card,Shipped
O001499,2025-02-11,C00852,P0132,2,0.25,300.75,Debit Card,Delivered
O001500,2025-07-31,C00810,P0222,2,0.2,197.26,Wallet,Processing
O001501,2024-09-27,C00771,P0244,1,0.0,26.9,Credit Card,Delivered
O001502,2025-06-22,C00915,P0113,2,0.1,41.83,Cash on Delivery,Cancelled
O001503,2026-03-12,C00605,P0015,2,0.1,86.52,Wallet,Cancelled
O001503,2026-03-12,C00605,P0114,1,0.1,475.44,Debit Card,Cancelled
O001504,2024-10-01,C00002,P0023,1,0.15,490.95,UPI,Delivered
O001505,2025-07-19,C00660,P0165,2,0.1,233.4,Wallet,Delivered
O001505,2025-07-19,C00660,P0027,2,0.15,25.32,Net Banking,Delivered
O001506,2024-11-29,C00945,P0085,1,0.15,464.89,UPI,Delivered
O001506,2024-11-29,C00945,P0120,2,0.15,64.71,Credit Card,Delivered
O001507,2025-06-09,C00611,P0124,1,0.1,29.95,UPI,Delivered
O001508,2024-04-06,C00391,P0121,3,0.05,402.1,Debit Card,Delivered
O001509,2024-05-10,C00313,P0023,2,0.0,151.18,UPI,Delivered
O001510,2024-11-21,C00958,P0204,1,0.2,496.58,UPI,Delivered
O001511,2025-10-09,C00802,P0141,1,0.1,284.1,Credit Card,Delivered
O001512,2025-12-15,C00740,P0134,4,0.1,324.59,Debit Card,Delivered
O001512,2025-12-15,C00740,P0114,1,0.0,407.13,UPI,Delivered
O001512,2025-12-15,C00740,P0058,1,0.1,101.45,Cash on Delivery,Cancelled
O001513,2025-08-05,C01001,P0181,1,0.2,327.03,Credit Card,Delivered
O001513,2025-08-05,C01001,P0144,1,0.1,56.16,UPI,Delivered
O001514,2024-05-31,C00167,P0049,1,0.1,431.38,Debit Card,Delivered
O001515,2025-05-30,C00308,P0092,1,0.05,410.81,Credit Card,Processing
O001515,2025-05-30,C00308,P0033,1,0.2,177.88,UPI,Delivered
O001516,2025-07-05,C00496,P0056,1,0.05,200.46,Credit Card,Shipped
O001516,2025-07-05,C00496,P0218,2,0.15,94.84,Debit Card,Cancelled
O001516,2025-07-05,C00496,P0213,2,0.15,124.83,Debit Card,Delivered
O001517,2025-05-15,C00438,P0021,1,0.25,390.75,Credit Card,Shipped
O001518,2024-10-23,C01386,P0157,2,0.0,452.58,Wallet,Delivered
O001519,2026-01-07,C01155,P0063,3,0.2,372.07,Debit Card,Processing
O001520,2024-11-19,C00597,P0160,1,0.1,123.99,Credit Card,Processing
O001521,2025-01-06,C00067,P0070,1,0.0,468.34,Wallet,Delivered
O001521,2025-01-06,C00067,P0158,3,0.1,468.68,Wallet,Shipped
O001522,2025-06-08,C00677,P0096,2,0.1,126.81,UPI,Shipped
O001523,2024-08-30,C00252,P0070,1,0.2,320.26,Wallet,Delivered
O001524,2024-08-26,C00720,P0099,1,0.0,366.03,Cash on Delivery,Delivered
O001525,2025-03-19,C01252,P0169,2,0.1,281.23,Cash on Delivery,Shipped
O001525,2025-03-19,C01252,P0079,1,0.15,449.7,Net Banking,Delivered
O001526,2026-01-23,C01345,P0177,1,0.0,113.47,Net Banking,Delivered
O001527,2026-01-11,C00737,P0011,1,0.05,168.6,UPI,Delivered
O001528,2025-09-17,C01353,P0223,1,0.15,276.64,UPI,Delivered
O001529,2025-02-02,C00085,P0084,2,0.1,136.75,UPI,Processing
O001530,2026-01-06,C01069,P0241,1,0.1,467.94,Wallet,Processing
O001530,2026-01-06,C01069,P0170,1,0.1,401.07,UPI,Shipped
O001531,2024-06-20,C00810,P0162,2,0.1,68.93,UPI,Cancelled
O001532,2026-03-11,C00852,P0209,1,0.05,119.05,Cash on Delivery,Processing
O001533,2024-12-12,C00722,P0107,2,0.2,455.26,Wallet,Shipped
O001533,2024-12-12,C00722,P0214,2,0.2,99.37,Debit Card,Cancelled
O001534,2024-07-24,C00521,P0132,1,0.05,227.43,Debit Card,Cancelled
O001535,2025-07-26,C00645,P0020,1,0.1,384.78,UPI,Delivered
O001536,2024-07-20,C01185,P0146,2,0.0,290.39,UPI,Processing
O001537,2025-05-03,C00436,P0107,1,0.1,94.9,Net Banking,Shipped
O001537,2025-05-03,C00436,P0249,1,0.1,204.61,Net Banking,Delivered
O001538,2025-12-09,C00067,P0188,1,0.05,420.27,UPI,Delivered
O001538,2025-12-09,C00067,P0247,2,0.0,186.07,UPI,Delivered
O001539,2025-09-27,C00501,P0119,2,0.0,248.32,UPI,Delivered
O001540,2026-02-14,C00431,P0242,4,0.15,145.46,Credit Card,Processing
O001541,2024-08-31,C00619,P0078,1,0.05,242.22,Credit Card,Cancelled
O001542,2025-12-04,C01006,P0001,1,0.25,491.71,Credit Card,Shipped
O001542,2025-12-04,C01006,P0148,4,0.1,88.54,UPI,Delivered
O001543,2025-07-21,C01445,P0219,2,0.05,429.28,UPI,Processing
O001544,2024-04-24,C00700,P0041,1,0.15,349.04,Credit Card,Delivered
O001545,2026-01-09,C00116,P0191,1,0.05,187.98,Credit Card,Delivered
O001546,2026-03-10,C01496,P0205,2,0.05,34.25,Net Banking,Cancelled
O001546,2026-03-10,C01496,P0094,1,0.15,384.46,Credit Card,Delivered
O001547,2025-10-16,C01416,P0056,1,0.1,281.88,UPI,Processing
O001547,2025-10-16,C01416,P0204,2,0.2,95.43,Cash on Delivery,Delivered
O001548,2026-03-19,C00198,P0032,1,0.1,143.88,Credit Card,Processing
O001548,2026-03-19,C00198,P0161,1,0.05,130.92,Net Banking,Delivered
O001549,2024-06-14,C00709,P0052,2,0.1,90.66,UPI,Cancelled
O001550,2025-05-20,C00227,P0094,2,0.1,343.64,Credit Card,Shipped
O001550,2025-05-20,C00227,P0034,1,0.15,285.7,Net Banking,Delivered
O001551,2025-08-27,C00526,P0119,1,0.1,369.28,Cash on Delivery,Processing
O001551,2025-08-27,C00526,P0108,3,0.1,431.71,Debit Card,Delivered
O001551,2025-08-27,C00526,P0177,2,0.15,475.33,Credit Card,Delivered
O001552,2024-06-07,C01433,P0239,1,0.15,338.88,Cash on Delivery,Shipped
O001553,2024-08-16,C00044,P0044,3,0.1,281.34,Cash on Delivery,Delivered
O001554,2025-07-04,C01201,P0095,1,0.3,111.48,UPI,Cancelled
O001555,2025-12-13,C00513,P0032,1,0.2,236.29,UPI,Delivered
O001556,2024-08-11,C01156,P0238,1,0.15,32.25,UPI,Delivered
O001557,2025-06-25,C00529,P0144,2,0.1,382.36,Credit Card,Cancelled
O001558,2024-12-24,C00362,P0224,1,0.0,454.13,Cash on Delivery,Delivered
O001559,2025-03-12,C00485,P0235,1,0.1,310.24,Cash on Delivery,Delivered
O001559,2025-03-12,C00485,P0196,1,0.0,391.53,Credit Card,Delivered
O001560,2024-12-11,C00764,P0029,2,0.1,343.21,UPI,Delivered
O001561,2024-05-26,C00487,P0035,2,0.15,358.75,Wallet,Delivered
O001561,2024-05-26,C00487,P0231,1,0.0,119.86,Credit Card,Processing
O001562,2026-01-15,C00448,P0183,1,0.2,483.98,UPI,Delivered
O001562,2026-01-15,C00448,P0201,2,0.1,159.58,Cash on Delivery,Processing
O001563,2024-08-19,C01372,P0158,2,0.15,418.46,Debit Card,Processing
O001563,2024-08-19,C01372,P0008,2,0.15,140.01,Wallet,Cancelled
O001564,2024-07-19,C00181,P0230,1,0.05,326.19,UPI,Delivered
O001564,2024-07-19,C00181,P0107,2,0.25,331.11,Cash on Delivery,Delivered
O001565,2024-05-24,C00419,P0035,1,0.1,316.83,Wallet,Delivered
O001566,2025-01-31,C01157,P0052,4,0.25,429.13,Credit Card,Delivered
O001567,2025-01-17,C00222,P0156,2,0.1,336.59,Wallet,Delivered
O001567,2025-01-17,C00222,P0034,1,0.15,344.56,UPI,Cancelled
O001568,2025-05-04,C01296,P0156,1,0.1,168.3,Credit Card,Processing
O001568,2025-05-04,C01296,P0076,1,0.2,27.19,Cash on Delivery,Delivered
O001569,2025-02-07,C00861,P0102,1,0.05,163.63,Credit Card,Delivered
O001570,2025-03-12,C00704,P0043,1,0.1,433.06,Cash on Delivery,Delivered
O001570,2025-03-12,C00704,P0158,1,0.3,292.26,Debit Card,Processing
O001571,2024-12-03,C00795,P0107,1,0.15,196.99,UPI,Delivered
O001571,2024-12-03,C00795,P0207,1,0.15,238.41,UPI,Delivered
O001572,2024-09-29,C00580,P0160,2,0.05,190.52,Debit Card,Processing
O001572,2024-09-29,C00580,P0124,1,0.3,471.22,Cash on Delivery,Cancelled
O001572,2024-09-29,C00580,P0197,1,0.2,431.61,UPI,Delivered
O001573,2026-03-10,C01258,P0233,1,0.05,40.65,Net Banking,Processing
O001574,2024-06-23,C01031,P0201,1,0.1,154.21,Credit Card,Delivered
O001574,2024-06-23,C01031,P0200,1,0.05,251.83,Credit Card,Delivered
O001575,2025-12-25,C00205,P0059,2,0.0,285.11,Net Banking,Shipped
O001576,2025-01-25,C00628,P0145,1,0.15,27.83,Wallet,Processing
O001576,2025-01-25,C00628,P0114,1,0.15,352.37,Credit Card,Delivered
O001577,2025-06-07,C01327,P0089,1,0.0,80.48,Debit Card,Shipped
O001578,2024-07-27,C00688,P0181,1,0.1,305.87,Credit Card,Delivered
O001579,2025-11-17,C00443,P0175,1,0.1,163.16,UPI,Shipped
O001580,2024-09-24,C00573,P0162,1,0.0,463.13,UPI,Delivered
O001581,2025-07-16,C00442,P0076,1,0.15,405.43,Credit Card,Delivered
O001582,2026-02-09,C01254,P0053,1,0.05,481.12,Credit Card,Cancelled
O001582,2026-02-09,C01254,P0134,3,0.1,168.76,Net Banking,Delivered
O001582,2026-02-09,C01254,P0067,1,0.05,102.49,UPI,Delivered
O001583,2025-12-10,C00333,P0176,2,0.05,244.57,UPI,Shipped
O001584,2025-04-28,C01225,P0193,2,0.05,428.23,Cash on Delivery,Processing
O001584,2025-04-28,C01225,P0149,1,0.1,84.87,Debit Card,Processing
O001585,2025-02-06,C00522,P0163,1,0.05,103.86,Credit Card,Delivered
O001585,2025-02-06,C00522,P0098,1,0.2,70.36,Credit Card,Delivered
O001586,2026-03-28,C01281,P0214,1,0.1,182.88,Debit Card,Delivered
O001586,2026-03-28,C01281,P0053,2,0.05,175.15,Credit Card,Delivered
O001587,2026-03-01,C00028,P0250,2,0.05,349.04,Credit Card,Shipped
O001587,2026-03-01,C00028,P0219,1,0.05,209.66,UPI,Shipped
O001588,2025-08-11,C00907,P0242,1,0.05,88.12,UPI,Cancelled
O001589,2024-04-21,C00227,P0007,1,0.2,111.81,UPI,Processing
O001590,2024-06-30,C01243,P0152,1,0.1,190.74,UPI,Processing
O001590,2024-06-30,C01243,P0204,3,0.05,100.76,Net Banking,Delivered
O001591,2025-07-06,C00158,P0006,1,0.05,285.02,UPI,Delivered
O001592,2024-08-08,C00657,P0218,1,0.2,249.02,UPI,Processing
O001592,2024-08-08,C00657,P0231,1,0.25,104.38,Debit Card,Delivered
O001593,2026-02-12,C00791,P0079,2,0.1,230.13,UPI,Delivered
O001594,2025-11-27,C00642,P0190,1,0.05,45.04,Cash on Delivery,Cancelled
O001595,2024-06-22,C01315,P0047,1,0.0,157.77,Debit Card,Processing
O001596,2024-04-29,C00649,P0162,2,0.15,124.75,Net Banking,Delivered
O001597,2026-03-17,C01258,P0224,3,0.2,356.15,Net Banking,Delivered
O001598,2024-07-25,C01198,P0033,2,0.0,47.49,UPI,Delivered
O001599,2025-01-22,C00428,P0199,1,0.05,281.63,UPI,Delivered
O001600,2025-02-15,C00113,P0049,1,0.15,337.92,UPI,Delivered
O001601,2025-05-11,C01366,P0057,1,0.0,170.72,Cash on Delivery,Shipped
O001602,2026-03-14,C01494,P0160,1,0.1,445.05,UPI,Delivered
O001603,2024-05-13,C01456,P0012,3,0.2,110.68,UPI,Processing
O001604,2024-04-13,C00642,P0118,1,0.2,278.08,UPI,Delivered
O001605,2024-12-28,C00126,P0059,1,0.05,122.95,UPI,Cancelled
O001606,2025-05-30,C01449,P0162,1,0.1,42.9,Cash on Delivery,Delivered
O001607,2026-01-04,C01124,P0196,3,0.2,419.9,Debit Card,Cancelled
O001607,2026-01-04,C01124,P0118,1,0.1,244.82,Credit Card,Shipped
O001607,2026-01-04,C01124,P0067,1,0.25,207.96,Cash on Delivery,Processing
O001608,2024-05-14,C01327,P0006,1,0.1,474.52,UPI,Shipped
O001608,2024-05-14,C01327,P0033,1,0.0,64.34,Cash on Delivery,Delivered
O001609,2026-02-21,C01359,P0239,1,0.15,131.43,Net Banking,Delivered
O001610,2025-02-02,C00291,P0061,2,0.0,308.2,UPI,Delivered
O001611,2026-02-26,C00958,P0218,1,0.05,113.72,Cash on Delivery,Delivered
O001612,2024-11-05,C00391,P0213,1,0.05,126.22,Debit Card,Delivered
O001613,2025-07-01,C01270,P0163,1,0.1,134.93,Credit Card,Delivered
O001613,2025-07-01,C01270,P0184,1,0.0,315.78,Credit Card,Delivered
O001614,2025-12-22,C01222,P0199,1,0.1,288.55,UPI,Delivered
O001615,2026-02-08,C00610,P0111,1,0.05,194.34,UPI,Cancelled
O001616,2024-12-19,C00437,P0043,1,0.0,126.39,Wallet,Cancelled
O001616,2024-12-19,C00437,P0036,1,0.2,312.52,Credit Card,Delivered
O001616,2024-12-19,C00437,P0094,1,0.1,414.29,Cash on Delivery,Delivered
O001617,2024-11-23,C00504,P0197,2,0.1,488.33,Debit Card,Cancelled
O001617,2024-11-23,C00504,P0230,2,0.05,472.38,Credit Card,Processing
O001618,2026-01-17,C00932,P0178,1,0.1,154.0,Credit Card,Cancelled
O001618,2026-01-17,C00932,P0116,1,0.05,273.15,Cash on Delivery,Processing
O001618,2026-01-17,C00932,P0235,2,0.05,142.16,UPI,Processing
O001619,2025-11-28,C00168,P0185,1,0.1,355.94,UPI,Delivered
O001619,2025-11-28,C00168,P0056,1,0.1,444.24,Debit Card,Delivered
O001620,2025-11-01,C00097,P0037,1,0.25,312.29,UPI,Processing
O001621,2024-11-18,C01462,P0038,1,0.05,407.4,Credit Card,Delivered
O001622,2024-09-30,C00839,P0219,1,0.1,411.13,UPI,Shipped
O001623,2025-05-04,C01498,P0014,2,0.2,64.89,Credit Card,Delivered
O001623,2025-05-04,C01498,P0234,1,0.15,473.32,UPI,Delivered
O001624,2026-01-08,C01042,P0122,1,0.1,318.56,UPI,Delivered
O001625,2025-09-28,C00173,P0212,1,0.1,238.77,Credit Card,Delivered
O001625,2025-09-28,C00173,P0134,3,0.2,187.12,Cash on Delivery,Cancelled
O001626,2026-02-24,C01461,P0121,3,0.15,445.34,Net Banking,Cancelled
O001626,2026-02-24,C01461,P0179,4,0.0,266.95,Debit Card,Shipped
O001626,2026-02-24,C01461,P0191,2,0.2,174.64,Debit Card,Delivered
O001627,2026-02-01,C01027,P0154,2,0.0,484.21,UPI,Cancelled
O001628,2025-03-06,C01254,P0159,1,0.1,449.73,Cash on Delivery,Cancelled
O001628,2025-03-06,C01254,P0179,2,0.2,165.31,Credit Card,Delivered
O001628,2025-03-06,C01254,P0217,2,0.15,333.8,UPI,Delivered
O001629,2024-10-07,C00975,P0201,2,0.3,68.58,Net Banking,Shipped
O001630,2025-02-11,C01154,P0111,2,0.15,487.76,Credit Card,Cancelled
O001630,2025-02-11,C01154,P0104,1,0.1,405.15,Debit Card,Processing
O001631,2025-05-14,C00963,P0081,2,0.15,278.78,Credit Card,Delivered
O001632,2024-10-08,C01496,P0121,2,0.1,36.14,Credit Card,Delivered
O001632,2024-10-08,C01496,P0129,1,0.1,338.74,UPI,Processing
O001633,2025-05-17,C00939,P0250,1,0.1,78.53,UPI,Delivered
O001633,2025-05-17,C00939,P0228,2,0.0,55.95,Cash on Delivery,Delivered
O001634,2024-05-21,C01463,P0059,3,0.05,237.53,UPI,Cancelled
O001634,2024-05-21,C01463,P0080,1,0.0,483.43,UPI,Shipped
O001635,2025-04-07,C01087,P0158,1,0.05,403.12,UPI,Delivered
O001635,2025-04-07,C01087,P0140,1,0.2,172.81,UPI,Delivered
O001636,2026-02-08,C00298,P0173,1,0.1,482.26,Debit Card,Delivered
O001637,2024-05-27,C00537,P0036,1,0.0,175.11,Wallet,Processing
O001637,2024-05-27,C00537,P0226,4,0.05,376.94,Cash on Delivery,Cancelled
O001638,2025-12-04,C00620,P0124,3,0.1,63.8,UPI,Shipped
O001639,2025-04-02,C00195,P0165,2,0.3,459.42,Wallet,Cancelled
O001639,2025-04-02,C00195,P0187,1,0.05,223.71,Net Banking,Shipped
O001640,2024-12-15,C01326,P0008,2,0.15,339.37,Wallet,Delivered
O001641,2024-05-21,C01397,P0127,3,0.0,439.94,Debit Card,Delivered
O001641,2024-05-21,C01397,P0236,1,0.2,135.94,Credit Card,Delivered
O001642,2025-03-31,C00985,P0120,2,0.0,229.58,Credit Card,Shipped
O001643,2024-09-25,C00762,P0226,1,0.05,401.49,Credit Card,Delivered
O001644,2024-06-07,C01351,P0020,1,0.1,32.47,Credit Card,Delivered
O001644,2024-06-07,C01351,P0069,1,0.2,83.44,Debit Card,Delivered
O001645,2025-01-06,C00370,P0214,3,0.1,178.41,UPI,Delivered
O001645,2025-01-06,C00370,P0075,1,0.05,405.59,Credit Card,Cancelled
O001645,2025-01-06,C00370,P0239,2,0.1,160.41,UPI,Cancelled
O001646,2025-03-02,C00798,P0236,2,0.1,449.19,UPI,Cancelled
O001647,2024-10-21,C01051,P0067,1,0.2,79.65,UPI,Delivered
O001648,2025-02-21,C00390,P0029,1,0.05,385.34,Credit Card,Delivered
O001648,2025-02-21,C00390,P0011,1,0.15,392.04,Cash on Delivery,Processing
O001649,2024-11-20,C01086,P0007,2,0.1,387.28,UPI,Delivered
O001650,2025-09-14,C01377,P0165,2,0.1,121.62,Credit Card,Delivered
O001651,2024-11-23,C00206,P0234,1,0.1,72.38,UPI,Delivered
O001651,2024-11-23,C00206,P0097,1,0.0,396.32,Credit Card,Delivered
O001652,2024-11-23,C00064,P0092,1,0.15,270.67,Credit Card,Delivered
O001652,2024-11-23,C00064,P0155,2,0.15,51.13,Credit Card,Cancelled
O001653,2024-05-11,C00362,P0160,1,0.1,456.18,Credit Card,Delivered
O001653,2024-05-11,C00362,P0129,1,0.05,492.19,Wallet,Delivered
O001654,2026-01-14,C00288,P0154,1,0.15,438.11,Cash on Delivery,Processing
O001655,2026-02-06,C00112,P0164,1,0.1,98.38,UPI,Delivered
O001656,2025-08-09,C01056,P0222,2,0.15,430.48,UPI,Delivered
O001656,2025-08-09,C01056,P0152,1,0.1,295.02,UPI,Shipped
O001657,2026-02-06,C01441,P0228,1,0.1,216.02,Cash on Delivery,Delivered
O001658,2025-09-27,C00223,P0224,2,0.0,85.25,Credit Card,Delivered
O001658,2025-09-27,C00223,P0200,2,0.05,236.56,Credit Card,Delivered
O001659,2025-03-07,C00777,P0116,2,0.05,209.93,UPI,Cancelled
O001660,2025-06-09,C01003,P0043,1,0.1,177.92,Credit Card,Delivered
O001660,2025-06-09,C01003,P0003,1,0.1,50.2,Credit Card,Delivered
O001661,2024-10-17,C01170,P0193,1,0.3,232.37,Net Banking,Delivered
O001661,2024-10-17,C01170,P0075,3,0.1,293.84,Credit Card,Cancelled
O001662,2025-12-31,C00857,P0230,2,0.1,276.66,Debit Card,Delivered
O001663,2024-07-19,C01486,P0167,1,0.2,232.4,Wallet,Processing
O001664,2024-10-18,C00649,P0081,1,0.05,148.57,Credit Card,Delivered
O001664,2024-10-18,C00649,P0048,1,0.0,437.23,Debit Card,Delivered
O001664,2024-10-18,C00649,P0223,1,0.3,172.98,Cash on Delivery,Shipped
O001665,2025-08-04,C00054,P0057,1,0.05,166.93,Cash on Delivery,Delivered
O001666,2024-12-29,C00008,P0001,1,0.05,417.24,Credit Card,Processing
O001667,2024-10-27,C01249,P0167,4,0.15,158.02,Credit Card,Delivered
O001667,2024-10-27,C01249,P0188,1,0.05,281.23,UPI,Delivered
O001668,2025-10-01,C00733,P0110,1,0.1,69.59,Debit Card,Shipped
O001669,2025-02-28,C00117,P0224,1,0.05,138.99,Cash on Delivery,Delivered
O001670,2024-04-28,C01143,P0145,2,0.1,409.59,Net Banking,Cancelled
O001671,2025-04-20,C00083,P0017,2,0.05,36.13,Credit Card,Delivered
O001672,2026-02-08,C00500,P0120,1,0.1,127.16,UPI,Cancelled
O001673,2024-07-14,C00623,P0159,1,0.0,171.51,Debit Card,Delivered
O001674,2025-09-26,C01138,P0041,1,0.15,343.83,Cash on Delivery,Delivered
O001675,2025-07-28,C00426,P0076,1,0.05,250.61,Cash on Delivery,Delivered
O001676,2025-08-22,C00169,P0041,1,0.2,368.31,Debit Card,Delivered
O001676,2025-08-22,C00169,P0110,1,0.0,225.58,UPI,Delivered
O001677,2024-07-16,C00893,P0179,1,0.05,447.32,Net Banking,Shipped
O001678,2024-10-17,C00533,P0179,2,0.05,136.28,UPI,Delivered
O001679,2025-07-01,C01058,P0107,2,0.2,313.78,UPI,Delivered
O001680,2025-11-30,C01215,P0054,2,0.05,268.71,Credit Card,Delivered
O001680,2025-11-30,C01215,P0124,1,0.0,240.07,UPI,Processing
O001681,2024-09-09,C00289,P0016,1,0.0,393.96,UPI,Cancelled
O001681,2024-09-09,C00289,P0237,1,0.0,189.59,UPI,Delivered
O001681,2024-09-09,C00289,P0087,2,0.15,141.53,UPI,Processing
O001682,2024-07-09,C01420,P0098,1,0.2,462.14,Credit Card,Shipped
O001683,2025-12-17,C00601,P0018,1,0.15,104.16,Cash on Delivery,Cancelled
O001683,2025-12-17,C00601,P0159,1,0.05,28.1,Credit Card,Delivered
O001684,2025-08-21,C00063,P0089,1,0.1,241.56,Debit Card,Delivered
O001684,2025-08-21,C00063,P0130,2,0.1,166.69,Credit Card,Delivered
O001685,2025-09-06,C01277,P0118,1,0.15,158.0,UPI,Delivered
O001685,2025-09-06,C01277,P0021,1,0.1,160.67,UPI,Shipped
O001685,2025-09-06,C01277,P0132,1,0.0,241.9,UPI,Delivered
O001686,2025-07-03,C00076,P0197,2,0.1,100.87,UPI,Delivered
O001687,2026-02-07,C00004,P0035,3,0.0,67.09,Wallet,Shipped
O001688,2024-06-29,C00615,P0094,1,0.1,320.11,Wallet,Delivered
O001689,2025-11-18,C00528,P0198,1,0.2,49.89,UPI,Shipped
O001689,2025-11-18,C00528,P0137,1,0.0,268.77,UPI,Delivered
O001690,2024-09-11,C00262,P0036,1,0.1,447.75,Wallet,Delivered
O001691,2024-06-07,C01244,P0084,1,0.1,448.71,Credit Card,Processing
O001691,2024-06-07,C01244,P0174,1,0.1,489.01,Wallet,Delivered
O001692,2026-01-09,C00983,P0206,1,0.1,101.89,Debit Card,Delivered
O001693,2025-04-06,C00628,P0148,1,0.05,58.33,UPI,Cancelled
O001693,2025-04-06,C00628,P0231,2,0.0,159.23,Credit Card,Processing
O001694,2024-12-31,C00502,P0138,2,0.15,375.23,UPI,Shipped
O001695,2024-07-26,C00115,P0223,2,0.15,389.9,Cash on Delivery,Delivered
O001696,2026-01-24,C00925,P0198,1,0.15,279.71,Debit Card,Processing
O001697,2025-08-18,C01444,P0121,1,0.15,182.27,Credit Card,Shipped
O001698,2024-12-12,C00369,P0132,1,0.15,338.91,Net Banking,Processing
O001698,2024-12-12,C00369,P0179,3,0.15,129.7,Wallet,Delivered
O001699,2024-08-16,C01186,P0163,1,0.1,265.98,UPI,Cancelled
O001700,2025-09-26,C00911,P0212,2,0.2,371.28,UPI,Processing
O001700,2025-09-26,C00911,P0204,2,0.15,218.87,Cash on Delivery,Shipped
O001701,2026-02-21,C01308,P0163,2,0.15,170.81,UPI,Cancelled
O001702,2025-05-21,C00082,P0228,1,0.2,122.44,Credit Card,Processing
O001702,2025-05-21,C00082,P0168,1,0.05,95.98,Credit Card,Processing
O001703,2024-11-06,C00721,P0010,1,0.15,39.38,Net Banking,Delivered
O001704,2025-05-02,C00056,P0057,1,0.05,162.19,UPI,Delivered
O001704,2025-05-02,C00056,P0208,1,0.2,435.34,Credit Card,Delivered
O001705,2024-10-23,C00070,P0196,4,0.05,122.47,UPI,Processing
O001706,2025-09-23,C00206,P0190,1,0.0,73.48,Credit Card,Shipped
O001707,2024-04-10,C01448,P0092,2,0.15,192.84,Debit Card,Delivered
O001708,2025-08-25,C00305,P0142,1,0.15,202.29,UPI,Cancelled
O001709,2025-02-20,C00811,P0158,1,0.15,276.94,Debit Card,Delivered
O001710,2025-06-03,C00061,P0083,3,0.1,351.24,UPI,Delivered
O001710,2025-06-03,C00061,P0121,1,0.05,359.28,Wallet,Delivered
O001711,2025-10-16,C00426,P0093,1,0.1,116.83,Wallet,Shipped
O001712,2026-01-27,C00798,P0111,1,0.1,435.22,UPI,Cancelled
O001712,2026-01-27,C00798,P0133,1,0.0,433.98,UPI,Delivered
O001712,2026-01-27,C00798,P0107,1,0.3,438.75,Debit Card,Processing
O001713,2024-06-21,C01240,P0170,2,0.0,386.47,UPI,Delivered
O001714,2024-04-24,C00116,P0228,2,0.1,136.3,Wallet,Delivered
O001714,2024-04-24,C00116,P0075,1,0.1,141.95,Net Banking,Shipped
O001715,2025-04-13,C01486,P0169,2,0.05,424.21,Wallet,Delivered
O001715,2025-04-13,C01486,P0159,2,0.3,439.7,Debit Card,Shipped
O001716,2025-11-20,C00211,P0065,4,0.1,241.98,Debit Card,Delivered
O001717,2026-01-30,C01133,P0104,1,0.2,304.9,Credit Card,Delivered
O001718,2025-11-20,C01002,P0140,2,0.25,265.31,UPI,Shipped
O001718,2025-11-20,C01002,P0060,1,0.05,208.08,Cash on Delivery,Delivered
O001719,2024-06-25,C00159,P0203,2,0.0,143.32,Debit Card,Delivered
O001720,2024-06-27,C00788,P0188,1,0.05,496.94,Net Banking,Delivered
O001721,2024-12-31,C01028,P0068,2,0.15,372.2,UPI,Delivered
O001722,2025-08-22,C00925,P0225,1,0.05,238.15,Cash on Delivery,Shipped
O001723,2024-11-25,C00392,P0215,1,0.15,351.85,Cash on Delivery,Cancelled
O001724,2026-03-23,C00384,P0158,2,0.1,72.12,Cash on Delivery,Delivered
O001725,2025-09-04,C01325,P0250,1,0.1,388.37,Net Banking,Cancelled
O001726,2024-06-02,C00939,P0158,1,0.05,151.94,UPI,Delivered
O001726,2024-06-02,C00939,P0178,1,0.3,246.12,UPI,Delivered
O001727,2025-08-04,C00778,P0073,3,0.1,322.08,Debit Card,Delivered
O001728,2024-08-13,C00650,P0049,1,0.15,311.01,Cash on Delivery,Processing
O001729,2025-05-22,C00942,P0120,4,0.1,29.1,UPI,Delivered
O001730,2025-08-06,C01077,P0038,1,0.15,116.85,Credit Card,Delivered
O001730,2025-08-06,C01077,P0193,1,0.2,217.02,Cash on Delivery,Delivered
O001730,2025-08-06,C01077,P0122,1,0.1,253.73,Net Banking,Cancelled
O001731,2025-08-08,C00202,P0096,4,0.0,32.64,UPI,Delivered
O001731,2025-08-08,C00202,P0032,1,0.05,106.58,Credit Card,Delivered
O001731,2025-08-08,C00202,P0159,2,0.05,358.8,Credit Card,Delivered
O001732,2025-07-06,C00706,P0200,1,0.15,135.29,Cash on Delivery,Processing
O001733,2026-03-07,C01461,P0086,1,0.2,282.82,Credit Card,Processing
O001733,2026-03-07,C01461,P0009,1,0.15,154.09,Credit Card,Delivered
O001734,2024-11-22,C01259,P0108,2,0.15,53.26,Debit Card,Cancelled
O001735,2024-05-21,C00327,P0012,2,0.0,238.12,UPI,Delivered
O001736,2025-10-29,C00676,P0004,1,0.0,125.62,Wallet,Delivered
O001736,2025-10-29,C00676,P0113,1,0.25,142.39,Credit Card,Cancelled
O001736,2025-10-29,C00676,P0078,1,0.1,81.09,UPI,Shipped
O001737,2025-09-28,C00262,P0069,1,0.05,461.11,Credit Card,Delivered
O001738,2024-09-26,C00915,P0218,1,0.1,198.98,Net Banking,Processing
O001739,2025-08-20,C01116,P0211,2,0.05,239.1,Credit Card,Delivered
O001739,2025-08-20,C01116,P0194,1,0.0,193.55,UPI,Cancelled
O001740,2024-07-20,C00931,P0019,1,0.0,68.9,Cash on Delivery,Delivered
O001740,2024-07-20,C00931,P0078,2,0.0,262.88,UPI,Processing
O001741,2025-02-22,C00581,P0241,1,0.1,325.1,UPI,Delivered
O001741,2025-02-22,C00581,P0161,2,0.3,251.49,UPI,Processing
O001742,2025-12-25,C01033,P0130,2,0.0,250.79,UPI,Delivered
O001743,2025-02-05,C00667,P0010,3,0.15,183.73,UPI,Delivered
O001744,2024-06-17,C01398,P0249,2,0.25,147.57,Cash on Delivery,Delivered
O001745,2026-01-05,C00061,P0233,2,0.1,204.49,UPI,Cancelled
O001746,2024-09-14,C00992,P0025,1,0.3,287.68,UPI,Processing
O001747,2025-04-19,C00326,P0086,1,0.05,471.76,Net Banking,Delivered
O001748,2024-12-06,C00453,P0089,2,0.15,262.75,Wallet,Cancelled
O001749,2024-04-17,C01061,P0181,1,0.1,317.86,UPI,Processing
O001750,2024-08-14,C01095,P0191,1,0.2,456.28,Cash on Delivery,Cancelled
O001751,2025-10-09,C00827,P0039,2,0.0,214.86,Credit Card,Shipped
O001752,2025-04-17,C01093,P0214,1,0.1,262.65,UPI,Delivered
O001752,2025-04-17,C01093,P0053,3,0.05,43.63,Wallet,Delivered
O001753,2026-01-16,C00245,P0060,1,0.1,198.6,Net Banking,Delivered
O001754,2024-07-30,C00529,P0039,1,0.15,241.39,Debit Card,Shipped
O001754,2024-07-30,C00529,P0035,1,0.15,440.14,UPI,Cancelled
O001755,2025-12-21,C01387,P0046,1,0.2,232.77,Credit Card,Processing
O001756,2025-06-22,C00429,P0037,3,0.0,219.19,UPI,Delivered
O001756,2025-06-22,C00429,P0192,1,0.0,211.39,Cash on Delivery,Delivered
O001757,2024-06-27,C00213,P0042,1,0.15,164.06,Debit Card,Delivered
O001758,2024-10-02,C01157,P0027,3,0.15,82.49,Debit Card,Cancelled
O001759,2025-10-20,C00565,P0179,1,0.1,180.91,Wallet,Shipped
O001760,2024-12-23,C00368,P0066,2,0.05,127.79,Wallet,Delivered
O001761,2026-01-18,C00460,P0101,1,0.15,220.38,Debit Card,Delivered
O001762,2025-04-18,C01364,P0101,1,0.2,320.43,Credit Card,Shipped
O001763,2024-10-26,C00043,P0216,1,0.2,172.82,Credit Card,Delivered
O001764,2024-07-18,C00715,P0060,2,0.1,318.8,UPI,Cancelled
O001765,2025-09-30,C01395,P0109,3,0.0,159.0,UPI,Shipped
O001766,2025-11-26,C01236,P0036,2,0.05,230.49,UPI,Delivered
O001766,2025-11-26,C01236,P0045,1,0.1,414.08,Credit Card,Cancelled
O001767,2024-06-07,C00809,P0102,1,0.2,121.76,Credit Card,Delivered
O001768,2025-05-30,C01411,P0153,1,0.1,233.54,Debit Card,Delivered
O001769,2026-01-17,C01399,P0219,1,0.0,382.16,UPI,Processing
O001770,2025-06-20,C00478,P0229,1,0.0,252.29,UPI,Delivered
O001770,2025-06-20,C00478,P0223,1,0.0,257.19,Cash on Delivery,Delivered
O001771,2026-02-13,C00612,P0196,1,0.1,430.22,Wallet,Shipped
O001772,2025-10-13,C01155,P0018,2,0.05,263.88,Net Banking,Delivered
O001773,2025-03-14,C00768,P0242,1,0.05,436.76,UPI,Delivered
O001773,2025-03-14,C00768,P0211,1,0.1,125.09,Wallet,Delivered
O001774,2024-10-09,C00919,P0247,1,0.2,256.8,UPI,Shipped
O001775,2024-09-01,C01247,P0169,2,0.1,202.38,Credit Card,Delivered
O001776,2026-01-03,C01440,P0206,1,0.2,477.3,Debit Card,Shipped
O001776,2026-01-03,C01440,P0164,1,0.15,224.52,Net Banking,Processing
O001777,2024-04-02,C00106,P0055,2,0.2,423.94,Net Banking,Delivered
O001777,2024-04-02,C00106,P0080,1,0.05,460.06,Wallet,Shipped
O001778,2025-06-15,C00274,P0147,1,0.1,303.97,Credit Card,Shipped
O001778,2025-06-15,C00274,P0083,1,0.25,298.62,Credit Card,Shipped
O001779,2025-07-10,C00284,P0066,1,0.1,238.89,Credit Card,Delivered
O001780,2026-03-17,C01422,P0024,2,0.1,76.38,Credit Card,Delivered
O001781,2024-06-27,C00746,P0221,2,0.05,205.16,Cash on Delivery,Delivered
O001781,2024-06-27,C00746,P0036,1,0.0,438.56,Net Banking,Delivered
O001782,2025-10-26,C00712,P0188,1,0.05,173.1,Debit Card,Processing
O001782,2025-10-26,C00712,P0049,1,0.05,410.83,Credit Card,Delivered
O001782,2025-10-26,C00712,P0037,1,0.1,356.5,UPI,Processing
O001783,2025-03-03,C01097,P0050,1,0.1,43.52,UPI,Processing
O001784,2026-02-16,C00747,P0146,4,0.1,491.89,Credit Card,Delivered
O001785,2026-01-29,C00954,P0230,1,0.1,193.13,Credit Card,Cancelled
O001786,2025-10-23,C00203,P0094,1,0.1,85.42,Debit Card,Delivered
O001786,2025-10-23,C00203,P0247,4,0.1,457.23,Credit Card,Processing
O001787,2025-06-14,C00780,P0109,2,0.1,425.82,Credit Card,Delivered
O001787,2025-06-14,C00780,P0189,1,0.05,443.44,Net Banking,Delivered
O001788,2026-03-02,C01441,P0071,3,0.05,104.65,UPI,Processing
O001788,2026-03-02,C01441,P0003,1,0.15,306.88,Credit Card,Delivered
O001789,2024-07-21,C01159,P0147,1,0.15,98.43,Debit Card,Processing
O001790,2024-07-09,C00104,P0126,2,0.05,257.75,Credit Card,Processing
O001790,2024-07-09,C00104,P0095,1,0.1,56.66,Credit Card,Processing
O001791,2024-11-24,C00010,P0196,1,0.05,28.08,Credit Card,Processing
O001792,2024-08-05,C00746,P0120,1,0.15,95.8,UPI,Delivered
O001792,2024-08-05,C00746,P0061,2,0.15,215.75,UPI,Delivered
O001792,2024-08-05,C00746,P0088,1,0.1,300.96,UPI,Delivered
O001793,2025-12-11,C00149,P0231,1,0.1,475.09,Credit Card,Shipped
O001793,2025-12-11,C00149,P0119,1,0.2,476.46,Debit Card,Processing
O001794,2025-03-03,C00163,P0211,1,0.25,221.29,Credit Card,Delivered
O001795,2025-07-03,C00494,P0019,1,0.1,353.22,Wallet,Cancelled
O001796,2025-11-15,C01143,P0044,2,0.1,26.97,Net Banking,Delivered
O001796,2025-11-15,C01143,P0035,1,0.2,119.05,Debit Card,Processing
O001797,2024-08-22,C00499,P0180,2,0.1,168.14,UPI,Shipped
O001798,2025-08-10,C00893,P0011,3,0.15,25.08,Debit Card,Delivered
O001799,2025-06-19,C00283,P0230,4,0.15,342.07,UPI,Delivered
O001799,2025-06-19,C00283,P0175,1,0.1,113.36,Net Banking,Delivered
O001800,2025-12-16,C00589,P0110,1,0.05,136.49,UPI,Processing
O001801,2024-10-08,C00411,P0087,1,0.25,435.5,Credit Card,Delivered
O001801,2024-10-08,C00411,P0093,1,0.0,74.79,UPI,Cancelled
O001802,2025-11-26,C00307,P0209,1,0.2,304.02,Credit Card,Processing
O001803,2025-12-06,C00071,P0131,1,0.15,380.76,Debit Card,Delivered
O001803,2025-12-06,C00071,P0057,2,0.2,246.23,UPI,Shipped
O001803,2025-12-06,C00071,P0025,2,0.3,99.42,Cash on Delivery,Cancelled
O001804,2025-06-29,C01155,P0203,1,0.15,64.73,Wallet,Shipped
O001805,2026-02-22,C00139,P0067,1,0.2,394.65,Debit Card,Shipped
O001805,2026-02-22,C00139,P0072,1,0.1,358.75,UPI,Cancelled
O001806,2025-11-19,C00343,P0014,2,0.0,429.88,Cash on Delivery,Delivered
O001806,2025-11-19,C00343,P0139,1,0.0,91.9,Credit Card,Cancelled
O001807,2024-09-13,C00845,P0248,1,0.1,370.17,UPI,Processing
O001808,2024-11-07,C01439,P0051,1,0.2,160.37,Wallet,Delivered
O001809,2024-07-27,C00577,P0161,1,0.1,406.87,Credit Card,Processing
O001809,2024-07-27,C00577,P0174,1,0.15,367.51,Debit Card,Delivered
O001810,2025-03-14,C00719,P0130,1,0.15,143.82,Credit Card,Delivered
O001811,2026-03-25,C00873,P0008,1,0.25,207.07,UPI,Shipped
O001811,2026-03-25,C00873,P0046,1,0.1,31.54,UPI,Delivered
O001812,2025-12-02,C00294,P0231,1,0.0,260.16,Credit Card,Processing
O001812,2025-12-02,C00294,P0023,2,0.1,45.24,UPI,Shipped
O001813,2025-11-01,C01216,P0215,1,0.05,340.65,UPI,Delivered
O001814,2025-01-25,C00278,P0207,2,0.25,489.48,Credit Card,Shipped
O001814,2025-01-25,C00278,P0094,1,0.05,257.49,UPI,Delivered
O001815,2025-07-16,C00070,P0052,1,0.0,472.68,Wallet,Delivered
O001816,2025-09-29,C00705,P0140,1,0.0,228.47,Credit Card,Delivered
O001817,2024-06-30,C00847,P0163,1,0.1,215.2,UPI,Delivered
O001818,2025-10-14,C00936,P0204,1,0.15,165.52,UPI,Delivered
O001819,2025-10-26,C01218,P0169,2,0.0,62.74,Credit Card,Delivered
O001820,2025-02-20,C00732,P0043,2,0.0,313.36,Wallet,Processing
O001820,2025-02-20,C00732,P0012,1,0.0,285.42,Debit Card,Delivered
O001820,2025-02-20,C00732,P0154,4,0.1,391.61,Net Banking,Delivered
O001821,2025-07-02,C00179,P0244,1,0.2,319.0,UPI,Processing
O001821,2025-07-02,C00179,P0204,1,0.05,273.67,Debit Card,Shipped
O001821,2025-07-02,C00179,P0160,2,0.25,428.16,Credit Card,Delivered
O001822,2024-08-11,C00424,P0034,1,0.25,434.47,Credit Card,Delivered
O001823,2024-04-17,C01253,P0039,2,0.2,361.34,Credit Card,Shipped
O001823,2024-04-17,C01253,P0233,1,0.1,316.03,UPI,Cancelled
O001824,2024-06-19,C00382,P0174,3,0.1,343.17,UPI,Delivered
O001824,2024-06-19,C00382,P0131,3,0.15,422.38,UPI,Delivered
O001825,2024-12-10,C00857,P0076,2,0.25,185.51,Cash on Delivery,Delivered
O001826,2025-10-31,C01163,P0208,1,0.15,239.52,Debit Card,Shipped
O001827,2025-01-15,C01215,P0197,1,0.1,109.82,Credit Card,Delivered
O001827,2025-01-15,C01215,P0070,2,0.15,216.93,Cash on Delivery,Cancelled
O001828,2024-10-02,C00069,P0138,3,0.1,276.77,Cash on Delivery,Delivered
O001829,2026-01-02,C01153,P0054,1,0.25,111.03,Cash on Delivery,Delivered
O001829,2026-01-02,C01153,P0163,1,0.15,82.79,Debit Card,Shipped
O001830,2024-10-02,C00005,P0200,1,0.15,43.49,Debit Card,Delivered
O001831,2025-03-16,C00339,P0002,1,0.15,366.15,Wallet,Delivered
O001832,2024-06-16,C00539,P0075,1,0.1,349.7,Credit Card,Delivered
O001833,2025-07-24,C00720,P0229,1,0.1,246.28,Credit Card,Shipped
O001834,2025-10-10,C01285,P0126,4,0.15,60.86,UPI,Processing
O001834,2025-10-10,C01285,P0101,1,0.25,48.41,Cash on Delivery,Delivered
O001835,2024-04-08,C00819,P0173,1,0.15,169.28,Cash on Delivery,Delivered
O001835,2024-04-08,C00819,P0206,1,0.1,257.47,Cash on Delivery,Cancelled
O001836,2025-03-03,C00451,P0164,2,0.3,192.64,UPI,Shipped
O001837,2025-12-24,C00940,P0027,1,0.2,256.61,Cash on Delivery,Shipped
O001838,2024-05-31,C01346,P0017,1,0.2,188.77,Cash on Delivery,Processing
O001839,2024-05-05,C01463,P0223,1,0.2,429.9,UPI,Cancelled
O001839,2024-05-05,C01463,P0215,1,0.15,402.81,UPI,Delivered
O001839,2024-05-05,C01463,P0206,1,0.05,142.16,UPI,Delivered
O001840,2025-01-17,C00838,P0072,1,0.2,269.33,Net Banking,Delivered
O001840,2025-01-17,C00838,P0208,1,0.2,167.45,UPI,Shipped
O001840,2025-01-17,C00838,P0047,1,0.25,496.64,Cash on Delivery,Processing
O001841,2025-07-07,C00862,P0185,1,0.3,92.88,Debit Card,Shipped
O001842,2025-03-16,C00621,P0078,1,0.1,453.43,UPI,Shipped
O001843,2025-07-10,C00324,P0082,2,0.05,342.85,Credit Card,Shipped
O001844,2025-01-25,C00943,P0066,1,0.2,101.12,UPI,Shipped
O001845,2024-04-25,C01461,P0187,1,0.15,386.45,UPI,Cancelled
O001846,2024-07-23,C00683,P0085,3,0.05,478.64,UPI,Shipped
O001847,2025-05-27,C01483,P0117,1,0.05,429.97,Credit Card,Shipped
O001848,2025-02-13,C00143,P0096,1,0.1,445.13,UPI,Shipped
O001849,2024-08-15,C01341,P0193,1,0.25,214.96,Debit Card,Processing
O001850,2024-09-16,C00004,P0037,2,0.1,342.5,Debit Card,Delivered
O001850,2024-09-16,C00004,P0129,1,0.05,198.54,Debit Card,Cancelled
O001851,2024-10-31,C00767,P0035,1,0.1,326.57,UPI,Delivered
O001852,2025-10-29,C00263,P0127,1,0.1,377.94,Wallet,Delivered
O001853,2025-04-16,C00039,P0187,1,0.2,496.54,UPI,Cancelled
O001854,2024-11-21,C00596,P0114,1,0.15,431.13,UPI,Delivered
O001854,2024-11-21,C00596,P0232,4,0.05,75.09,Net Banking,Processing
O001855,2024-04-09,C00906,P0161,1,0.2,299.34,Credit Card,Shipped
O001855,2024-04-09,C00906,P0027,1,0.1,376.97,UPI,Delivered
O001856,2025-09-27,C01088,P0135,3,0.0,257.24,UPI,Delivered
O001857,2024-05-09,C01221,P0106,1,0.1,383.29,Credit Card,Delivered
O001857,2024-05-09,C01221,P0087,2,0.1,309.39,Net Banking,Cancelled
O001858,2025-12-05,C00387,P0194,1,0.0,416.17,UPI,Processing
O001859,2025-08-02,C00964,P0174,2,0.0,301.11,UPI,Processing
O001860,2024-11-23,C00160,P0235,2,0.1,499.39,Debit Card,Processing
O001861,2025-05-02,C01037,P0100,1,0.1,103.74,Net Banking,Delivered
O001862,2024-12-23,C01387,P0215,2,0.05,290.23,Credit Card,Cancelled
O001863,2024-11-29,C00750,P0040,4,0.05,231.3,UPI,Delivered
O001863,2024-11-29,C00750,P0051,1,0.15,131.06,Credit Card,Delivered
O001864,2024-06-05,C01236,P0063,1,0.1,84.52,UPI,Shipped
O001865,2025-01-25,C00748,P0157,1,0.2,34.18,Credit Card,Shipped
O001866,2025-02-18,C00148,P0094,1,0.15,72.11,UPI,Delivered
O001867,2025-02-07,C01444,P0013,1,0.0,255.77,Debit Card,Shipped
O001868,2025-03-20,C00671,P0199,2,0.1,449.17,Debit Card,Cancelled
O001868,2025-03-20,C00671,P0100,1,0.3,276.46,Wallet,Shipped
O001869,2025-10-30,C01323,P0103,1,0.15,296.72,Credit Card,Delivered
O001869,2025-10-30,C01323,P0243,1,0.25,263.15,UPI,Delivered
O001870,2025-01-04,C00401,P0162,1,0.05,415.5,Credit Card,Delivered
O001871,2026-01-30,C00238,P0151,2,0.15,102.44,Net Banking,Delivered
O001872,2025-05-21,C00493,P0140,2,0.1,448.47,Cash on Delivery,Processing
O001872,2025-05-21,C00493,P0164,1,0.0,380.6,Cash on Delivery,Processing
O001873,2025-06-03,C00920,P0204,2,0.3,466.8,Cash on Delivery,Shipped
O001873,2025-06-03,C00920,P0124,1,0.0,91.34,UPI,Cancelled
O001874,2025-09-02,C01162,P0081,1,0.05,188.19,Wallet,Processing
O001875,2025-01-30,C00183,P0238,1,0.05,262.05,Cash on Delivery,Delivered
O001875,2025-01-30,C00183,P0149,2,0.0,213.61,Cash on Delivery,Delivered
O001875,2025-01-30,C00183,P0117,1,0.15,415.0,Credit Card,Delivered
O001876,2024-08-05,C01050,P0048,1,0.05,289.46,Net Banking,Delivered
O001877,2025-07-19,C00948,P0081,2,0.25,42.56,Debit Card,Shipped
O001878,2025-06-27,C00924,P0177,2,0.0,154.83,Credit Card,Cancelled
O001879,2025-02-10,C01045,P0089,1,0.2,106.28,Wallet,Cancelled
O001880,2025-05-16,C00111,P0227,1,0.0,85.71,UPI,Processing
O001880,2025-05-16,C00111,P0188,1,0.15,406.23,Debit Card,Shipped
O001881,2025-05-23,C00662,P0102,1,0.05,67.49,UPI,Processing
O001882,2026-02-16,C00025,P0196,1,0.05,141.76,UPI,Delivered
O001882,2026-02-16,C00025,P0053,2,0.0,218.48,UPI,Cancelled
O001883,2025-12-19,C01246,P0216,1,0.2,475.27,Credit Card,Delivered
O001884,2026-03-19,C00357,P0157,1,0.0,325.0,Cash on Delivery,Delivered
O001885,2024-08-22,C01391,P0209,1,0.2,111.98,UPI,Processing
O001886,2026-02-27,C00085,P0034,3,0.15,124.29,UPI,Shipped
O001886,2026-02-27,C00085,P0116,1,0.05,359.75,Cash on Delivery,Delivered
O001887,2024-11-18,C00243,P0243,1,0.15,33.86,Credit Card,Delivered
O001887,2024-11-18,C00243,P0196,1,0.1,415.5,Credit Card,Delivered
O001888,2025-06-04,C01222,P0137,1,0.3,292.87,UPI,Delivered
O001889,2024-10-15,C00036,P0135,1,0.2,289.25,Credit Card,Delivered
O001890,2024-11-05,C00675,P0205,1,0.1,234.2,UPI,Cancelled
O001890,2024-11-05,C00675,P0165,1,0.05,107.47,Cash on Delivery,Shipped
O001891,2024-07-25,C01366,P0234,1,0.15,227.09,UPI,Processing
O001891,2024-07-25,C01366,P0190,1,0.2,375.86,Credit Card,Delivered
O001892,2024-11-08,C01104,P0204,3,0.0,175.86,Wallet,Delivered
O001893,2024-12-28,C00528,P0110,1,0.25,305.42,Wallet,Delivered
O001893,2024-12-28,C00528,P0129,1,0.2,417.46,Credit Card,Shipped
O001893,2024-12-28,C00528,P0153,1,0.2,242.74,UPI,Delivered
O001894,2024-07-20,C01265,P0081,1,0.15,337.03,Credit Card,Processing
O001895,2025-04-27,C01322,P0246,1,0.05,363.59,Credit Card,Shipped
O001896,2025-07-08,C00249,P0065,3,0.1,205.52,UPI,Delivered
O001897,2024-07-28,C01026,P0177,2,0.0,401.13,UPI,Delivered
O001898,2025-02-11,C00695,P0028,1,0.15,141.03,UPI,Shipped
O001899,2026-02-12,C00563,P0034,1,0.1,118.9,Credit Card,Processing
O001899,2026-02-12,C00563,P0248,1,0.05,102.96,Debit Card,Delivered
O001900,2025-11-24,C00941,P0240,3,0.15,112.52,UPI,Delivered
O001901,2025-09-01,C00118,P0121,4,0.1,171.64,Debit Card,Delivered
O001901,2025-09-01,C00118,P0050,4,0.15,165.85,UPI,Shipped
O001902,2024-09-04,C00273,P0088,1,0.3,387.59,UPI,Delivered
O001903,2025-08-27,C00153,P0080,1,0.1,179.51,Wallet,Delivered
O001904,2026-03-05,C00688,P0013,2,0.05,72.78,Debit Card,Delivered
O001904,2026-03-05,C00688,P0061,1,0.05,146.84,Net Banking,Shipped
O001905,2024-11-20,C00358,P0128,1,0.05,447.58,UPI,Delivered
O001906,2024-07-20,C00808,P0034,1,0.15,199.49,Cash on Delivery,Processing
O001907,2024-09-09,C01246,P0080,1,0.15,58.62,Debit Card,Delivered
O001908,2025-06-03,C00376,P0036,1,0.1,483.57,Cash on Delivery,Shipped
O001909,2025-04-17,C00637,P0181,1,0.05,286.28,Net Banking,Processing
O001910,2026-01-27,C00815,P0174,1,0.1,75.36,Net Banking,Shipped
O001910,2026-01-27,C00815,P0081,1,0.15,220.8,Cash on Delivery,Delivered
O001910,2026-01-27,C00815,P0117,1,0.05,321.26,Credit Card,Shipped
O001911,2024-12-13,C00146,P0185,2,0.05,412.26,Credit Card,Delivered
O001911,2024-12-13,C00146,P0247,1,0.1,94.69,Debit Card,Processing
O001911,2024-12-13,C00146,P0246,1,0.1,335.01,Debit Card,Processing
O001912,2024-06-26,C00297,P0244,1,0.1,93.65,Credit Card,Processing
O001913,2025-08-27,C00526,P0242,1,0.0,243.69,Credit Card,Cancelled
O001913,2025-08-27,C00526,P0220,1,0.0,118.12,UPI,Cancelled
O001914,2024-08-10,C00650,P0208,1,0.05,315.19,Cash on Delivery,Delivered
O001915,2024-09-06,C00220,P0231,1,0.1,187.08,Debit Card,Delivered
O001915,2024-09-06,C00220,P0178,1,0.15,163.08,Credit Card,Delivered
O001916,2024-09-08,C01315,P0224,1,0.2,352.7,Credit Card,Delivered
O001917,2025-06-09,C00847,P0181,2,0.25,113.7,Debit Card,Delivered
O001918,2024-12-28,C00570,P0123,1,0.05,326.64,Debit Card,Delivered
O001918,2024-12-28,C00570,P0198,1,0.1,261.33,Credit Card,Delivered
O001919,2024-06-21,C01007,P0078,2,0.1,348.42,Debit Card,Delivered
O001919,2024-06-21,C01007,P0224,1,0.05,39.12,UPI,Delivered
O001919,2024-06-21,C01007,P0004,1,0.1,377.19,UPI,Delivered
O001920,2026-03-23,C00251,P0153,1,0.05,80.62,Net Banking,Cancelled
O001920,2026-03-23,C00251,P0013,1,0.1,99.12,Net Banking,Processing
O001921,2024-06-27,C00189,P0175,2,0.1,194.39,Cash on Delivery,Delivered
O001922,2026-03-10,C00035,P0221,1,0.0,345.71,Credit Card,Delivered
O001922,2026-03-10,C00035,P0201,3,0.0,239.5,Cash on Delivery,Delivered
O001923,2025-07-02,C00417,P0230,1,0.15,497.52,Credit Card,Processing
O001924,2024-08-31,C00433,P0067,2,0.0,48.02,Cash on Delivery,Delivered
O001925,2025-05-18,C00451,P0074,1,0.15,376.0,UPI,Cancelled
O001925,2025-05-18,C00451,P0130,1,0.2,343.53,Credit Card,Delivered
O001926,2024-11-05,C00686,P0093,1,0.15,77.07,Credit Card,Cancelled
O001926,2024-11-05,C00686,P0188,2,0.05,455.86,Wallet,Processing
O001927,2025-04-30,C00269,P0033,2,0.1,270.73,Cash on Delivery,Cancelled
O001928,2026-01-16,C00652,P0176,1,0.05,239.23,UPI,Shipped
O001929,2025-07-12,C00803,P0126,1,0.1,108.63,UPI,Cancelled
O001930,2025-09-19,C00512,P0022,2,0.1,249.73,UPI,Delivered
O001931,2024-04-11,C00245,P0088,1,0.0,55.96,Net Banking,Delivered
O001932,2026-03-07,C00144,P0156,1,0.1,446.1,Credit Card,Delivered
O001933,2024-08-15,C01242,P0241,1,0.25,489.88,Credit Card,Shipped
O001934,2024-04-09,C00375,P0107,1,0.15,342.98,Wallet,Processing
O001935,2026-01-22,C00742,P0167,1,0.15,164.41,UPI,Cancelled
O001936,2024-12-30,C00862,P0064,1,0.0,252.07,Wallet,Processing
O001937,2025-10-08,C00854,P0085,1,0.05,292.39,UPI,Delivered
O001938,2024-06-06,C00864,P0222,1,0.15,187.22,Credit Card,Delivered
O001938,2024-06-06,C00864,P0245,2,0.1,322.09,Cash on Delivery,Delivered
O001939,2025-01-03,C00335,P0116,1,0.1,127.14,UPI,Processing
O001940,2025-10-08,C00038,P0042,1,0.05,317.69,UPI,Delivered
O001941,2024-09-27,C00988,P0077,1,0.1,25.07,UPI,Delivered
O001942,2025-08-30,C00546,P0002,1,0.05,246.89,Credit Card,Processing
O001942,2025-08-30,C00546,P0158,2,0.25,164.87,Credit Card,Delivered
O001943,2024-05-20,C00359,P0042,1,0.05,333.12,Debit Card,Processing
O001944,2024-11-22,C01381,P0028,2,0.2,229.2,Credit Card,Cancelled
O001945,2024-12-11,C01270,P0207,1,0.1,94.61,UPI,Delivered
O001946,2026-01-18,C01354,P0215,1,0.2,469.1,Cash on Delivery,Delivered
O001947,2025-02-27,C00558,P0179,2,0.2,256.69,Net Banking,Delivered
O001948,2025-04-23,C01279,P0093,4,0.05,438.58,Credit Card,Delivered
O001949,2025-06-22,C01423,P0236,4,0.1,105.5,Net Banking,Delivered
O001950,2025-11-01,C01091,P0163,1,0.05,333.3,Wallet,Delivered
O001951,2024-07-20,C01414,P0196,1,0.05,45.54,Net Banking,Delivered
O001951,2024-07-20,C01414,P0207,1,0.15,72.68,Credit Card,Delivered
O001952,2025-08-09,C01439,P0026,2,0.0,97.6,Debit Card,Delivered
O001952,2025-08-09,C01439,P0075,1,0.0,303.16,Cash on Delivery,Shipped
O001952,2025-08-09,C01439,P0028,2,0.05,417.01,Debit Card,Delivered
O001953,2025-01-10,C01237,P0029,1,0.15,99.15,UPI,Delivered
O001954,2024-08-14,C00097,P0160,1,0.15,89.15,UPI,Delivered
O001955,2025-11-18,C01056,P0031,1,0.05,154.87,Net Banking,Shipped
O001956,2026-03-08,C00077,P0231,1,0.15,366.87,Debit Card,Delivered
O001956,2026-03-08,C00077,P0130,4,0.15,121.8,Wallet,Delivered
O001957,2024-08-23,C00768,P0148,1,0.05,398.14,Net Banking,Delivered
O001957,2024-08-23,C00768,P0072,1,0.15,144.74,UPI,Shipped
O001958,2025-05-02,C01294,P0192,2,0.1,402.27,Credit Card,Delivered
O001958,2025-05-02,C01294,P0183,1,0.15,472.81,Credit Card,Shipped
O001959,2025-04-21,C00903,P0103,1,0.15,55.31,UPI,Delivered
O001960,2024-11-30,C00784,P0092,1,0.1,45.64,Credit Card,Delivered
O001960,2024-11-30,C00784,P0238,2,0.05,409.01,Cash on Delivery,Shipped
O001961,2024-10-26,C00186,P0070,1,0.0,433.89,Debit Card,Processing
O001962,2025-11-11,C00374,P0118,2,0.15,332.41,Net Banking,Shipped
O001962,2025-11-11,C00374,P0221,1,0.2,487.45,UPI,Processing
O001963,2025-12-06,C00222,P0166,1,0.15,278.56,Net Banking,Delivered
O001964,2025-07-17,C00679,P0010,1,0.1,475.89,Debit Card,Delivered
O001965,2025-08-16,C00157,P0140,1,0.1,276.82,UPI,Processing
O001966,2024-07-18,C01384,P0083,1,0.15,340.99,Debit Card,Cancelled
O001966,2024-07-18,C01384,P0165,1,0.2,331.68,UPI,Delivered
O001967,2024-08-26,C00170,P0128,1,0.05,58.41,UPI,Shipped
O001967,2024-08-26,C00170,P0037,1,0.15,81.9,UPI,Delivered
O001968,2025-10-27,C00629,P0109,1,0.15,347.71,Credit Card,Delivered
O001969,2024-10-24,C00936,P0235,1,0.0,261.7,Wallet,Delivered
O001970,2025-10-09,C00334,P0037,1,0.05,315.52,UPI,Shipped
O001971,2026-01-25,C00263,P0185,1,0.1,163.51,Credit Card,Delivered
O001971,2026-01-25,C00263,P0060,1,0.2,46.42,UPI,Delivered
O001972,2026-02-01,C01126,P0045,1,0.15,46.72,UPI,Delivered
O001972,2026-02-01,C01126,P0003,1,0.05,182.15,Net Banking,Processing
O001973,2024-04-06,C00613,P0168,1,0.05,157.56,UPI,Delivered
O001974,2024-08-29,C01456,P0144,2,0.0,269.3,Debit Card,Delivered
O001974,2024-08-29,C01456,P0165,3,0.25,283.3,UPI,Delivered
O001975,2025-08-20,C01265,P0026,1,0.0,336.24,Cash on Delivery,Shipped
O001976,2025-09-10,C00249,P0171,1,0.1,305.62,Debit Card,Delivered
O001977,2024-07-07,C01019,P0038,1,0.1,166.4,UPI,Delivered
O001977,2024-07-07,C01019,P0088,1,0.1,158.32,Credit Card,Cancelled
O001978,2025-05-18,C00505,P0036,1,0.05,371.53,Debit Card,Delivered
O001979,2024-08-09,C01339,P0184,1,0.15,103.56,UPI,Processing
O001980,2024-06-08,C00238,P0109,1,0.1,91.62,Wallet,Processing
O001980,2024-06-08,C00238,P0205,1,0.15,36.71,Net Banking,Shipped
O001980,2024-06-08,C00238,P0164,1,0.05,72.13,Credit Card,Delivered
O001981,2026-01-02,C00351,P0105,1,0.15,35.02,Cash on Delivery,Cancelled
O001981,2026-01-02,C00351,P0001,1,0.15,493.37,Wallet,Shipped
O001981,2026-01-02,C00351,P0199,1,0.15,367.57,UPI,Delivered
O001982,2026-03-28,C01226,P0163,1,0.15,434.1,Credit Card,Delivered
O001982,2026-03-28,C01226,P0091,1,0.0,41.97,UPI,Delivered
O001983,2025-05-12,C00968,P0118,3,0.2,67.6,Wallet,Shipped
O001983,2025-05-12,C00968,P0147,2,0.0,222.44,UPI,Cancelled
O001984,2024-12-12,C00815,P0198,1,0.2,356.13,Debit Card,Shipped
O001984,2024-12-12,C00815,P0206,1,0.1,90.9,Credit Card,Delivered
O001984,2024-12-12,C00815,P0196,1,0.1,397.25,UPI,Shipped
O001985,2024-09-06,C01486,P0118,1,0.0,324.65,Debit Card,Delivered
O001986,2025-11-16,C01085,P0050,1,0.1,424.63,Cash on Delivery,Delivered
O001986,2025-11-16,C01085,P0038,2,0.1,83.95,Credit Card,Delivered
O001987,2024-08-04,C00266,P0050,2,0.15,146.39,Debit Card,Delivered
O001988,2026-03-15,C00719,P0014,1,0.15,148.39,Net Banking,Shipped
O001989,2024-12-31,C00564,P0044,1,0.0,230.4,Credit Card,Shipped
O001990,2026-01-22,C00104,P0163,1,0.05,187.29,Credit Card,Delivered
O001991,2025-01-12,C00972,P0220,2,0.2,429.73,UPI,Cancelled
O001991,2025-01-12,C00972,P0194,3,0.0,164.87,Credit Card,Cancelled
O001992,2024-08-17,C00107,P0190,1,0.05,38.04,Credit Card,Delivered
O001992,2024-08-17,C00107,P0169,1,0.1,339.28,Debit Card,Delivered
O001993,2026-01-28,C00604,P0058,4,0.1,334.75,Debit Card,Delivered
O001993,2026-01-28,C00604,P0215,2,0.15,247.61,Net Banking,Delivered
O001993,2026-01-28,C00604,P0033,2,0.1,91.84,Net Banking,Cancelled
O001994,2026-03-15,C00263,P0182,2,0.1,462.67,UPI,Delivered
O001994,2026-03-15,C00263,P0099,2,0.15,367.69,UPI,Delivered
O001995,2024-08-03,C00697,P0001,2,0.05,499.86,UPI,Cancelled
O001995,2024-08-03,C00697,P0172,1,0.0,165.51,Cash on Delivery,Delivered
O001996,2024-04-22,C00562,P0063,2,0.0,108.34,Debit Card,Delivered
O001997,2025-03-04,C00327,P0118,2,0.2,184.26,UPI,Delivered
O001997,2025-03-04,C00327,P0060,2,0.05,406.42,UPI,Delivered
O001998,2025-01-26,C00367,P0078,2,0.05,55.23,UPI,Cancelled
O001998,2025-01-26,C00367,P0152,2,0.0,397.56,UPI,Processing
O001998,2025-01-26,C00367,P0080,1,0.0,120.02,Credit Card,Shipped
O001999,2025-10-05,C00607,P0185,1,0.1,308.95,Debit Card,Processing
O002000,2025-01-27,C00859,P0039,3,0.1,239.49,UPI,Cancelled
O002001,2025-03-25,C00916,P0024,2,0.05,257.24,Wallet,Delivered
O002002,2025-07-28,C00986,P0012,2,0.15,105.97,Debit Card,Delivered
O002002,2025-07-28,C00986,P0121,1,0.1,397.78,UPI,Delivered
O002002,2025-07-28,C00986,P0135,1,0.15,26.28,UPI,Delivered
O002003,2025-01-30,C00647,P0085,3,0.15,188.38,Wallet,Cancelled
O002004,2025-01-29,C00663,P0202,1,0.15,487.99,UPI,Delivered
O002005,2025-07-09,C00779,P0095,1,0.0,39.78,Credit Card,Processing
O002006,2024-07-16,C00880,P0226,1,0.1,421.55,UPI,Delivered
O002006,2024-07-16,C00880,P0063,1,0.1,375.22,Credit Card,Delivered
O002007,2025-03-05,C00391,P0193,2,0.0,153.36,Net Banking,Shipped
O002008,2024-05-02,C00989,P0020,1,0.15,226.66,Net Banking,Delivered
O002008,2024-05-02,C00989,P0229,1,0.0,65.72,Net Banking,Cancelled
O002008,2024-05-02,C00989,P0054,1,0.1,303.93,UPI,Shipped
O002009,2024-05-01,C01242,P0198,1,0.1,321.38,UPI,Delivered
O002010,2025-09-23,C00623,P0240,1,0.1,95.08,Debit Card,Delivered
O002010,2025-09-23,C00623,P0068,1,0.15,90.66,UPI,Delivered
O002011,2026-02-02,C00857,P0025,1,0.15,137.84,Debit Card,Delivered
O002011,2026-02-02,C00857,P0227,1,0.05,245.5,Cash on Delivery,Cancelled
O002012,2026-02-21,C00780,P0180,1,0.1,64.98,Net Banking,Delivered
O002013,2024-11-18,C00725,P0185,1,0.05,495.98,Debit Card,Shipped
O002014,2024-08-06,C00477,P0170,1,0.1,159.77,Debit Card,Shipped
O002015,2025-06-28,C00673,P0229,1,0.2,415.99,Cash on Delivery,Delivered
O002016,2026-01-06,C01236,P0240,1,0.05,352.26,Credit Card,Delivered
O002017,2025-11-02,C00178,P0211,4,0.1,331.61,Debit Card,Cancelled
O002018,2025-03-25,C00864,P0041,1,0.1,486.29,Net Banking,Processing
O002019,2024-10-02,C01407,P0207,1,0.05,185.33,Wallet,Delivered
O002019,2024-10-02,C01407,P0114,1,0.05,165.03,UPI,Cancelled
O002019,2024-10-02,C01407,P0151,4,0.05,483.82,UPI,Delivered
O002020,2025-05-07,C01235,P0111,2,0.0,356.77,Net Banking,Delivered
O002020,2025-05-07,C01235,P0173,2,0.1,406.03,UPI,Delivered
O002020,2025-05-07,C01235,P0032,1,0.2,474.41,Cash on Delivery,Delivered
O002021,2025-09-06,C01128,P0138,3,0.15,38.77,Credit Card,Shipped
O002022,2024-08-29,C00968,P0071,1,0.05,384.82,UPI,Delivered
O002023,2025-02-24,C00981,P0244,3,0.05,375.75,Wallet,Delivered
O002023,2025-02-24,C00981,P0009,1,0.1,490.38,Debit Card,Shipped
O002024,2025-02-04,C01398,P0095,1,0.15,458.91,Net Banking,Shipped
O002025,2024-08-21,C01464,P0175,1,0.1,315.46,UPI,Shipped
O002026,2025-02-28,C00197,P0078,3,0.1,308.84,UPI,Processing
O002026,2025-02-28,C00197,P0150,2,0.1,69.25,Credit Card,Delivered
O002026,2025-02-28,C00197,P0220,1,0.15,58.25,Net Banking,Delivered
O002027,2026-01-15,C01037,P0212,4,0.2,216.9,Credit Card,Processing
O002028,2025-02-18,C00947,P0056,2,0.2,314.01,UPI,Cancelled
O002028,2025-02-18,C00947,P0115,2,0.05,173.73,Cash on Delivery,Delivered
O002029,2026-01-28,C01265,P0056,1,0.2,365.42,Wallet,Delivered
O002030,2024-10-25,C01479,P0185,1,0.1,118.89,Debit Card,Shipped
O002030,2024-10-25,C01479,P0074,1,0.15,172.28,Net Banking,Delivered
O002031,2025-06-06,C00002,P0237,3,0.15,156.61,Net Banking,Delivered
O002031,2025-06-06,C00002,P0006,1,0.1,202.74,UPI,Delivered
O002032,2025-01-07,C00931,P0096,3,0.25,246.87,Credit Card,Delivered
O002033,2025-10-22,C00943,P0219,1,0.1,178.46,Debit Card,Delivered
O002034,2026-01-02,C00996,P0024,1,0.1,170.3,Net Banking,Delivered
O002035,2024-04-09,C00243,P0226,1,0.05,458.19,Credit Card,Cancelled
O002036,2024-09-19,C00733,P0090,1,0.1,459.46,Debit Card,Processing
O002037,2025-10-27,C01359,P0086,2,0.1,56.67,UPI,Delivered
O002037,2025-10-27,C01359,P0049,3,0.05,317.84,UPI,Delivered
O002038,2024-08-01,C00557,P0198,1,0.1,50.29,Debit Card,Delivered
O002038,2024-08-01,C00557,P0091,1,0.0,372.28,UPI,Delivered
O002039,2025-03-09,C00923,P0179,3,0.05,234.64,Credit Card,Processing
O002040,2024-06-08,C01172,P0013,1,0.1,428.99,Cash on Delivery,Processing
O002041,2024-07-30,C00865,P0003,4,0.1,419.86,UPI,Delivered
O002041,2024-07-30,C00865,P0007,1,0.1,266.68,Debit Card,Cancelled
O002042,2025-11-28,C00941,P0206,1,0.05,242.48,Debit Card,Delivered
O002043,2025-09-02,C01133,P0174,4,0.05,108.59,Net Banking,Delivered
O002044,2025-04-08,C00875,P0131,1,0.0,220.48,Net Banking,Delivered
O002044,2025-04-08,C00875,P0049,1,0.0,228.05,Debit Card,Delivered
O002045,2024-08-03,C00440,P0212,3,0.1,158.53,Debit Card,Shipped
O002046,2025-01-01,C00150,P0095,1,0.2,144.21,Net Banking,Processing
O002046,2025-01-01,C00150,P0128,3,0.0,273.71,Net Banking,Delivered
O002047,2025-04-01,C01145,P0210,2,0.1,87.96,Credit Card,Delivered
O002048,2024-12-21,C00387,P0020,1,0.15,315.87,Net Banking,Delivered
O002049,2025-11-12,C00195,P0226,1,0.1,380.88,Net Banking,Delivered
O002050,2025-08-15,C00075,P0245,2,0.25,408.07,Wallet,Delivered
O002050,2025-08-15,C00075,P0062,1,0.0,130.25,Wallet,Delivered
O002051,2024-05-29,C00586,P0044,1,0.0,345.58,Credit Card,Delivered
O002052,2024-04-26,C00410,P0002,1,0.1,25.26,Net Banking,Delivered
O002052,2024-04-26,C00410,P0169,1,0.05,172.2,UPI,Shipped
O002052,2024-04-26,C00410,P0189,1,0.2,394.46,Cash on Delivery,Delivered
O002053,2024-09-15,C00686,P0175,1,0.3,57.47,UPI,Processing
O002054,2025-12-31,C00445,P0209,1,0.0,129.28,Debit Card,Delivered
O002054,2025-12-31,C00445,P0120,3,0.1,146.22,Debit Card,Delivered
O002054,2025-12-31,C00445,P0025,4,0.1,180.65,UPI,Delivered
O002055,2026-02-18,C00146,P0229,1,0.05,134.71,Credit Card,Cancelled
O002056,2024-11-15,C01377,P0070,3,0.0,321.46,Net Banking,Delivered
O002057,2024-07-13,C01323,P0176,1,0.15,252.85,Cash on Delivery,Cancelled
O002058,2025-11-22,C01336,P0155,2,0.1,396.14,Net Banking,Shipped
O002059,2025-12-30,C00025,P0167,1,0.25,138.79,UPI,Delivered
O002059,2025-12-30,C00025,P0236,1,0.0,494.96,Credit Card,Delivered
O002060,2026-03-28,C01415,P0027,1,0.1,352.76,Debit Card,Cancelled
O002061,2024-06-10,C00394,P0034,1,0.05,484.61,Debit Card,Delivered
O002062,2024-07-26,C01416,P0001,1,0.2,445.18,Net Banking,Processing
O002063,2025-05-02,C01125,P0068,1,0.05,113.35,UPI,Delivered
O002064,2024-07-16,C00067,P0200,1,0.15,73.02,Net Banking,Delivered
O002065,2025-05-16,C00377,P0206,2,0.05,284.6,Credit Card,Processing
O002065,2025-05-16,C00377,P0095,1,0.15,56.57,UPI,Delivered
O002065,2025-05-16,C00377,P0142,1,0.1,309.82,UPI,Delivered
O002066,2026-03-10,C01203,P0015,3,0.15,243.26,Debit Card,Delivered
O002066,2026-03-10,C01203,P0053,1,0.15,250.72,Debit Card,Processing
O002067,2025-03-02,C01069,P0044,1,0.1,493.08,UPI,Delivered
O002068,2024-12-30,C00119,P0102,1,0.05,422.71,Wallet,Shipped
O002068,2024-12-30,C00119,P0026,1,0.1,60.08,UPI,Shipped
O002069,2025-10-20,C01308,P0248,2,0.2,247.6,Net Banking,Shipped
O002070,2025-03-07,C00678,P0093,1,0.05,70.2,UPI,Shipped
O002070,2025-03-07,C00678,P0225,2,0.1,171.45,UPI,Shipped
O002071,2025-04-21,C00941,P0061,1,0.0,149.4,Credit Card,Cancelled
O002071,2025-04-21,C00941,P0051,1,0.0,178.04,Debit Card,Delivered
O002071,2025-04-21,C00941,P0010,1,0.15,332.69,UPI,Delivered
O002072,2024-04-13,C01330,P0004,2,0.25,246.99,Debit Card,Shipped
O002073,2024-05-28,C00045,P0131,1,0.15,416.78,UPI,Shipped
O002074,2025-11-26,C01351,P0250,1,0.2,495.1,Credit Card,Delivered
O002074,2025-11-26,C01351,P0074,1,0.05,449.81,Credit Card,Delivered
O002074,2025-11-26,C01351,P0070,2,0.1,388.79,UPI,Shipped
O002075,2024-11-06,C00070,P0203,1,0.0,28.87,Credit Card,Processing
O002076,2025-09-19,C00020,P0194,1,0.0,152.0,Credit Card,Shipped
O002076,2025-09-19,C00020,P0189,1,0.15,41.11,Cash on Delivery,Delivered
O002077,2025-09-14,C00248,P0110,1,0.1,111.53,Credit Card,Cancelled
O002077,2025-09-14,C00248,P0010,2,0.1,361.8,Debit Card,Delivered
O002078,2026-02-18,C00007,P0076,1,0.1,400.98,UPI,Delivered
O002079,2025-01-29,C00379,P0093,1,0.05,368.25,Credit Card,Delivered
O002080,2025-12-13,C00922,P0044,1,0.05,35.18,Credit Card,Delivered
O002081,2025-10-16,C00581,P0250,1,0.0,353.82,UPI,Delivered
O002082,2024-05-13,C00463,P0107,1,0.1,437.15,UPI,Delivered
O002083,2025-08-11,C00491,P0164,1,0.2,395.59,UPI,Delivered
O002084,2024-11-09,C00654,P0148,1,0.1,212.63,UPI,Processing
O002085,2024-12-28,C00368,P0008,1,0.1,101.67,UPI,Delivered
O002086,2024-06-30,C01176,P0004,1,0.1,409.76,Credit Card,Cancelled
O002087,2025-06-14,C00416,P0204,1,0.0,267.43,UPI,Delivered
O002088,2025-03-20,C00894,P0201,2,0.1,284.84,UPI,Delivered
O002089,2025-04-20,C01329,P0046,1,0.15,160.57,UPI,Delivered
O002089,2025-04-20,C01329,P0069,3,0.1,471.72,Credit Card,Delivered
O002090,2024-07-15,C00049,P0043,1,0.05,458.87,Credit Card,Delivered
O002091,2025-01-21,C01335,P0226,1,0.15,436.03,UPI,Delivered
O002091,2025-01-21,C01335,P0246,1,0.25,378.68,UPI,Cancelled
O002091,2025-01-21,C01335,P0160,2,0.1,253.11,Net Banking,Delivered
O002092,2025-12-12,C01062,P0097,1,0.1,167.79,Debit Card,Delivered
O002092,2025-12-12,C01062,P0157,2,0.2,111.19,Credit Card,Cancelled
O002093,2025-07-04,C01190,P0085,4,0.1,37.73,Debit Card,Delivered
O002094,2025-07-23,C01133,P0055,3,0.05,423.84,Wallet,Delivered
O002094,2025-07-23,C01133,P0242,1,0.05,259.34,UPI,Processing
O002094,2025-07-23,C01133,P0178,1,0.1,134.16,Net Banking,Delivered
O002095,2024-05-03,C01035,P0110,1,0.25,267.0,UPI,Shipped
O002096,2025-12-19,C00497,P0025,1,0.1,401.7,UPI,Delivered
O002097,2025-07-22,C01296,P0224,1,0.2,297.24,UPI,Processing
O002098,2025-05-20,C00313,P0241,1,0.1,368.17,Credit Card,Shipped
O002099,2024-09-02,C00867,P0204,1,0.1,405.87,UPI,Processing
O002100,2024-08-29,C01075,P0070,1,0.2,445.36,Credit Card,Delivered
O002101,2025-09-17,C00552,P0012,1,0.05,462.66,UPI,Delivered
O002102,2024-05-21,C00164,P0187,1,0.25,484.04,UPI,Cancelled
O002102,2024-05-21,C00164,P0112,1,0.15,28.22,Net Banking,Delivered
O002103,2025-10-02,C01385,P0228,1,0.0,49.6,UPI,Processing
O002104,2024-09-23,C01327,P0148,2,0.1,387.73,Credit Card,Shipped
O002105,2026-02-09,C00377,P0196,1,0.15,351.41,Net Banking,Delivered
O002106,2024-05-30,C00850,P0075,2,0.15,442.5,Wallet,Cancelled
O002107,2025-06-15,C00801,P0226,1,0.1,497.21,Debit Card,Shipped
O002107,2025-06-15,C00801,P0207,2,0.1,277.79,Credit Card,Processing
O002108,2024-04-09,C01390,P0005,2,0.05,164.85,UPI,Delivered
O002108,2024-04-09,C01390,P0224,1,0.15,258.74,Credit Card,Shipped
O002109,2025-09-15,C01273,P0189,1,0.1,324.63,Cash on Delivery,Cancelled
O002110,2026-03-04,C00957,P0193,1,0.05,372.02,Debit Card,Cancelled
O002111,2024-10-27,C00056,P0017,2,0.05,479.59,UPI,Processing
O002112,2024-12-28,C00136,P0066,1,0.25,314.04,Debit Card,Delivered
O002112,2024-12-28,C00136,P0148,1,0.3,182.76,Debit Card,Shipped
O002113,2024-12-17,C00936,P0130,1,0.1,210.53,Wallet,Cancelled
O002113,2024-12-17,C00936,P0175,4,0.3,88.04,UPI,Shipped
O002114,2025-09-11,C00247,P0178,1,0.05,77.38,Credit Card,Delivered
O002115,2025-06-07,C00194,P0185,1,0.1,485.39,Debit Card,Delivered
O002116,2025-01-14,C00672,P0093,3,0.2,90.25,Credit Card,Delivered
O002117,2026-02-28,C00562,P0207,2,0.1,248.11,UPI,Delivered
O002118,2025-12-01,C01218,P0197,2,0.1,324.7,Net Banking,Delivered
O002119,2024-08-19,C00704,P0210,2,0.2,294.17,Cash on Delivery,Shipped
O002120,2024-08-01,C01432,P0055,3,0.2,422.71,Credit Card,Delivered
O002120,2024-08-01,C01432,P0106,2,0.1,312.8,UPI,Delivered
O002121,2024-05-07,C00613,P0198,1,0.0,274.47,UPI,Delivered
O002122,2026-01-14,C00310,P0080,1,0.1,229.09,Credit Card,Delivered
O002123,2024-05-02,C00620,P0240,1,0.25,218.99,Wallet,Delivered
O002124,2025-11-21,C00832,P0009,1,0.2,354.97,Net Banking,Delivered
O002124,2025-11-21,C00832,P0209,3,0.05,124.18,Debit Card,Delivered
O002124,2025-11-21,C00832,P0219,1,0.1,297.49,Cash on Delivery,Delivered
O002125,2025-01-14,C01088,P0083,4,0.05,279.08,Wallet,Delivered
O002126,2025-02-07,C01296,P0167,2,0.1,287.91,UPI,Delivered
O002127,2025-10-17,C00420,P0207,2,0.2,416.85,UPI,Cancelled
O002127,2025-10-17,C00420,P0037,1,0.1,374.69,Debit Card,Shipped
O002128,2024-11-19,C01307,P0016,1,0.1,380.29,UPI,Delivered
O002128,2024-11-19,C01307,P0125,1,0.1,274.55,UPI,Processing
O002129,2024-11-07,C01208,P0065,1,0.0,225.16,Debit Card,Delivered
O002129,2024-11-07,C01208,P0041,1,0.1,28.24,UPI,Shipped
O002130,2025-04-08,C01317,P0184,3,0.2,63.03,Debit Card,Delivered
O002131,2024-09-01,C00162,P0027,1,0.0,310.44,Cash on Delivery,Delivered
O002132,2025-07-03,C00409,P0189,1,0.1,83.9,UPI,Delivered
O002133,2025-08-19,C00316,P0005,1,0.1,315.04,UPI,Cancelled
O002134,2026-01-29,C00666,P0094,2,0.05,145.6,UPI,Delivered
O002135,2025-02-07,C00357,P0249,1,0.1,207.01,Cash on Delivery,Processing
O002136,2024-09-22,C01207,P0204,2,0.05,216.57,UPI,Delivered
O002137,2024-05-04,C00010,P0201,1,0.0,224.4,Wallet,Shipped
O002138,2024-08-16,C00492,P0069,1,0.1,450.49,Debit Card,Delivered
O002138,2024-08-16,C00492,P0157,1,0.1,174.4,UPI,Delivered
O002138,2024-08-16,C00492,P0144,1,0.15,244.09,Credit Card,Delivered
O002139,2024-11-11,C01312,P0235,1,0.0,142.13,UPI,Delivered
O002140,2025-12-09,C01458,P0199,1,0.1,416.45,Credit Card,Processing
O002141,2025-05-20,C01175,P0095,1,0.05,281.86,Debit Card,Cancelled
O002141,2025-05-20,C01175,P0045,1,0.1,400.43,UPI,Delivered
O002142,2025-12-07,C01050,P0120,4,0.0,33.92,Cash on Delivery,Delivered
O002143,2026-01-31,C00386,P0168,3,0.15,188.13,Net Banking,Delivered
O002144,2025-08-15,C01268,P0228,1,0.15,174.29,Credit Card,Delivered
O002145,2025-11-16,C00163,P0068,1,0.1,405.59,Credit Card,Cancelled
O002146,2026-03-13,C00419,P0040,1,0.1,310.51,UPI,Delivered
O002147,2024-06-08,C00238,P0116,1,0.1,223.96,Net Banking,Processing
O002148,2025-03-06,C01367,P0119,1,0.05,444.32,UPI,Delivered
O002149,2024-08-02,C00983,P0098,1,0.1,178.7,Cash on Delivery,Delivered
O002150,2025-11-16,C00662,P0201,1,0.25,51.62,Cash on Delivery,Processing
O002151,2024-04-17,C01285,P0043,1,0.3,204.87,Cash on Delivery,Delivered
O002151,2024-04-17,C01285,P0034,1,0.1,217.5,UPI,Delivered
O002151,2024-04-17,C01285,P0229,1,0.2,384.59,Net Banking,Delivered
O002152,2025-12-08,C00693,P0164,3,0.15,192.44,UPI,Cancelled
O002153,2025-08-09,C00074,P0149,1,0.0,340.15,Credit Card,Delivered
O002154,2026-01-09,C00308,P0040,1,0.25,425.2,Debit Card,Shipped
O002154,2026-01-09,C00308,P0220,2,0.1,326.74,UPI,Delivered
O002155,2025-11-22,C00380,P0162,1,0.2,106.8,Cash on Delivery,Cancelled
O002156,2025-06-27,C01213,P0031,1,0.05,412.0,Cash on Delivery,Delivered
O002157,2025-05-22,C01359,P0149,2,0.1,461.94,UPI,Delivered
O002157,2025-05-22,C01359,P0171,1,0.0,393.25,UPI,Delivered
O002158,2025-03-02,C00443,P0086,2,0.1,26.42,Debit Card,Delivered
O002159,2024-07-10,C00765,P0136,1,0.05,107.98,Credit Card,Delivered
O002159,2024-07-10,C00765,P0170,2,0.15,298.08,UPI,Delivered
O002159,2024-07-10,C00765,P0193,4,0.15,89.45,Debit Card,Delivered
O002160,2024-05-03,C00637,P0223,3,0.0,495.32,UPI,Shipped
O002160,2024-05-03,C00637,P0043,1,0.2,315.82,Credit Card,Shipped
O002161,2024-08-21,C01333,P0034,1,0.1,312.17,Cash on Delivery,Shipped
O002161,2024-08-21,C01333,P0029,1,0.3,348.27,UPI,Delivered
O002162,2025-05-03,C00260,P0054,1,0.2,368.49,Credit Card,Cancelled
O002163,2025-04-30,C00530,P0070,1,0.0,343.88,Net Banking,Delivered
O002163,2025-04-30,C00530,P0014,1,0.1,318.44,Credit Card,Shipped
O002163,2025-04-30,C00530,P0105,1,0.3,84.19,Cash on Delivery,Delivered
O002164,2025-11-30,C00199,P0139,1,0.1,72.53,UPI,Delivered
O002164,2025-11-30,C00199,P0229,1,0.1,181.42,Cash on Delivery,Delivered
O002164,2025-11-30,C00199,P0232,1,0.15,191.48,UPI,Delivered
O002165,2024-05-10,C00298,P0106,1,0.15,200.28,UPI,Delivered
O002166,2026-01-09,C01236,P0017,1,0.1,303.39,UPI,Delivered
O002166,2026-01-09,C01236,P0102,1,0.1,463.33,UPI,Delivered
O002167,2025-05-18,C00284,P0143,1,0.1,60.52,Cash on Delivery,Delivered
O002168,2026-03-21,C00947,P0115,1,0.1,258.5,Net Banking,Delivered
O002168,2026-03-21,C00947,P0150,3,0.0,85.03,Wallet,Delivered
O002168,2026-03-21,C00947,P0017,1,0.1,456.99,UPI,Processing
O002169,2026-01-30,C00653,P0105,1,0.25,245.11,UPI,Cancelled
O002170,2026-01-22,C00141,P0021,2,0.15,266.87,Credit Card,Cancelled
O002170,2026-01-22,C00141,P0227,2,0.15,382.17,UPI,Shipped
O002171,2025-08-20,C01014,P0010,1,0.1,230.81,UPI,Delivered
O002171,2025-08-20,C01014,P0151,1,0.0,104.9,Credit Card,Delivered
O002172,2024-04-08,C01470,P0174,1,0.1,244.86,UPI,Cancelled
O002173,2025-10-12,C00086,P0017,1,0.0,91.54,Debit Card,Cancelled
O002173,2025-10-12,C00086,P0038,1,0.1,176.28,Net Banking,Delivered
O002173,2025-10-12,C00086,P0108,2,0.3,229.74,Credit Card,Delivered
O002174,2025-10-06,C01473,P0191,4,0.05,298.75,Debit Card,Delivered
O002175,2025-08-16,C00048,P0130,3,0.0,174.15,Net Banking,Delivered
O002175,2025-08-16,C00048,P0174,3,0.15,89.25,Cash on Delivery,Delivered
O002176,2025-09-17,C00368,P0077,1,0.1,242.52,Credit Card,Processing
O002177,2024-12-08,C00578,P0226,2,0.0,76.16,UPI,Delivered
O002177,2024-12-08,C00578,P0118,2,0.2,449.81,UPI,Shipped
O002178,2024-09-12,C00857,P0104,1,0.25,25.56,UPI,Delivered
O002178,2024-09-12,C00857,P0166,1,0.1,498.73,Credit Card,Delivered
O002179,2025-10-18,C00899,P0160,1,0.15,158.39,Cash on Delivery,Cancelled
O002180,2024-06-18,C01316,P0231,2,0.25,160.21,Debit Card,Cancelled
O002180,2024-06-18,C01316,P0193,1,0.0,215.87,Debit Card,Delivered
O002181,2024-05-25,C01211,P0164,1,0.1,190.92,Debit Card,Processing
O002181,2024-05-25,C01211,P0158,1,0.0,205.54,Debit Card,Delivered
O002182,2025-08-07,C00490,P0130,1,0.0,366.87,Credit Card,Processing
O002183,2024-04-14,C00632,P0148,2,0.15,375.24,UPI,Delivered
O002183,2024-04-14,C00632,P0149,1,0.1,225.11,Net Banking,Delivered
O002183,2024-04-14,C00632,P0023,1,0.1,464.04,Credit Card,Shipped
O002184,2025-06-11,C00330,P0090,1,0.1,276.8,Credit Card,Cancelled
O002184,2025-06-11,C00330,P0095,1,0.05,288.45,Debit Card,Processing
O002184,2025-06-11,C00330,P0173,2,0.1,478.12,Wallet,Delivered
O002185,2026-02-06,C00684,P0147,1,0.15,200.83,Debit Card,Delivered
O002185,2026-02-06,C00684,P0208,3,0.1,432.23,UPI,Shipped
O002186,2025-05-25,C00124,P0213,2,0.05,189.29,Wallet,Delivered
O002187,2024-04-28,C00669,P0146,1,0.15,181.43,Wallet,Delivered
O002188,2025-01-03,C00026,P0146,1,0.1,95.06,Wallet,Shipped
O002188,2025-01-03,C00026,P0053,3,0.3,321.12,Debit Card,Processing
O002188,2025-01-03,C00026,P0023,1,0.15,134.16,Cash on Delivery,Delivered
O002189,2025-05-24,C00814,P0023,1,0.15,326.17,Net Banking,Delivered
O002189,2025-05-24,C00814,P0192,3,0.05,458.85,Net Banking,Cancelled
O002190,2025-11-12,C00733,P0130,1,0.25,416.92,Debit Card,Delivered
O002191,2025-11-26,C01263,P0052,1,0.1,188.76,UPI,Delivered
O002192,2024-12-05,C00159,P0052,1,0.1,455.39,UPI,Delivered
O002193,2025-01-14,C00535,P0150,1,0.1,47.4,Credit Card,Delivered
O002193,2025-01-14,C00535,P0062,2,0.2,327.51,UPI,Delivered
O002193,2025-01-14,C00535,P0030,1,0.15,452.43,Cash on Delivery,Delivered
O002194,2025-01-06,C00803,P0130,1,0.05,311.35,UPI,Cancelled
O002194,2025-01-06,C00803,P0031,2,0.05,376.08,Credit Card,Delivered
O002195,2025-07-22,C01266,P0110,1,0.1,124.41,Credit Card,Delivered
O002196,2025-04-19,C01298,P0026,4,0.1,364.62,Cash on Delivery,Cancelled
O002197,2025-09-13,C00856,P0022,1,0.1,288.55,Credit Card,Delivered
O002198,2025-08-10,C00048,P0175,1,0.05,499.96,Debit Card,Delivered
O002198,2025-08-10,C00048,P0087,1,0.05,182.29,Debit Card,Delivered
O002199,2026-01-03,C00407,P0040,1,0.0,157.93,Cash on Delivery,Shipped
O002200,2025-12-05,C01212,P0111,1,0.0,138.88,UPI,Processing
O002200,2025-12-05,C01212,P0074,1,0.1,409.84,UPI,Delivered
O002201,2024-10-27,C01223,P0005,1,0.05,293.87,Debit Card,Cancelled
O002202,2025-03-24,C01348,P0223,2,0.15,218.03,Credit Card,Shipped
O002203,2025-08-11,C00327,P0131,1,0.1,58.67,Credit Card,Cancelled
O002204,2024-07-12,C00141,P0139,1,0.15,473.93,UPI,Delivered
O002204,2024-07-12,C00141,P0201,2,0.05,399.34,Credit Card,Cancelled
O002205,2024-10-24,C01321,P0054,1,0.15,362.61,Debit Card,Cancelled
O002206,2025-04-18,C00275,P0222,1,0.1,183.57,Net Banking,Delivered
O002207,2026-02-03,C00753,P0041,2,0.05,388.16,Cash on Delivery,Delivered
O002207,2026-02-03,C00753,P0247,1,0.1,271.33,UPI,Delivered
O002208,2025-12-14,C00828,P0212,1,0.0,66.73,UPI,Cancelled
O002209,2024-07-23,C00608,P0168,3,0.15,108.03,Net Banking,Delivered
O002210,2024-06-09,C00733,P0148,1,0.15,101.27,Debit Card,Delivered
O002210,2024-06-09,C00733,P0138,1,0.2,38.65,UPI,Delivered
O002210,2024-06-09,C00733,P0234,1,0.3,86.04,Debit Card,Shipped
O002211,2025-06-24,C00831,P0128,1,0.05,87.76,Credit Card,Cancelled
O002211,2025-06-24,C00831,P0150,1,0.15,283.93,Credit Card,Processing
O002212,2025-09-24,C00435,P0221,1,0.15,473.09,Wallet,Delivered
O002213,2024-05-12,C00409,P0171,1,0.1,282.68,Wallet,Delivered
O002213,2024-05-12,C00409,P0060,1,0.05,39.77,Cash on Delivery,Delivered
O002214,2025-06-12,C00414,P0247,1,0.15,175.46,UPI,Shipped
O002215,2024-04-19,C01099,P0222,2,0.15,35.67,Debit Card,Shipped
O002216,2025-03-25,C00856,P0062,2,0.2,103.56,Credit Card,Delivered
O002217,2024-06-02,C00255,P0225,4,0.3,381.33,Net Banking,Shipped
O002218,2025-03-06,C01278,P0122,2,0.0,306.19,Wallet,Processing
O002218,2025-03-06,C01278,P0064,2,0.2,147.2,Credit Card,Delivered
O002219,2026-01-06,C00194,P0102,1,0.15,149.72,Credit Card,Delivered
O002220,2026-02-20,C01168,P0052,1,0.15,488.57,UPI,Shipped
O002220,2026-02-20,C01168,P0125,1,0.1,490.0,Net Banking,Delivered
O002221,2024-04-23,C00545,P0201,1,0.05,185.83,Net Banking,Delivered
O002222,2026-01-01,C00347,P0052,1,0.0,257.95,Debit Card,Processing
O002222,2026-01-01,C00347,P0185,2,0.15,221.37,Credit Card,Processing
O002223,2024-07-15,C00918,P0211,2,0.05,67.51,UPI,Delivered
O002224,2025-09-27,C01387,P0078,2,0.1,245.23,Net Banking,Delivered
O002225,2025-05-23,C00493,P0103,1,0.15,464.33,Cash on Delivery,Delivered
O002226,2025-06-14,C00468,P0199,2,0.15,447.97,Net Banking,Shipped
O002227,2025-01-16,C00935,P0151,2,0.0,57.11,UPI,Shipped
O002228,2025-06-18,C01352,P0220,2,0.05,223.22,Wallet,Cancelled
O002228,2025-06-18,C01352,P0015,1,0.1,48.3,UPI,Delivered
O002229,2024-05-07,C00231,P0116,1,0.0,487.66,Net Banking,Cancelled
O002230,2024-08-22,C00731,P0010,1,0.1,353.68,Net Banking,Cancelled
O002231,2025-09-01,C00487,P0013,1,0.05,396.37,UPI,Delivered
O002232,2025-04-09,C00556,P0026,2,0.1,127.87,Debit Card,Delivered
O002233,2025-11-23,C00749,P0127,1,0.05,407.65,Wallet,Delivered
O002234,2024-08-28,C01349,P0200,2,0.1,352.71,Credit Card,Delivered
O002234,2024-08-28,C01349,P0088,1,0.05,297.59,Wallet,Delivered
O002235,2025-04-14,C00969,P0008,1,0.1,241.39,UPI,Delivered
O002236,2025-11-14,C00462,P0128,1,0.1,384.89,Net Banking,Processing
O002237,2024-10-02,C00250,P0110,1,0.0,382.64,Credit Card,Shipped
O002238,2026-01-18,C00772,P0010,1,0.1,141.0,Credit Card,Processing
O002239,2025-05-27,C00352,P0202,1,0.1,38.0,Net Banking,Cancelled
O002240,2026-02-03,C00564,P0137,2,0.05,107.87,Wallet,Cancelled
O002241,2024-12-10,C00821,P0237,1,0.05,263.96,Net Banking,Delivered
O002241,2024-12-10,C00821,P0034,1,0.0,180.85,Debit Card,Cancelled
O002241,2024-12-10,C00821,P0154,1,0.05,246.76,Debit Card,Processing
O002242,2026-01-25,C00531,P0082,1,0.05,354.18,Debit Card,Shipped
O002243,2025-01-23,C01098,P0203,1,0.1,266.53,UPI,Cancelled
O002244,2026-03-10,C01189,P0222,1,0.1,341.39,Debit Card,Delivered
O002245,2024-10-19,C00882,P0176,2,0.2,424.54,UPI,Processing
O002246,2024-12-14,C00105,P0229,2,0.0,230.59,Debit Card,Delivered
O002247,2025-12-08,C01089,P0088,1,0.15,211.91,UPI,Delivered
O002248,2026-03-14,C00856,P0138,4,0.1,60.14,Cash on Delivery,Delivered
O002249,2024-06-06,C00378,P0082,2,0.05,256.3,UPI,Delivered
O002249,2024-06-06,C00378,P0209,3,0.1,347.81,Wallet,Delivered
O002250,2024-10-09,C01332,P0227,1,0.1,120.08,Wallet,Delivered
O002250,2024-10-09,C01332,P0010,1,0.1,192.46,Credit Card,Processing
O002251,2024-12-13,C01194,P0171,3,0.15,463.79,Debit Card,Delivered
O002252,2025-06-09,C01170,P0013,1,0.0,297.8,Credit Card,Processing
O002253,2025-01-16,C00765,P0062,1,0.05,444.14,Credit Card,Shipped
O002254,2025-09-22,C00375,P0024,1,0.2,165.48,UPI,Processing
O002255,2024-06-03,C00491,P0199,1,0.0,285.68,Net Banking,Delivered
O002256,2024-05-02,C00232,P0140,1,0.15,133.52,UPI,Delivered
O002256,2024-05-02,C00232,P0238,1,0.05,350.35,Debit Card,Shipped
O002257,2024-08-27,C00448,P0244,1,0.1,231.7,Cash on Delivery,Delivered
O002258,2024-08-08,C01210,P0178,1,0.1,343.58,Debit Card,Delivered
O002258,2024-08-08,C01210,P0156,1,0.1,207.81,UPI,Processing
O002259,2026-01-20,C00695,P0199,2,0.0,99.62,Credit Card,Delivered
O002259,2026-01-20,C00695,P0104,1,0.15,135.84,UPI,Delivered
O002260,2026-02-25,C01404,P0033,1,0.15,422.37,UPI,Shipped
O002261,2026-03-15,C00801,P0191,1,0.15,174.42,UPI,Delivered
O002262,2025-04-06,C00215,P0227,1,0.0,182.95,UPI,Delivered
O002263,2025-05-06,C01087,P0124,1,0.05,279.59,UPI,Delivered
O002264,2025-12-28,C01386,P0204,1,0.25,283.43,UPI,Delivered
O002265,2024-09-06,C00152,P0174,4,0.0,54.07,Debit Card,Processing
O002266,2024-08-28,C00122,P0248,1,0.05,26.9,UPI,Delivered
O002266,2024-08-28,C00122,P0250,2,0.15,377.13,Credit Card,Processing
O002267,2024-04-26,C01052,P0206,2,0.15,264.98,Debit Card,Shipped
O002267,2024-04-26,C01052,P0187,2,0.05,31.82,Cash on Delivery,Cancelled
O002267,2024-04-26,C01052,P0248,1,0.0,360.96,UPI,Shipped
O002268,2026-02-03,C01106,P0130,1,0.15,401.15,UPI,Cancelled
O002269,2025-05-23,C00586,P0012,1,0.15,373.66,UPI,Cancelled
O002269,2025-05-23,C00586,P0065,1,0.1,79.24,UPI,Delivered
O002270,2024-07-26,C00237,P0194,1,0.25,58.12,UPI,Shipped
O002271,2025-01-21,C00359,P0034,1,0.05,193.1,UPI,Delivered
O002272,2026-02-15,C00698,P0059,1,0.1,276.5,Credit Card,Delivered
O002273,2025-08-04,C00823,P0154,3,0.2,225.42,UPI,Delivered
O002274,2026-02-16,C01342,P0132,1,0.25,151.37,Cash on Delivery,Cancelled
O002275,2025-05-31,C00095,P0247,2,0.05,387.83,UPI,Delivered
O002275,2025-05-31,C00095,P0092,1,0.0,348.4,Net Banking,Delivered
O002276,2025-07-24,C00262,P0221,1,0.05,173.05,Credit Card,Shipped
O002276,2025-07-24,C00262,P0248,1,0.15,97.79,UPI,Delivered
O002277,2025-11-06,C01251,P0117,1,0.05,243.03,UPI,Delivered
O002277,2025-11-06,C01251,P0062,1,0.15,388.89,Debit Card,Delivered
O002278,2025-02-03,C01318,P0169,2,0.05,421.63,Credit Card,Shipped
O002278,2025-02-03,C01318,P0122,3,0.15,101.76,Credit Card,Delivered
O002279,2025-09-20,C00068,P0186,1,0.25,311.04,Cash on Delivery,Shipped
O002279,2025-09-20,C00068,P0231,1,0.15,168.01,UPI,Delivered
O002280,2025-11-09,C01177,P0164,1,0.05,313.49,Wallet,Delivered
O002281,2025-08-15,C00022,P0156,3,0.1,234.56,UPI,Delivered
O002282,2024-11-22,C01385,P0029,1,0.15,436.24,Net Banking,Delivered
O002283,2024-09-01,C01451,P0229,2,0.1,255.87,UPI,Delivered
O002283,2024-09-01,C01451,P0217,1,0.1,489.1,Wallet,Delivered
O002283,2024-09-01,C01451,P0013,1,0.3,150.61,Credit Card,Delivered
O002284,2026-02-13,C00552,P0248,4,0.05,358.46,Cash on Delivery,Delivered
O002285,2024-08-14,C01270,P0244,1,0.25,320.54,Net Banking,Cancelled
O002286,2025-11-16,C00840,P0211,4,0.0,407.94,Net Banking,Shipped
O002286,2025-11-16,C00840,P0105,2,0.1,324.49,Wallet,Delivered
O002287,2024-10-06,C00646,P0247,1,0.05,407.71,Cash on Delivery,Shipped
O002288,2025-05-07,C01296,P0163,2,0.1,70.13,Debit Card,Shipped
O002289,2024-09-07,C00008,P0079,2,0.05,312.64,Credit Card,Shipped
O002289,2024-09-07,C00008,P0237,1,0.1,456.02,Debit Card,Delivered
O002290,2024-04-24,C01372,P0004,1,0.1,165.66,Credit Card,Delivered
O002291,2024-05-20,C00667,P0090,1,0.1,387.77,UPI,Cancelled
O002292,2024-08-03,C01036,P0250,2,0.2,303.09,Net Banking,Delivered
O002292,2024-08-03,C01036,P0241,3,0.0,282.24,Credit Card,Delivered
O002293,2026-03-29,C00630,P0151,2,0.0,431.3,Wallet,Shipped
O002294,2025-08-23,C00880,P0034,1,0.1,182.29,UPI,Delivered
O002295,2025-08-04,C01311,P0219,1,0.0,454.49,Cash on Delivery,Delivered
O002296,2024-08-03,C00503,P0004,1,0.1,50.88,Debit Card,Delivered
O002297,2025-12-05,C00229,P0045,2,0.0,411.92,UPI,Delivered
O002298,2025-08-21,C00411,P0078,2,0.0,135.49,UPI,Shipped
O002298,2025-08-21,C00411,P0106,4,0.2,241.75,Credit Card,Delivered
O002298,2025-08-21,C00411,P0090,1,0.15,130.46,Debit Card,Delivered
O002299,2025-12-24,C00996,P0041,2,0.05,318.21,Credit Card,Processing
O002300,2025-05-12,C00367,P0079,2,0.1,104.26,UPI,Shipped
O002301,2025-11-29,C00627,P0230,2,0.05,173.48,Credit Card,Delivered
O002301,2025-11-29,C00627,P0188,1,0.0,307.15,Cash on Delivery,Delivered
O002302,2025-11-14,C00243,P0115,1,0.15,393.86,Wallet,Cancelled
O002302,2025-11-14,C00243,P0034,1,0.1,158.64,UPI,Cancelled
O002302,2025-11-14,C00243,P0190,4,0.15,445.78,Debit Card,Delivered
O002303,2024-07-27,C01072,P0010,1,0.1,241.39,Credit Card,Delivered
O002303,2024-07-27,C01072,P0066,1,0.25,377.75,Credit Card,Delivered
O002304,2025-09-01,C00959,P0225,2,0.15,456.24,Net Banking,Delivered
O002305,2024-05-12,C01190,P0023,1,0.1,55.58,Net Banking,Delivered
O002306,2026-03-18,C00190,P0209,1,0.2,79.86,UPI,Delivered
O002306,2026-03-18,C00190,P0017,1,0.0,453.21,UPI,Processing
O002307,2024-05-18,C00337,P0074,4,0.2,313.03,Credit Card,Processing
O002308,2024-11-07,C00302,P0171,1,0.1,442.75,Cash on Delivery,Delivered
O002309,2025-12-23,C00952,P0192,3,0.05,217.09,UPI,Delivered
O002310,2026-03-16,C00622,P0237,1,0.05,78.85,Cash on Delivery,Cancelled
O002311,2024-11-02,C01182,P0067,1,0.15,188.1,Cash on Delivery,Processing
O002312,2026-01-30,C00614,P0088,1,0.0,488.6,UPI,Delivered
O002313,2024-11-04,C01373,P0154,1,0.1,333.41,Debit Card,Delivered
O002313,2024-11-04,C01373,P0107,1,0.0,337.15,Credit Card,Delivered
O002314,2025-01-18,C00601,P0199,2,0.1,170.99,UPI,Processing
O002315,2024-08-03,C00624,P0110,1,0.1,386.08,Credit Card,Delivered
O002316,2025-11-14,C01375,P0127,1,0.15,114.69,Credit Card,Shipped
O002316,2025-11-14,C01375,P0086,1,0.2,127.39,Wallet,Shipped
O002317,2026-03-21,C00021,P0034,1,0.1,347.05,Credit Card,Processing
O002317,2026-03-21,C00021,P0157,1,0.1,443.56,Cash on Delivery,Delivered
O002318,2025-05-01,C00076,P0198,1,0.2,312.17,Cash on Delivery,Shipped
O002319,2026-02-13,C00754,P0129,1,0.05,305.62,Cash on Delivery,Processing
O002320,2025-03-06,C01143,P0007,1,0.05,56.34,Cash on Delivery,Delivered
O002320,2025-03-06,C01143,P0230,1,0.0,220.73,Net Banking,Delivered
O002320,2025-03-06,C01143,P0047,1,0.1,372.2,UPI,Delivered
O002321,2026-01-15,C00195,P0240,2,0.2,484.12,UPI,Cancelled
O002322,2024-09-29,C00675,P0109,2,0.25,198.95,Net Banking,Delivered
O002322,2024-09-29,C00675,P0144,1,0.1,369.49,UPI,Processing
O002323,2025-10-22,C01464,P0042,1,0.15,89.64,Credit Card,Shipped
O002324,2026-01-30,C01306,P0077,1,0.15,280.53,Cash on Delivery,Processing
O002324,2026-01-30,C01306,P0092,1,0.0,107.78,UPI,Delivered
O002324,2026-01-30,C01306,P0030,1,0.1,198.35,UPI,Delivered
O002325,2025-06-16,C01146,P0205,1,0.25,498.1,UPI,Delivered
O002325,2025-06-16,C01146,P0178,2,0.05,490.29,Wallet,Delivered
O002325,2025-06-16,C01146,P0014,1,0.1,496.7,UPI,Delivered
O002326,2025-06-14,C00434,P0150,2,0.1,57.53,Wallet,Delivered
O002327,2024-09-02,C00917,P0054,2,0.05,100.91,UPI,Delivered
O002328,2024-06-25,C00343,P0149,1,0.2,171.61,Debit Card,Delivered
O002329,2025-11-29,C00150,P0134,1,0.05,315.34,Cash on Delivery,Processing
O002330,2024-05-28,C01402,P0119,3,0.2,461.11,UPI,Delivered
O002330,2024-05-28,C01402,P0089,1,0.0,95.94,Debit Card,Delivered
O002331,2025-07-05,C01257,P0154,1,0.0,206.45,Net Banking,Delivered
O002332,2025-01-05,C00251,P0198,1,0.1,121.88,Credit Card,Delivered
O002333,2026-01-31,C00027,P0156,1,0.15,199.34,Debit Card,Shipped
O002334,2025-07-20,C00950,P0002,1,0.2,160.51,UPI,Delivered
O002335,2025-05-09,C00530,P0044,1,0.05,219.8,Wallet,Delivered
O002336,2025-09-19,C01012,P0194,1,0.15,460.36,UPI,Shipped
O002337,2024-08-15,C00712,P0229,1,0.2,105.82,UPI,Shipped
O002338,2025-05-30,C00401,P0118,1,0.2,464.33,Cash on Delivery,Delivered
O002339,2026-02-10,C00290,P0129,1,0.1,141.27,Credit Card,Shipped
O002340,2025-12-08,C00942,P0150,1,0.05,45.24,UPI,Processing
O002340,2025-12-08,C00942,P0165,1,0.1,410.02,UPI,Delivered
O002340,2025-12-08,C00942,P0245,1,0.15,457.47,Cash on Delivery,Cancelled
O002341,2024-10-30,C00357,P0113,1,0.1,55.32,Debit Card,Cancelled
O002342,2025-11-21,C01353,P0183,1,0.15,449.5,UPI,Processing
O002342,2025-11-21,C01353,P0218,1,0.05,315.48,Net Banking,Delivered
O002343,2025-10-31,C00896,P0031,1,0.1,302.8,Credit Card,Shipped
O002344,2024-10-22,C00524,P0111,2,0.05,200.05,Net Banking,Delivered
O002345,2024-04-17,C01140,P0129,1,0.1,387.16,Credit Card,Delivered
O002346,2025-08-28,C01403,P0198,1,0.1,206.09,UPI,Shipped
O002346,2025-08-28,C01403,P0218,1,0.2,347.29,UPI,Shipped
O002347,2025-06-28,C00873,P0248,3,0.15,449.29,UPI,Delivered
O002348,2024-08-11,C00466,P0085,1,0.15,425.76,Debit Card,Processing
O002349,2024-05-15,C01362,P0010,2,0.2,277.24,Credit Card,Shipped
O002350,2025-08-03,C00217,P0137,1,0.05,128.37,UPI,Processing
O002350,2025-08-03,C00217,P0161,1,0.2,65.57,UPI,Cancelled
O002350,2025-08-03,C00217,P0219,4,0.1,315.95,UPI,Shipped
O002351,2024-04-13,C00318,P0086,1,0.1,364.67,Cash on Delivery,Delivered
O002351,2024-04-13,C00318,P0026,2,0.25,148.38,Cash on Delivery,Processing
O002352,2025-04-16,C01372,P0045,1,0.05,301.61,Wallet,Delivered
O002353,2026-02-04,C00327,P0084,1,0.15,365.24,UPI,Shipped
O002354,2025-05-01,C00549,P0228,1,0.0,39.68,UPI,Delivered
O002355,2025-10-10,C00464,P0060,1,0.2,223.51,Debit Card,Shipped
O002356,2025-07-07,C01312,P0186,1,0.1,380.32,Net Banking,Delivered
O002356,2025-07-07,C01312,P0021,1,0.05,323.45,Credit Card,Cancelled
O002357,2025-06-09,C01135,P0109,1,0.0,87.56,UPI,Cancelled
O002358,2025-07-25,C00033,P0100,1,0.1,226.2,Net Banking,Processing
O002358,2025-07-25,C00033,P0120,1,0.2,295.75,UPI,Cancelled
O002359,2025-01-24,C00178,P0084,3,0.2,188.97,Net Banking,Delivered
O002360,2025-08-01,C00486,P0169,2,0.0,305.1,UPI,Shipped
O002361,2024-11-29,C00279,P0224,1,0.15,234.52,Debit Card,Delivered
O002362,2026-01-24,C00272,P0014,1,0.15,36.13,UPI,Delivered
O002363,2024-12-17,C01146,P0137,1,0.2,322.54,Wallet,Delivered
O002364,2025-12-05,C00523,P0095,1,0.15,334.83,Debit Card,Delivered
O002365,2025-09-22,C00747,P0043,1,0.1,171.05,Cash on Delivery,Cancelled
O002365,2025-09-22,C00747,P0071,1,0.15,42.09,UPI,Cancelled
O002366,2026-03-28,C01375,P0213,2,0.15,127.81,Net Banking,Delivered
O002367,2025-06-11,C00857,P0113,1,0.05,416.95,UPI,Delivered
O002368,2025-05-13,C00685,P0186,1,0.05,33.31,Wallet,Delivered
O002369,2024-11-09,C00721,P0225,1,0.15,297.01,Debit Card,Shipped
O002370,2025-05-09,C00328,P0002,2,0.15,360.86,Credit Card,Cancelled
O002371,2024-12-03,C00504,P0078,1,0.2,389.8,Credit Card,Shipped
O002372,2025-09-12,C00897,P0141,1,0.0,173.83,UPI,Shipped
O002373,2025-09-24,C01237,P0014,2,0.2,307.6,UPI,Cancelled
O002374,2025-02-07,C00520,P0115,1,0.0,412.85,Credit Card,Delivered
O002375,2025-12-12,C01249,P0127,1,0.05,426.28,Credit Card,Delivered
O002375,2025-12-12,C01249,P0102,1,0.15,295.49,UPI,Delivered
O002376,2024-06-21,C00195,P0156,2,0.0,86.58,UPI,Shipped
O002377,2025-05-27,C00716,P0127,1,0.05,209.78,UPI,Delivered
O002377,2025-05-27,C00716,P0077,1,0.0,181.99,Credit Card,Delivered
O002378,2024-08-14,C01345,P0009,2,0.1,115.17,Cash on Delivery,Delivered
O002378,2024-08-14,C01345,P0056,2,0.1,415.76,UPI,Delivered
O002379,2025-12-20,C00201,P0030,1,0.15,224.04,Credit Card,Delivered
O002380,2026-01-21,C00725,P0186,1,0.0,445.0,Credit Card,Delivered
O002381,2025-06-16,C01408,P0100,2,0.15,443.48,Credit Card,Processing
O002382,2024-06-22,C01434,P0214,3,0.25,474.66,Cash on Delivery,Delivered
O002383,2025-07-27,C00020,P0031,1,0.2,69.95,Wallet,Shipped
O002383,2025-07-27,C00020,P0229,1,0.15,309.04,Cash on Delivery,Cancelled
O002384,2026-01-29,C00221,P0214,1,0.05,337.02,Debit Card,Delivered
O002385,2026-02-23,C01475,P0110,1,0.15,113.1,Cash on Delivery,Delivered
O002386,2025-07-08,C01265,P0079,2,0.15,48.68,UPI,Shipped
O002386,2025-07-08,C01265,P0114,2,0.1,201.16,Credit Card,Cancelled
O002386,2025-07-08,C01265,P0061,1,0.1,338.89,Cash on Delivery,Delivered
O002387,2024-07-26,C01171,P0230,1,0.0,308.24,Cash on Delivery,Shipped
O002388,2025-09-26,C00757,P0160,4,0.05,292.75,Net Banking,Delivered
O002388,2025-09-26,C00757,P0085,1,0.15,263.42,Credit Card,Shipped
O002388,2025-09-26,C00757,P0090,2,0.1,351.34,Credit Card,Processing
O002389,2025-04-22,C00601,P0220,1,0.0,367.9,UPI,Processing
O002389,2025-04-22,C00601,P0104,1,0.1,318.88,Credit Card,Delivered
O002390,2024-10-14,C00161,P0035,2,0.15,278.98,Credit Card,Delivered
O002391,2024-05-04,C00631,P0059,3,0.2,330.16,UPI,Delivered
O002392,2024-10-15,C00671,P0199,1,0.05,336.39,Wallet,Cancelled
O002393,2024-04-29,C00246,P0024,1,0.15,403.34,Debit Card,Shipped
O002394,2026-03-17,C00644,P0071,1,0.0,352.76,Cash on Delivery,Cancelled
O002395,2025-06-08,C01401,P0058,1,0.05,419.94,Credit Card,Delivered
O002395,2025-06-08,C01401,P0240,1,0.15,458.2,Credit Card,Cancelled
O002396,2025-08-09,C00445,P0151,1,0.15,394.11,UPI,Delivered
O002396,2025-08-09,C00445,P0134,1,0.15,99.66,Wallet,Shipped
O002397,2024-05-05,C01091,P0085,1,0.3,89.19,Credit Card,Delivered
O002398,2025-03-11,C00265,P0014,1,0.0,494.2,Wallet,Delivered
O002399,2026-01-09,C01175,P0138,2,0.1,67.02,Credit Card,Delivered
O002399,2026-01-09,C01175,P0029,3,0.05,228.53,UPI,Processing
O002400,2024-05-25,C01190,P0159,1,0.1,419.25,UPI,Processing
O002401,2025-07-03,C00873,P0014,1,0.05,332.42,UPI,Delivered
O002402,2024-11-18,C00315,P0131,1,0.1,351.96,Debit Card,Cancelled
O002402,2024-11-18,C00315,P0241,1,0.15,242.64,Credit Card,Processing
O002403,2024-10-19,C00702,P0006,1,0.05,491.97,Debit Card,Delivered
O002404,2025-07-27,C00029,P0033,3,0.1,144.67,Debit Card,Delivered
O002404,2025-07-27,C00029,P0124,1,0.1,341.85,Debit Card,Delivered
O002405,2024-05-26,C00062,P0056,1,0.0,314.86,Net Banking,Cancelled
O002405,2024-05-26,C00062,P0106,1,0.05,438.6,Debit Card,Shipped
O002406,2024-12-21,C00683,P0064,1,0.1,346.22,Credit Card,Cancelled
O002407,2025-03-26,C00062,P0107,1,0.05,35.52,Credit Card,Shipped
O002408,2024-11-14,C00502,P0016,1,0.0,287.51,Credit Card,Processing
O002409,2024-11-29,C01138,P0059,1,0.2,213.51,Debit Card,Cancelled
O002409,2024-11-29,C01138,P0080,1,0.05,205.75,Cash on Delivery,Cancelled
O002409,2024-11-29,C01138,P0069,1,0.2,247.47,Credit Card,Delivered
O002410,2024-04-02,C01129,P0178,2,0.15,140.34,Wallet,Processing
O002411,2026-03-28,C00604,P0088,2,0.05,66.86,UPI,Delivered
O002412,2026-01-13,C00695,P0249,1,0.05,151.78,Wallet,Delivered
O002412,2026-01-13,C00695,P0200,2,0.05,54.92,Debit Card,Shipped
O002412,2026-01-13,C00695,P0166,1,0.1,142.16,Cash on Delivery,Delivered
O002413,2025-10-06,C00011,P0102,2,0.05,470.83,UPI,Delivered
O002413,2025-10-06,C00011,P0037,4,0.25,361.28,UPI,Cancelled
O002414,2025-02-13,C00699,P0119,1,0.15,105.43,UPI,Delivered
O002415,2026-02-05,C01427,P0189,2,0.1,84.45,Credit Card,Delivered
O002415,2026-02-05,C01427,P0201,1,0.15,253.82,UPI,Processing
O002416,2024-09-28,C00597,P0039,1,0.25,349.07,UPI,Delivered
O002416,2024-09-28,C00597,P0065,1,0.0,335.73,Debit Card,Cancelled
O002417,2025-09-23,C00860,P0106,1,0.05,121.59,Debit Card,Processing
O002418,2026-03-29,C00845,P0120,1,0.1,459.85,UPI,Shipped
O002419,2025-10-08,C00001,P0030,1,0.0,454.25,UPI,Delivered
O002419,2025-10-08,C00001,P0203,1,0.1,400.72,Cash on Delivery,Delivered
O002420,2025-08-06,C00646,P0183,3,0.0,488.03,Cash on Delivery,Processing
O002420,2025-08-06,C00646,P0129,2,0.1,433.91,Credit Card,Cancelled
O002421,2025-04-23,C01368,P0089,1,0.25,161.09,UPI,Shipped
O002422,2025-10-16,C00751,P0170,1,0.2,309.2,UPI,Delivered
O002423,2025-01-14,C00750,P0147,2,0.3,249.68,UPI,Processing
O002423,2025-01-14,C00750,P0059,2,0.25,263.01,Cash on Delivery,Cancelled
O002424,2025-08-18,C01201,P0157,1,0.1,395.83,Credit Card,Shipped
O002425,2025-03-21,C01204,P0110,3,0.15,467.42,UPI,Processing
O002426,2024-05-17,C00457,P0017,1,0.15,339.0,Cash on Delivery,Delivered
O002426,2024-05-17,C00457,P0042,1,0.05,434.01,Cash on Delivery,Delivered
O002427,2024-07-03,C01258,P0202,1,0.1,112.51,UPI,Processing
O002428,2025-07-30,C00155,P0031,2,0.05,294.37,UPI,Delivered
O002429,2024-04-20,C01303,P0075,1,0.15,336.56,Cash on Delivery,Delivered
O002429,2024-04-20,C01303,P0220,1,0.1,151.98,Credit Card,Cancelled
O002430,2024-06-04,C00196,P0013,1,0.1,123.5,UPI,Delivered
O002431,2024-08-08,C00109,P0178,1,0.05,164.71,Net Banking,Delivered
O002431,2024-08-08,C00109,P0228,1,0.15,104.18,UPI,Delivered
O002432,2024-09-21,C00580,P0171,1,0.0,422.63,Credit Card,Processing
O002433,2024-06-21,C00448,P0207,2,0.1,359.5,Wallet,Shipped
O002433,2024-06-21,C00448,P0174,1,0.05,60.29,UPI,Delivered
O002434,2025-09-13,C01423,P0040,2,0.15,229.45,UPI,Delivered
O002434,2025-09-13,C01423,P0148,2,0.2,331.83,UPI,Delivered
O002435,2025-07-21,C01420,P0087,1,0.2,367.41,Wallet,Delivered
O002436,2024-07-20,C00599,P0036,1,0.15,366.62,Credit Card,Delivered
O002436,2024-07-20,C00599,P0002,1,0.15,412.56,Debit Card,Delivered
O002437,2024-09-11,C00503,P0072,1,0.1,451.56,UPI,Delivered
O002438,2025-12-27,C00406,P0220,1,0.0,487.18,Credit Card,Delivered
O002439,2025-07-22,C00940,P0018,4,0.2,419.85,Debit Card,Delivered
O002440,2026-02-18,C00494,P0030,1,0.1,90.47,UPI,Shipped
O002441,2025-12-02,C01193,P0189,3,0.05,319.36,Wallet,Delivered
O002441,2025-12-02,C01193,P0234,1,0.15,476.63,UPI,Delivered
O002442,2025-11-06,C00087,P0162,1,0.1,475.51,UPI,Cancelled
O002443,2024-08-19,C00430,P0234,1,0.1,55.07,UPI,Delivered
O002443,2024-08-19,C00430,P0230,1,0.0,391.91,Debit Card,Delivered
O002444,2025-09-08,C00116,P0067,1,0.0,243.46,UPI,Cancelled
O002445,2026-02-16,C01121,P0025,1,0.0,369.9,UPI,Delivered
O002446,2024-04-24,C01170,P0135,1,0.05,462.35,UPI,Delivered
O002447,2025-11-29,C00482,P0117,1,0.0,366.38,UPI,Delivered
O002448,2026-01-14,C00586,P0122,1,0.1,99.68,Net Banking,Delivered
O002449,2026-02-20,C00378,P0003,1,0.15,39.79,Cash on Delivery,Delivered
O002449,2026-02-20,C00378,P0181,2,0.2,95.83,Credit Card,Delivered
O002450,2025-02-06,C00608,P0041,1,0.15,123.59,Net Banking,Cancelled
O002451,2025-09-15,C00988,P0071,1,0.15,479.43,UPI,Cancelled
O002452,2025-08-08,C00121,P0014,1,0.1,119.67,Wallet,Delivered
O002453,2025-10-25,C00088,P0153,1,0.1,173.61,UPI,Processing
O002453,2025-10-25,C00088,P0102,1,0.15,28.98,Credit Card,Shipped
O002454,2025-02-17,C00570,P0204,1,0.1,238.3,UPI,Delivered
O002455,2026-03-21,C01212,P0230,1,0.05,428.72,UPI,Shipped
O002456,2024-10-01,C00823,P0074,3,0.15,85.67,Net Banking,Delivered
O002456,2024-10-01,C00823,P0089,1,0.1,479.69,Debit Card,Delivered
O002457,2024-06-17,C00210,P0138,1,0.1,156.31,Net Banking,Delivered
O002457,2024-06-17,C00210,P0241,1,0.1,130.64,Net Banking,Shipped
O002458,2025-01-29,C00991,P0035,2,0.1,28.54,Cash on Delivery,Shipped
O002459,2025-12-05,C00872,P0208,1,0.25,129.49,Wallet,Delivered
O002460,2025-02-22,C00274,P0238,1,0.1,287.55,Debit Card,Processing
O002461,2024-12-19,C00586,P0118,1,0.15,235.35,UPI,Shipped
O002462,2026-01-12,C00584,P0174,2,0.05,93.87,Wallet,Shipped
O002462,2026-01-12,C00584,P0250,1,0.15,83.7,UPI,Cancelled
O002463,2025-05-26,C00220,P0119,2,0.1,219.96,UPI,Delivered
O002464,2024-07-25,C00285,P0169,1,0.1,33.43,Debit Card,Delivered
O002464,2024-07-25,C00285,P0245,1,0.1,494.03,Debit Card,Shipped
O002465,2024-11-25,C00336,P0137,3,0.1,169.74,Credit Card,Cancelled
O002465,2024-11-25,C00336,P0053,1,0.2,67.95,Cash on Delivery,Delivered
O002466,2026-02-08,C00980,P0196,1,0.1,199.54,Credit Card,Delivered
O002466,2026-02-08,C00980,P0191,1,0.1,419.99,Debit Card,Processing
O002467,2024-06-01,C00172,P0045,1,0.15,482.6,Debit Card,Processing
O002468,2024-10-27,C00394,P0002,1,0.2,423.08,Cash on Delivery,Delivered
O002468,2024-10-27,C00394,P0165,1,0.1,53.0,Cash on Delivery,Shipped
O002468,2024-10-27,C00394,P0145,2,0.25,451.4,UPI,Cancelled
O002469,2025-04-09,C00332,P0163,2,0.1,376.36,UPI,Shipped
O002470,2024-07-19,C01087,P0247,1,0.05,468.75,Credit Card,Delivered
O002471,2025-12-22,C00110,P0168,3,0.25,368.16,Net Banking,Delivered
O002472,2025-05-27,C01314,P0119,1,0.1,421.04,Credit Card,Delivered
O002473,2024-12-02,C00028,P0230,1,0.2,351.33,Debit Card,Cancelled
O002474,2024-10-22,C01496,P0093,1,0.0,461.29,Debit Card,Shipped
O002475,2025-12-14,C00615,P0107,1,0.05,82.99,Debit Card,Delivered
O002476,2025-04-30,C00828,P0125,1,0.3,464.45,Credit Card,Delivered
O002477,2024-04-29,C01263,P0205,1,0.15,45.01,Credit Card,Delivered
O002478,2024-10-30,C00564,P0201,1,0.1,132.02,UPI,Delivered
O002478,2024-10-30,C00564,P0045,1,0.1,109.72,Credit Card,Shipped
O002479,2025-10-19,C01428,P0016,1,0.15,70.79,UPI,Cancelled
O002479,2025-10-19,C01428,P0250,1,0.05,383.61,UPI,Delivered
O002480,2026-02-23,C00763,P0089,1,0.0,93.27,UPI,Processing
O002481,2025-02-14,C00679,P0113,1,0.25,330.15,UPI,Shipped
O002482,2024-09-29,C00131,P0112,1,0.1,462.4,Cash on Delivery,Processing
O002483,2025-12-21,C01050,P0186,1,0.05,192.27,UPI,Processing
O002484,2024-10-09,C01082,P0084,1,0.3,278.61,Credit Card,Shipped
O002485,2024-09-03,C00317,P0141,1,0.0,177.82,Net Banking,Delivered
O002486,2025-02-27,C00319,P0131,1,0.05,306.87,Cash on Delivery,Delivered
O002487,2025-11-05,C01239,P0118,4,0.0,74.32,UPI,Delivered
O002487,2025-11-05,C01239,P0034,1,0.1,471.42,Debit Card,Delivered
O002488,2026-03-18,C00057,P0138,2,0.05,121.84,Net Banking,Cancelled
O002489,2026-01-11,C01406,P0054,1,0.05,303.2,UPI,Delivered
O002490,2025-04-29,C00610,P0030,1,0.25,469.2,Net Banking,Delivered
O002491,2025-01-29,C00297,P0221,1,0.1,340.34,Cash on Delivery,Delivered
O002492,2024-09-15,C00430,P0039,3,0.2,387.69,UPI,Processing
O002493,2025-05-13,C00343,P0071,1,0.0,254.84,Debit Card,Delivered
O002493,2025-05-13,C00343,P0007,3,0.1,498.87,UPI,Cancelled
O002494,2024-10-11,C00487,P0220,2,0.05,220.67,Cash on Delivery,Delivered
O002495,2025-01-13,C00927,P0067,1,0.05,405.09,Credit Card,Delivered
O002495,2025-01-13,C00927,P0032,2,0.1,314.39,Debit Card,Delivered
O002496,2026-02-21,C00870,P0225,2,0.05,424.38,Net Banking,Delivered
O002496,2026-02-21,C00870,P0057,3,0.05,60.04,Credit Card,Cancelled
O002497,2025-06-02,C00833,P0105,2,0.15,494.54,Debit Card,Cancelled
O002498,2025-12-26,C00767,P0070,1,0.15,486.52,Debit Card,Delivered
O002499,2025-02-25,C00618,P0016,1,0.15,219.76,Debit Card,Processing
O002500,2024-04-07,C01302,P0097,2,0.25,180.85,Net Banking,Delivered
O002500,2024-04-07,C01302,P0154,1,0.25,196.93,Credit Card,Delivered
O002501,2024-05-17,C01032,P0167,1,0.1,409.18,Credit Card,Delivered
O002501,2024-05-17,C01032,P0023,1,0.05,117.09,UPI,Delivered
O002501,2024-05-17,C01032,P0248,1,0.1,426.26,Debit Card,Delivered
O002502,2025-09-08,C01322,P0209,1,0.1,431.33,Net Banking,Delivered
O002503,2025-08-25,C01361,P0241,1,0.2,161.85,UPI,Delivered
O002503,2025-08-25,C01361,P0141,1,0.05,272.85,Cash on Delivery,Processing
O002504,2025-10-24,C01093,P0144,3,0.15,338.15,UPI,Delivered
O002505,2024-04-14,C00112,P0124,2,0.15,146.08,Wallet,Delivered
O002506,2024-07-20,C01306,P0180,1,0.2,119.97,UPI,Delivered
O002507,2024-07-15,C00042,P0181,1,0.2,298.25,Debit Card,Delivered
O002508,2024-06-28,C00300,P0027,1,0.1,234.25,UPI,Delivered
O002509,2026-03-07,C00798,P0193,1,0.2,327.72,UPI,Shipped
O002509,2026-03-07,C00798,P0001,2,0.1,312.53,UPI,Delivered
O002510,2025-02-08,C01470,P0010,1,0.05,422.3,Debit Card,Delivered
O002510,2025-02-08,C01470,P0052,1,0.15,53.12,Net Banking,Delivered
O002511,2024-05-13,C01031,P0098,1,0.15,371.19,Credit Card,Cancelled
O002512,2025-05-07,C00825,P0202,3,0.0,340.18,UPI,Delivered
O002512,2025-05-07,C00825,P0241,1,0.1,281.49,Credit Card,Delivered
O002513,2024-08-26,C01151,P0236,1,0.25,147.71,Net Banking,Delivered
O002514,2025-09-21,C00761,P0033,1,0.05,83.5,Credit Card,Delivered
O002515,2024-10-17,C00874,P0055,2,0.05,151.06,Credit Card,Processing
O002515,2024-10-17,C00874,P0092,1,0.1,407.15,Debit Card,Delivered
O002516,2024-04-10,C01178,P0058,1,0.0,30.05,UPI,Delivered
O002517,2024-07-06,C00060,P0230,2,0.05,92.94,Debit Card,Delivered
O002518,2025-01-18,C01102,P0116,1,0.3,58.53,Cash on Delivery,Delivered
O002519,2024-07-25,C00247,P0110,2,0.0,364.35,Cash on Delivery,Delivered
O002519,2024-07-25,C00247,P0139,1,0.15,73.38,Cash on Delivery,Delivered
O002520,2025-01-15,C00474,P0001,2,0.05,425.1,Credit Card,Delivered
O002520,2025-01-15,C00474,P0093,2,0.05,182.94,UPI,Processing
O002521,2025-05-15,C01357,P0227,1,0.0,207.56,UPI,Cancelled
O002521,2025-05-15,C01357,P0149,1,0.0,391.27,UPI,Cancelled
O002522,2025-09-07,C00405,P0032,1,0.0,231.27,UPI,Shipped
O002522,2025-09-07,C00405,P0218,1,0.25,374.5,UPI,Delivered
O002522,2025-09-07,C00405,P0042,2,0.0,354.26,Cash on Delivery,Cancelled
O002523,2024-06-30,C00250,P0057,2,0.1,394.19,Debit Card,Cancelled
O002524,2024-11-29,C01435,P0060,1,0.1,397.0,UPI,Cancelled
O002525,2024-07-05,C01428,P0094,2,0.1,169.98,Credit Card,Delivered
O002526,2024-07-03,C00234,P0183,1,0.05,121.53,Credit Card,Delivered
O002526,2024-07-03,C00234,P0125,1,0.0,466.63,Debit Card,Processing
O002526,2024-07-03,C00234,P0066,1,0.2,313.96,Debit Card,Delivered
O002527,2025-01-24,C01064,P0247,4,0.15,238.65,Cash on Delivery,Delivered
O002527,2025-01-24,C01064,P0177,2,0.25,315.09,Cash on Delivery,Delivered
O002528,2024-10-19,C00231,P0055,3,0.2,413.75,UPI,Shipped
O002529,2025-01-15,C00241,P0243,1,0.05,154.5,Wallet,Cancelled
O002530,2025-03-28,C00814,P0071,2,0.15,303.09,Cash on Delivery,Cancelled
O002530,2025-03-28,C00814,P0238,2,0.05,156.96,Cash on Delivery,Shipped
O002531,2025-01-03,C00383,P0144,1,0.1,146.52,Credit Card,Delivered
O002531,2025-01-03,C00383,P0168,1,0.1,380.23,UPI,Delivered
O002531,2025-01-03,C00383,P0043,1,0.0,45.48,UPI,Processing
O002532,2024-08-16,C00914,P0248,3,0.0,484.41,Debit Card,Delivered
O002533,2025-07-08,C00437,P0054,1,0.2,435.41,Credit Card,Cancelled
O002534,2024-12-08,C00824,P0115,3,0.1,239.8,Credit Card,Cancelled
O002534,2024-12-08,C00824,P0033,1,0.1,211.06,UPI,Delivered
O002535,2025-10-23,C01017,P0066,1,0.2,65.73,UPI,Delivered
O002535,2025-10-23,C01017,P0013,3,0.05,169.7,Wallet,Delivered
O002536,2024-07-13,C01056,P0114,1,0.05,481.49,UPI,Cancelled
O002537,2025-05-22,C01024,P0123,1,0.15,383.76,Wallet,Delivered
O002537,2025-05-22,C01024,P0057,1,0.0,127.05,Net Banking,Delivered
O002538,2025-02-24,C01062,P0063,1,0.2,399.08,UPI,Delivered
O002538,2025-02-24,C01062,P0122,1,0.25,118.07,Debit Card,Cancelled
O002539,2025-08-04,C01237,P0203,1,0.0,26.52,Credit Card,Processing
O002539,2025-08-04,C01237,P0146,1,0.1,490.5,Cash on Delivery,Shipped
O002539,2025-08-04,C01237,P0179,1,0.2,217.7,Net Banking,Shipped
O002540,2025-08-09,C00374,P0144,1,0.15,56.6,Credit Card,Delivered
O002540,2025-08-09,C00374,P0220,1,0.0,257.59,UPI,Shipped
O002541,2025-11-01,C00675,P0050,2,0.05,450.82,Debit Card,Shipped
O002542,2024-04-01,C00235,P0191,1,0.0,62.94,Cash on Delivery,Delivered
O002542,2024-04-01,C00235,P0240,1,0.2,41.04,Credit Card,Delivered
O002543,2024-08-04,C01252,P0127,1,0.15,89.95,UPI,Delivered
O002543,2024-08-04,C01252,P0037,2,0.15,256.91,UPI,Delivered
O002543,2024-08-04,C01252,P0003,1,0.1,407.3,UPI,Delivered
O002544,2025-02-21,C00413,P0129,2,0.2,299.66,Wallet,Processing
O002545,2024-10-31,C00154,P0006,2,0.0,261.1,Wallet,Processing
O002545,2024-10-31,C00154,P0088,1,0.2,122.56,UPI,Delivered
O002546,2025-10-18,C00499,P0066,1,0.05,339.19,Credit Card,Shipped
O002546,2025-10-18,C00499,P0187,2,0.15,150.9,UPI,Delivered
O002547,2026-02-06,C00329,P0108,3,0.15,110.71,Credit Card,Processing
O002547,2026-02-06,C00329,P0231,1,0.1,478.94,Wallet,Cancelled
O002548,2025-05-12,C00379,P0158,1,0.1,290.2,UPI,Delivered
O002549,2025-02-06,C00240,P0153,1,0.2,109.01,UPI,Shipped
O002550,2025-05-10,C00056,P0068,1,0.0,485.72,Cash on Delivery,Delivered
O002550,2025-05-10,C00056,P0152,1,0.15,284.34,Credit Card,Delivered
O002550,2025-05-10,C00056,P0055,1,0.1,364.12,UPI,Processing
O002551,2025-12-31,C00752,P0013,1,0.15,356.76,Debit Card,Delivered
O002552,2025-11-08,C00963,P0087,2,0.1,481.56,Debit Card,Delivered
O002553,2024-06-24,C00509,P0212,1,0.1,321.93,UPI,Shipped
O002553,2024-06-24,C00509,P0056,1,0.2,75.38,UPI,Delivered
O002554,2024-08-15,C00680,P0224,1,0.1,329.6,Net Banking,Delivered
O002555,2024-09-07,C00197,P0038,1,0.05,132.53,UPI,Delivered
O002556,2025-02-04,C00931,P0081,1,0.1,124.72,Net Banking,Shipped
O002557,2025-03-26,C00885,P0114,1,0.0,440.13,Debit Card,Delivered
O002557,2025-03-26,C00885,P0198,1,0.05,80.84,Debit Card,Cancelled
O002558,2025-06-27,C00885,P0061,1,0.2,103.45,Net Banking,Cancelled
O002559,2024-11-04,C00293,P0220,1,0.0,295.79,Credit Card,Cancelled
O002560,2025-07-21,C00929,P0208,1,0.15,58.29,UPI,Processing
O002561,2024-07-02,C00751,P0019,1,0.0,401.79,Debit Card,Delivered
O002562,2026-01-27,C01044,P0050,1,0.2,469.74,Debit Card,Cancelled
O002563,2025-01-02,C00881,P0153,1,0.0,406.72,Wallet,Delivered
O002564,2025-12-02,C01226,P0037,2,0.1,57.26,UPI,Processing
O002565,2025-07-13,C00352,P0015,1,0.15,55.78,Debit Card,Processing
O002565,2025-07-13,C00352,P0113,1,0.0,385.4,Cash on Delivery,Delivered
O002566,2026-01-13,C00621,P0187,1,0.1,250.12,Cash on Delivery,Shipped
O002567,2025-05-19,C01076,P0233,1,0.0,35.53,Credit Card,Delivered
O002568,2025-02-17,C00555,P0147,3,0.3,465.28,Cash on Delivery,Delivered
O002569,2024-06-14,C00850,P0232,2,0.1,469.17,UPI,Delivered
O002569,2024-06-14,C00850,P0191,1,0.15,225.48,UPI,Processing
O002570,2026-02-23,C00344,P0003,1,0.1,408.88,Net Banking,Delivered
O002571,2026-02-28,C01144,P0163,2,0.05,82.41,UPI,Processing
O002571,2026-02-28,C01144,P0167,1,0.1,257.53,UPI,Cancelled
O002572,2026-02-23,C01289,P0223,1,0.1,25.78,Cash on Delivery,Cancelled
O002573,2025-04-15,C01379,P0198,1,0.1,269.62,UPI,Cancelled
O002574,2024-12-28,C01411,P0012,1,0.15,153.76,UPI,Processing
O002574,2024-12-28,C01411,P0099,2,0.0,345.3,Wallet,Delivered
O002575,2025-01-13,C01044,P0237,1,0.05,171.34,Cash on Delivery,Shipped
O002575,2025-01-13,C01044,P0215,1,0.05,364.46,Credit Card,Shipped
O002576,2025-07-20,C00465,P0141,1,0.15,61.44,Wallet,Delivered
O002577,2025-06-21,C00946,P0148,1,0.1,268.17,Wallet,Delivered
O002577,2025-06-21,C00946,P0152,1,0.1,101.84,UPI,Delivered
O002578,2024-12-19,C00512,P0182,1,0.1,383.58,UPI,Shipped
O002578,2024-12-19,C00512,P0137,1,0.15,448.33,Net Banking,Delivered
O002579,2024-06-11,C00893,P0164,1,0.15,41.54,Credit Card,Delivered
O002579,2024-06-11,C00893,P0211,1,0.05,477.04,UPI,Delivered
O002579,2024-06-11,C00893,P0181,1,0.05,271.04,UPI,Cancelled
O002580,2025-05-24,C00493,P0091,1,0.05,355.26,Net Banking,Cancelled
O002580,2025-05-24,C00493,P0195,2,0.2,334.23,Debit Card,Cancelled
O002581,2025-03-03,C00290,P0177,1,0.25,334.34,Net Banking,Delivered
O002582,2026-01-29,C01163,P0173,2,0.05,385.82,UPI,Delivered
O002583,2025-11-21,C01127,P0033,1,0.15,146.59,Credit Card,Delivered
O002584,2025-03-15,C00239,P0143,1,0.0,207.03,Wallet,Delivered
O002585,2025-04-26,C00541,P0078,1,0.1,331.41,Credit Card,Delivered
O002586,2025-03-03,C00520,P0120,1,0.1,381.91,UPI,Delivered
O002586,2025-03-03,C00520,P0193,2,0.2,202.55,Credit Card,Delivered
O002587,2024-06-26,C00252,P0186,1,0.15,121.28,Net Banking,Delivered
O002588,2024-07-09,C01447,P0231,1,0.1,76.49,UPI,Cancelled
O002588,2024-07-09,C01447,P0009,1,0.15,214.1,Debit Card,Processing
O002589,2025-08-27,C00586,P0091,1,0.15,472.83,Credit Card,Shipped
O002590,2024-05-21,C01046,P0066,2,0.0,440.02,Wallet,Delivered
O002590,2024-05-21,C01046,P0081,1,0.05,273.41,Debit Card,Shipped
O002590,2024-05-21,C01046,P0138,2,0.15,458.07,Debit Card,Delivered
O002591,2025-07-19,C01222,P0095,1,0.05,38.46,UPI,Shipped
O002592,2025-04-04,C00997,P0048,1,0.0,334.72,UPI,Shipped
O002592,2025-04-04,C00997,P0183,2,0.1,73.14,Cash on Delivery,Delivered
O002593,2024-08-24,C01399,P0177,1,0.25,237.47,UPI,Delivered
O002594,2024-09-28,C00260,P0155,1,0.1,41.76,Cash on Delivery,Delivered
O002595,2025-07-13,C01102,P0187,1,0.2,203.25,Debit Card,Delivered
O002595,2025-07-13,C01102,P0108,1,0.15,140.27,Wallet,Cancelled
O002596,2024-09-10,C01422,P0091,2,0.05,72.08,UPI,Delivered
O002596,2024-09-10,C01422,P0052,4,0.0,152.67,Debit Card,Delivered
O002597,2024-08-31,C01167,P0145,2,0.05,324.39,Credit Card,Delivered
O002597,2024-08-31,C01167,P0071,1,0.05,260.33,Cash on Delivery,Processing
O002598,2026-01-12,C01309,P0004,1,0.15,256.59,Debit Card,Processing
O002598,2026-01-12,C01309,P0151,1,0.1,406.62,Wallet,Shipped
O002598,2026-01-12,C01309,P0147,1,0.0,469.13,UPI,Shipped
O002599,2025-05-26,C00017,P0022,1,0.1,492.36,UPI,Cancelled
O002599,2025-05-26,C00017,P0107,2,0.1,493.19,Net Banking,Delivered
O002600,2025-04-05,C00812,P0081,1,0.15,437.31,Debit Card,Delivered
O002601,2024-06-15,C00025,P0082,1,0.1,71.47,Credit Card,Cancelled
O002601,2024-06-15,C00025,P0053,1,0.0,332.1,UPI,Delivered
O002602,2024-11-22,C00285,P0159,1,0.2,54.77,UPI,Cancelled
O002603,2025-08-22,C01023,P0056,2,0.0,485.3,Cash on Delivery,Shipped
O002603,2025-08-22,C01023,P0069,1,0.05,326.43,UPI,Delivered
O002604,2025-05-07,C00748,P0085,1,0.1,255.32,Credit Card,Delivered
O002605,2024-05-03,C00573,P0145,3,0.05,189.08,UPI,Cancelled
O002605,2024-05-03,C00573,P0118,1,0.1,129.09,Net Banking,Processing
O002606,2025-06-10,C01348,P0223,1,0.1,320.29,Cash on Delivery,Delivered
O002607,2025-07-10,C00767,P0219,2,0.15,120.27,Debit Card,Delivered
O002607,2025-07-10,C00767,P0229,2,0.3,215.0,UPI,Delivered
O002607,2025-07-10,C00767,P0051,2,0.0,376.14,Net Banking,Cancelled
O002608,2024-05-20,C00644,P0183,1,0.1,306.24,Net Banking,Delivered
O002609,2025-01-24,C00254,P0065,1,0.15,197.97,Cash on Delivery,Delivered
O002609,2025-01-24,C00254,P0048,1,0.15,283.06,Debit Card,Delivered
O002610,2026-01-05,C00416,P0106,1,0.15,401.58,UPI,Delivered
O002611,2026-01-27,C00590,P0109,2,0.05,391.81,Credit Card,Delivered
O002612,2025-10-07,C01116,P0139,1,0.05,35.47,Credit Card,Shipped
O002613,2024-07-04,C01063,P0082,2,0.1,227.19,Credit Card,Cancelled
O002613,2024-07-04,C01063,P0227,1,0.25,259.54,Credit Card,Shipped
O002614,2024-12-02,C00697,P0033,1,0.1,378.71,Credit Card,Delivered
O002615,2025-01-03,C00572,P0142,1,0.2,114.55,UPI,Delivered
O002615,2025-01-03,C00572,P0182,2,0.15,492.14,Credit Card,Shipped
O002616,2024-08-12,C00732,P0118,4,0.15,427.61,Wallet,Cancelled
O002617,2024-04-20,C01072,P0011,1,0.1,87.69,UPI,Delivered
O002617,2024-04-20,C01072,P0069,1,0.1,401.58,Credit Card,Delivered
O002618,2024-09-14,C01245,P0195,2,0.25,334.48,Cash on Delivery,Delivered
O002619,2024-05-31,C00533,P0110,1,0.1,419.82,UPI,Delivered
O002620,2024-09-10,C01047,P0110,1,0.15,131.38,Credit Card,Delivered
O002620,2024-09-10,C01047,P0036,1,0.15,442.76,Cash on Delivery,Delivered
O002621,2024-11-07,C00262,P0182,1,0.1,68.23,Net Banking,Delivered
O002621,2024-11-07,C00262,P0130,2,0.15,460.86,Credit Card,Shipped
O002621,2024-11-07,C00262,P0226,1,0.0,30.95,Debit Card,Delivered
O002622,2026-02-16,C00907,P0003,1,0.15,229.34,Credit Card,Cancelled
O002623,2024-05-13,C00777,P0113,2,0.1,356.44,Cash on Delivery,Shipped
O002624,2024-11-28,C00615,P0161,1,0.1,344.0,Credit Card,Delivered
O002624,2024-11-28,C00615,P0128,2,0.1,406.55,UPI,Cancelled
O002625,2025-09-29,C01331,P0156,2,0.1,127.74,UPI,Shipped
O002626,2024-04-29,C00914,P0044,2,0.0,64.39,Debit Card,Delivered
O002627,2025-08-02,C01483,P0054,1,0.15,157.17,Debit Card,Delivered
O002627,2025-08-02,C01483,P0098,1,0.05,432.97,Cash on Delivery,Processing
O002627,2025-08-02,C01483,P0017,2,0.1,101.19,UPI,Delivered
O002628,2025-12-07,C00784,P0201,1,0.2,118.86,Credit Card,Cancelled
O002629,2025-01-15,C00286,P0234,1,0.15,374.02,Cash on Delivery,Delivered
O002629,2025-01-15,C00286,P0136,1,0.15,112.02,Credit Card,Cancelled
O002630,2025-12-31,C01406,P0119,3,0.15,255.62,UPI,Delivered
O002630,2025-12-31,C01406,P0117,1,0.1,104.9,Wallet,Processing
O002631,2025-10-01,C00860,P0193,1,0.1,287.05,Net Banking,Delivered
O002631,2025-10-01,C00860,P0083,4,0.1,165.27,Credit Card,Delivered
O002632,2026-02-13,C01295,P0022,1,0.05,257.94,UPI,Shipped
O002633,2026-03-06,C00475,P0176,3,0.15,217.59,UPI,Delivered
O002634,2024-09-08,C00106,P0137,1,0.15,148.11,UPI,Processing
O002635,2024-04-19,C00891,P0012,1,0.1,188.03,UPI,Processing
O002635,2024-04-19,C00891,P0241,2,0.05,173.4,Net Banking,Shipped
O002636,2024-04-25,C00311,P0213,2,0.15,342.58,Debit Card,Delivered
O002636,2024-04-25,C00311,P0049,1,0.3,202.03,Credit Card,Delivered
O002637,2025-12-14,C01104,P0034,3,0.05,202.23,Credit Card,Cancelled
O002638,2025-10-21,C00310,P0078,2,0.2,175.17,Wallet,Delivered
O002639,2025-07-29,C00072,P0108,1,0.05,375.53,Credit Card,Shipped
O002640,2025-06-29,C00002,P0068,1,0.15,485.67,UPI,Processing
O002641,2025-07-25,C00583,P0101,1,0.05,77.31,Credit Card,Delivered
O002642,2026-02-24,C00193,P0208,1,0.05,461.29,UPI,Delivered
O002643,2025-04-27,C00739,P0141,1,0.25,322.85,Cash on Delivery,Cancelled
O002644,2026-01-21,C00037,P0113,2,0.05,317.71,UPI,Delivered
O002645,2025-01-25,C00313,P0093,1,0.2,222.86,Debit Card,Delivered
O002646,2024-08-10,C00461,P0215,2,0.05,26.82,Debit Card,Delivered
O002646,2024-08-10,C00461,P0125,2,0.3,299.62,Net Banking,Processing
O002647,2024-07-10,C00626,P0179,4,0.25,364.66,Net Banking,Shipped
O002648,2024-08-30,C01396,P0155,1,0.05,186.97,Credit Card,Delivered
O002649,2024-08-29,C01111,P0085,1,0.15,243.54,Wallet,Shipped
O002650,2025-03-07,C00855,P0040,1,0.0,363.18,Credit Card,Shipped
O002651,2025-07-07,C01364,P0229,1,0.2,312.66,UPI,Shipped
O002652,2025-05-13,C01183,P0155,1,0.15,78.81,Cash on Delivery,Delivered
O002653,2025-07-11,C00570,P0154,1,0.1,243.38,Wallet,Delivered
O002654,2025-06-30,C01055,P0016,1,0.15,63.94,UPI,Processing
O002655,2026-01-25,C01022,P0108,1,0.05,425.23,Cash on Delivery,Cancelled
O002656,2026-03-02,C00340,P0223,1,0.1,118.81,Wallet,Delivered
O002657,2025-04-16,C00195,P0239,1,0.15,398.3,UPI,Shipped
O002658,2024-11-11,C00353,P0171,1,0.15,163.33,Cash on Delivery,Shipped
O002658,2024-11-11,C00353,P0086,2,0.15,281.71,UPI,Delivered
O002659,2025-11-12,C00592,P0193,2,0.1,45.46,Cash on Delivery,Delivered
O002659,2025-11-12,C00592,P0103,1,0.05,178.87,Debit Card,Cancelled
O002660,2024-06-20,C00053,P0186,1,0.15,185.33,UPI,Delivered
O002661,2024-06-16,C00622,P0157,1,0.2,77.53,UPI,Processing
O002662,2025-06-23,C00695,P0025,1,0.1,77.51,UPI,Shipped
O002662,2025-06-23,C00695,P0146,2,0.05,118.17,UPI,Delivered
O002663,2024-07-24,C01470,P0127,1,0.15,266.89,Debit Card,Processing
O002664,2025-03-06,C00472,P0169,2,0.1,51.13,Credit Card,Delivered
O002665,2025-06-07,C00629,P0058,1,0.1,169.88,Debit Card,Cancelled
O002666,2025-01-29,C00757,P0243,2,0.2,144.88,UPI,Shipped
O002667,2025-01-03,C00352,P0066,1,0.1,415.38,UPI,Cancelled
O002668,2026-02-01,C00935,P0010,1,0.2,448.67,Debit Card,Processing
O002669,2024-09-09,C00558,P0002,4,0.0,458.91,Credit Card,Shipped
O002670,2025-08-27,C00774,P0063,1,0.0,304.04,Credit Card,Processing
O002670,2025-08-27,C00774,P0230,3,0.1,396.71,Debit Card,Shipped
O002671,2025-05-09,C01342,P0198,1,0.2,89.99,Credit Card,Cancelled
O002672,2025-09-01,C01274,P0229,1,0.1,380.45,Cash on Delivery,Delivered
O002672,2025-09-01,C01274,P0140,3,0.25,43.84,Credit Card,Processing
O002673,2024-05-08,C01293,P0237,2,0.1,464.65,UPI,Delivered
O002673,2024-05-08,C01293,P0126,1,0.05,447.22,UPI,Delivered
O002673,2024-05-08,C01293,P0235,2,0.0,81.49,Credit Card,Delivered
O002674,2026-01-02,C01196,P0038,2,0.1,36.41,UPI,Delivered
O002674,2026-01-02,C01196,P0188,1,0.15,484.95,Cash on Delivery,Delivered
O002675,2024-12-16,C00447,P0093,1,0.1,97.73,Cash on Delivery,Delivered
O002676,2025-12-22,C01196,P0101,1,0.15,198.85,Cash on Delivery,Delivered
O002677,2025-07-10,C00918,P0019,2,0.1,205.66,Debit Card,Cancelled
O002678,2024-05-05,C00517,P0224,2,0.1,142.8,UPI,Delivered
O002678,2024-05-05,C00517,P0006,1,0.1,222.35,UPI,Delivered
O002679,2025-02-26,C01160,P0062,1,0.1,94.87,Credit Card,Cancelled
O002679,2025-02-26,C01160,P0114,3,0.1,402.31,UPI,Cancelled
O002680,2025-03-06,C00274,P0067,1,0.1,362.84,UPI,Delivered
O002681,2024-06-17,C00516,P0043,2,0.25,176.3,Cash on Delivery,Shipped
O002681,2024-06-17,C00516,P0092,1,0.15,368.93,Wallet,Delivered
O002682,2026-02-21,C00901,P0171,2,0.1,101.53,Cash on Delivery,Processing
O002682,2026-02-21,C00901,P0111,2,0.2,488.54,UPI,Delivered
O002682,2026-02-21,C00901,P0173,2,0.0,159.04,UPI,Delivered
O002683,2025-10-26,C01176,P0067,1,0.0,36.95,Net Banking,Processing
O002683,2025-10-26,C01176,P0084,2,0.05,260.39,Net Banking,Cancelled
O002684,2025-06-01,C01402,P0016,2,0.0,456.54,Wallet,Processing
O002685,2025-02-14,C00034,P0068,2,0.05,63.88,UPI,Cancelled
O002686,2025-06-09,C00867,P0196,1,0.15,53.94,UPI,Processing
O002686,2025-06-09,C00867,P0166,1,0.1,403.11,Wallet,Cancelled
O002687,2026-02-03,C00127,P0005,2,0.1,411.78,Cash on Delivery,Shipped
O002688,2026-01-03,C01457,P0114,2,0.15,449.5,Net Banking,Delivered
O002689,2024-04-26,C01012,P0198,1,0.05,415.47,UPI,Shipped
O002690,2024-06-28,C00973,P0064,1,0.05,248.58,UPI,Delivered
O002691,2026-01-29,C00282,P0023,1,0.2,498.45,UPI,Delivered
O002692,2024-09-09,C00181,P0165,1,0.1,383.26,Credit Card,Delivered
O002693,2025-02-23,C00668,P0236,1,0.0,298.2,Credit Card,Delivered
O002694,2026-03-23,C00955,P0016,1,0.0,305.94,UPI,Cancelled
O002695,2024-06-12,C00254,P0013,2,0.05,117.59,Wallet,Delivered
O002696,2025-12-23,C00931,P0205,1,0.1,255.74,Debit Card,Cancelled
O002696,2025-12-23,C00931,P0097,1,0.2,105.83,Credit Card,Delivered
O002697,2024-11-22,C00035,P0019,1,0.15,81.3,UPI,Delivered
O002697,2024-11-22,C00035,P0115,1,0.1,300.94,UPI,Shipped
O002698,2025-09-01,C00325,P0095,1,0.1,67.75,Cash on Delivery,Cancelled
O002699,2025-06-12,C01091,P0158,1,0.0,116.18,UPI,Shipped
O002699,2025-06-12,C01091,P0026,1,0.2,469.26,Cash on Delivery,Processing
O002700,2024-05-24,C01330,P0003,2,0.1,282.44,Net Banking,Delivered
O002701,2025-09-23,C00721,P0162,1,0.1,44.78,Credit Card,Processing
O002702,2024-04-14,C00028,P0049,1,0.1,434.61,UPI,Cancelled
O002703,2026-03-15,C00580,P0102,2,0.1,80.03,Wallet,Delivered
O002704,2025-10-26,C00135,P0073,1,0.1,410.17,Debit Card,Shipped
O002705,2026-01-25,C00875,P0136,2,0.05,405.57,Credit Card,Processing
O002706,2025-12-31,C00164,P0065,2,0.2,478.73,UPI,Cancelled
O002707,2025-10-26,C00229,P0113,3,0.1,494.28,Credit Card,Delivered
O002707,2025-10-26,C00229,P0115,1,0.1,311.33,Net Banking,Delivered
O002708,2025-03-14,C01331,P0178,1,0.15,282.03,Cash on Delivery,Delivered
O002709,2024-04-06,C00582,P0224,2,0.05,375.79,Wallet,Delivered
O002710,2024-04-07,C00296,P0104,1,0.05,493.72,Debit Card,Delivered
O002711,2025-02-28,C00885,P0098,2,0.05,71.97,UPI,Processing
O002712,2024-12-30,C01300,P0050,1,0.15,53.4,Debit Card,Shipped
O002712,2024-12-30,C01300,P0179,1,0.0,434.16,Cash on Delivery,Delivered
O002713,2025-08-13,C00602,P0019,1,0.0,210.71,Net Banking,Delivered
O002714,2024-04-25,C00689,P0029,1,0.15,32.3,Credit Card,Delivered
O002715,2025-06-11,C01294,P0250,1,0.0,257.72,UPI,Delivered
O002716,2025-03-01,C00961,P0144,2,0.05,416.71,UPI,Cancelled
O002717,2025-10-31,C00189,P0209,1,0.1,143.25,Credit Card,Shipped
O002718,2025-05-13,C00043,P0107,1,0.1,341.89,UPI,Delivered
O002718,2025-05-13,C00043,P0221,1,0.2,197.39,Wallet,Delivered
O002719,2025-09-14,C01425,P0243,3,0.1,231.7,Net Banking,Cancelled
O002720,2025-03-29,C00541,P0039,1,0.2,184.9,Debit Card,Shipped
O002721,2024-10-25,C00504,P0132,1,0.05,274.77,UPI,Delivered
O002722,2025-03-29,C00833,P0230,1,0.1,427.22,UPI,Delivered
O002723,2024-06-25,C00002,P0009,1,0.1,195.63,Cash on Delivery,Delivered
O002724,2025-09-26,C01178,P0151,1,0.1,88.35,Credit Card,Processing
O002725,2026-01-25,C01228,P0122,2,0.1,159.46,UPI,Delivered
O002726,2025-05-28,C00114,P0033,1,0.05,118.15,Credit Card,Delivered
O002726,2025-05-28,C00114,P0212,1,0.05,431.31,Cash on Delivery,Cancelled
O002726,2025-05-28,C00114,P0114,1,0.1,140.95,Debit Card,Processing
O002727,2025-05-05,C00079,P0001,1,0.25,348.87,UPI,Delivered
O002728,2025-04-16,C01211,P0148,1,0.0,273.12,Debit Card,Shipped
O002729,2024-05-07,C01141,P0068,1,0.2,50.67,Wallet,Cancelled
O002730,2024-12-20,C00387,P0134,1,0.15,277.27,UPI,Delivered
O002731,2024-12-14,C00906,P0241,1,0.0,59.46,Debit Card,Delivered
O002732,2024-04-07,C00518,P0055,2,0.1,197.56,UPI,Delivered
O002733,2025-01-09,C00636,P0013,1,0.1,41.89,Credit Card,Delivered
O002734,2025-01-12,C00036,P0243,3,0.1,377.74,Net Banking,Processing
O002735,2025-06-24,C01260,P0158,1,0.1,434.9,Credit Card,Cancelled
O002736,2024-08-18,C00564,P0086,2,0.1,131.07,UPI,Delivered
O002737,2024-04-25,C00599,P0229,2,0.0,121.63,Credit Card,Delivered
O002738,2026-03-07,C00455,P0131,2,0.1,407.32,Credit Card,Delivered
O002739,2024-07-16,C01392,P0114,2,0.05,439.07,Wallet,Cancelled
O002739,2024-07-16,C01392,P0090,1,0.05,473.74,UPI,Delivered
O002740,2025-12-24,C01347,P0189,3,0.05,385.4,Debit Card,Processing
O002741,2025-01-25,C01136,P0021,1,0.25,176.68,Credit Card,Delivered
O002742,2024-05-29,C00783,P0199,1,0.05,87.45,UPI,Delivered
O002743,2025-10-26,C01308,P0037,1,0.05,438.23,UPI,Processing
O002743,2025-10-26,C01308,P0141,1,0.15,50.9,Credit Card,Processing
O002743,2025-10-26,C01308,P0243,1,0.1,431.1,Credit Card,Shipped
O002744,2025-06-04,C00671,P0113,1,0.1,206.52,Credit Card,Processing
O002745,2025-04-17,C00041,P0025,3,0.1,449.87,Credit Card,Delivered
O002746,2024-09-22,C00660,P0160,1,0.1,335.88,Net Banking,Processing
O002747,2024-11-05,C01235,P0018,1,0.2,295.8,Wallet,Processing
O002748,2025-07-22,C00737,P0103,2,0.15,300.62,UPI,Processing
O002749,2024-12-03,C00782,P0072,2,0.2,82.45,UPI,Delivered
O002750,2025-11-18,C00496,P0168,2,0.0,230.98,Credit Card,Shipped
O002751,2026-03-03,C00338,P0179,1,0.1,428.61,Debit Card,Delivered
O002751,2026-03-03,C00338,P0150,2,0.1,143.53,UPI,Processing
O002752,2024-07-17,C00441,P0063,1,0.0,50.03,Wallet,Cancelled
O002753,2026-03-08,C01370,P0157,2,0.1,31.86,Debit Card,Delivered
O002754,2024-10-01,C00253,P0042,2,0.0,400.59,UPI,Shipped
O002754,2024-10-01,C00253,P0088,2,0.0,221.87,Debit Card,Cancelled
O002755,2025-11-27,C00054,P0115,1,0.3,372.68,Debit Card,Cancelled
O002756,2024-10-13,C01496,P0202,1,0.25,276.14,UPI,Shipped
O002757,2025-05-03,C01216,P0016,1,0.15,388.62,Debit Card,Delivered
O002758,2024-10-10,C00396,P0210,4,0.0,317.64,Debit Card,Processing
O002758,2024-10-10,C00396,P0127,1,0.15,459.79,Debit Card,Delivered
O002758,2024-10-10,C00396,P0075,1,0.1,411.12,UPI,Processing
O002759,2026-03-09,C01067,P0017,1,0.05,165.11,Wallet,Shipped
O002760,2024-09-26,C01497,P0034,1,0.05,143.32,Credit Card,Delivered
O002761,2025-12-24,C01358,P0186,2,0.0,353.27,Debit Card,Delivered
O002761,2025-12-24,C01358,P0194,1,0.1,139.32,Credit Card,Delivered
O002761,2025-12-24,C01358,P0228,3,0.1,239.64,Debit Card,Delivered
O002762,2024-11-25,C01235,P0204,1,0.15,484.8,Credit Card,Processing
O002763,2026-01-02,C01045,P0242,1,0.1,78.8,Debit Card,Cancelled
O002764,2025-09-22,C00464,P0232,3,0.0,121.69,Wallet,Delivered
O002765,2024-06-24,C00113,P0061,4,0.05,147.84,UPI,Delivered
O002765,2024-06-24,C00113,P0162,2,0.0,489.0,Wallet,Delivered
O002766,2025-07-10,C00038,P0164,1,0.15,247.66,Cash on Delivery,Delivered
O002766,2025-07-10,C00038,P0117,4,0.1,207.41,UPI,Shipped
O002766,2025-07-10,C00038,P0215,2,0.05,60.84,UPI,Shipped
O002767,2025-12-28,C00952,P0069,1,0.0,36.78,UPI,Delivered
O002768,2025-01-21,C00328,P0211,4,0.15,491.36,Net Banking,Cancelled
O002769,2024-08-24,C00355,P0199,1,0.05,129.73,UPI,Processing
O002770,2026-01-25,C00853,P0076,2,0.25,217.47,Credit Card,Delivered
O002770,2026-01-25,C00853,P0006,2,0.1,209.48,UPI,Cancelled
O002771,2024-07-28,C00629,P0090,1,0.0,290.57,Credit Card,Processing
O002772,2026-01-05,C00063,P0222,1,0.05,80.97,UPI,Delivered
O002772,2026-01-05,C00063,P0094,1,0.1,448.0,UPI,Delivered
O002773,2025-06-18,C00501,P0218,1,0.05,148.36,UPI,Processing
O002774,2024-05-02,C00070,P0153,2,0.3,350.9,Net Banking,Delivered
O002775,2024-11-24,C00757,P0194,1,0.15,178.82,UPI,Delivered
O002775,2024-11-24,C00757,P0024,1,0.0,232.87,Net Banking,Cancelled
O002776,2024-07-07,C00257,P0186,1,0.2,87.67,UPI,Processing
O002776,2024-07-07,C00257,P0133,4,0.05,237.54,UPI,Delivered
O002776,2024-07-07,C00257,P0051,3,0.2,51.38,UPI,Shipped
O002777,2024-12-08,C00410,P0104,1,0.05,131.34,UPI,Delivered
O002778,2024-06-16,C00878,P0171,4,0.1,50.01,UPI,Shipped
O002779,2024-10-31,C00497,P0246,1,0.2,477.41,UPI,Shipped
O002779,2024-10-31,C00497,P0244,1,0.15,105.73,UPI,Delivered
O002780,2025-08-30,C00560,P0008,3,0.15,363.62,Debit Card,Cancelled
O002780,2025-08-30,C00560,P0154,3,0.05,372.65,UPI,Delivered
O002781,2024-10-24,C00782,P0032,2,0.15,491.98,Debit Card,Processing
O002782,2025-07-15,C00955,P0069,4,0.0,151.4,UPI,Delivered
O002783,2024-05-22,C00993,P0146,1,0.2,337.52,Credit Card,Delivered
O002784,2024-06-18,C00236,P0092,1,0.05,229.36,Net Banking,Delivered
O002785,2025-04-09,C00598,P0058,1,0.2,40.85,UPI,Delivered
O002786,2025-12-15,C00467,P0072,2,0.05,262.47,Credit Card,Delivered
O002787,2025-07-12,C00323,P0091,2,0.25,379.54,UPI,Delivered
O002787,2025-07-12,C00323,P0073,1,0.1,312.62,Credit Card,Delivered
O002788,2026-02-03,C00698,P0122,1,0.15,299.66,UPI,Delivered
O002789,2026-02-20,C00336,P0199,1,0.05,364.99,Credit Card,Delivered
O002789,2026-02-20,C00336,P0020,2,0.15,490.15,Credit Card,Delivered
O002790,2024-06-07,C00598,P0062,2,0.1,164.31,Debit Card,Shipped
O002791,2024-06-05,C01131,P0089,1,0.1,200.98,Net Banking,Shipped
O002792,2024-05-19,C00581,P0206,1,0.2,319.44,Credit Card,Delivered
O002792,2024-05-19,C00581,P0180,1,0.1,363.68,UPI,Delivered
O002793,2025-07-20,C01013,P0210,2,0.0,105.33,Wallet,Cancelled
O002794,2025-02-06,C00347,P0145,1,0.25,449.54,Debit Card,Shipped
O002794,2025-02-06,C00347,P0141,2,0.0,423.53,UPI,Processing
O002795,2024-07-29,C00984,P0065,1,0.1,373.02,Debit Card,Cancelled
O002795,2024-07-29,C00984,P0181,1,0.15,498.74,Cash on Delivery,Delivered
O002796,2025-06-18,C00437,P0096,2,0.05,37.03,Debit Card,Shipped
O002797,2026-01-16,C00033,P0076,1,0.2,309.22,Net Banking,Delivered
O002797,2026-01-16,C00033,P0120,1,0.1,33.24,Net Banking,Delivered
O002798,2025-04-14,C01418,P0170,1,0.1,68.88,Net Banking,Delivered
O002799,2024-12-26,C00592,P0111,2,0.05,90.41,UPI,Delivered
O002800,2025-03-22,C01061,P0180,4,0.05,418.11,Debit Card,Delivered
O002800,2025-03-22,C01061,P0152,1,0.15,440.9,Debit Card,Delivered
O002800,2025-03-22,C01061,P0196,3,0.1,461.02,UPI,Cancelled
O002801,2025-10-02,C00904,P0054,1,0.1,188.2,Net Banking,Shipped
O002801,2025-10-02,C00904,P0219,1,0.15,405.69,Debit Card,Delivered
O002802,2025-05-21,C01240,P0165,2,0.05,286.18,UPI,Shipped
O002802,2025-05-21,C01240,P0006,1,0.1,183.55,Cash on Delivery,Processing
O002803,2024-08-28,C00777,P0098,1,0.05,485.24,Debit Card,Delivered
O002803,2024-08-28,C00777,P0015,1,0.0,399.39,Wallet,Cancelled
O002803,2024-08-28,C00777,P0037,1,0.05,160.68,Cash on Delivery,Processing
O002804,2026-01-26,C01427,P0004,2,0.1,399.29,Cash on Delivery,Cancelled
O002805,2024-04-16,C01243,P0038,1,0.1,62.09,Credit Card,Cancelled
O002805,2024-04-16,C01243,P0222,1,0.0,393.11,Credit Card,Delivered
O002806,2025-02-04,C00237,P0074,1,0.25,136.92,Cash on Delivery,Delivered
O002807,2025-05-29,C01365,P0169,1,0.15,397.08,Cash on Delivery,Delivered
O002807,2025-05-29,C01365,P0246,1,0.15,121.98,UPI,Delivered
O002808,2025-02-28,C00900,P0215,1,0.15,101.8,Debit Card,Cancelled
O002808,2025-02-28,C00900,P0069,1,0.1,338.89,Credit Card,Delivered
O002808,2025-02-28,C00900,P0021,3,0.2,117.55,Debit Card,Cancelled
O002809,2024-08-17,C00334,P0207,2,0.05,50.61,Credit Card,Delivered
O002810,2025-01-08,C00996,P0134,2,0.05,93.55,Credit Card,Delivered
O002811,2026-01-08,C00788,P0097,2,0.2,245.16,Net Banking,Shipped
O002812,2025-10-13,C00979,P0150,1,0.1,181.33,UPI,Processing
O002812,2025-10-13,C00979,P0019,1,0.2,113.14,Debit Card,Delivered
O002813,2025-12-27,C00418,P0227,2,0.05,381.42,Credit Card,Cancelled
O002814,2024-08-08,C00858,P0011,1,0.2,312.11,Cash on Delivery,Processing
O002815,2025-12-06,C00353,P0103,1,0.1,102.99,Net Banking,Delivered
O002816,2025-06-23,C01442,P0052,2,0.0,493.81,UPI,Shipped
O002817,2024-10-25,C00943,P0190,1,0.1,53.58,Debit Card,Delivered
O002817,2024-10-25,C00943,P0078,1,0.1,160.88,Wallet,Delivered
O002818,2025-11-17,C00958,P0187,1,0.1,246.28,Wallet,Shipped
O002818,2025-11-17,C00958,P0203,1,0.05,280.83,Credit Card,Processing
O002818,2025-11-17,C00958,P0119,2,0.0,46.62,UPI,Processing
O002819,2025-08-13,C00948,P0247,2,0.2,447.95,Credit Card,Shipped
O002820,2024-12-18,C01404,P0203,1,0.05,66.57,UPI,Delivered
O002820,2024-12-18,C01404,P0060,1,0.05,389.72,Net Banking,Cancelled
O002821,2024-06-26,C00433,P0028,2,0.05,103.16,Cash on Delivery,Cancelled
O002821,2024-06-26,C00433,P0151,2,0.2,419.15,Debit Card,Delivered
O002822,2024-08-06,C00651,P0120,1,0.0,43.99,Credit Card,Delivered
O002823,2025-07-06,C00138,P0100,1,0.15,459.89,UPI,Delivered
O002823,2025-07-06,C00138,P0044,1,0.05,160.26,Credit Card,Delivered
O002824,2025-07-15,C00639,P0149,1,0.1,61.91,Cash on Delivery,Processing
O002825,2025-07-26,C00669,P0071,1,0.0,249.34,Debit Card,Processing
O002826,2025-12-08,C00364,P0023,3,0.15,421.43,UPI,Processing
O002826,2025-12-08,C00364,P0222,4,0.1,34.68,Cash on Delivery,Processing
O002827,2024-06-25,C00582,P0056,1,0.3,319.93,UPI,Delivered
O002827,2024-06-25,C00582,P0022,1,0.15,240.08,Credit Card,Delivered
O002828,2026-01-29,C00411,P0063,2,0.1,199.45,UPI,Delivered
O002829,2024-06-12,C01160,P0153,1,0.05,483.35,Cash on Delivery,Delivered
O002829,2024-06-12,C01160,P0089,1,0.2,327.53,Credit Card,Delivered
O002830,2026-03-27,C00915,P0014,2,0.0,179.84,Credit Card,Cancelled
O002831,2025-03-09,C00917,P0048,1,0.05,382.38,Cash on Delivery,Delivered
O002832,2025-10-20,C00291,P0052,1,0.1,256.57,UPI,Delivered
O002833,2024-05-01,C00330,P0018,1,0.15,341.3,UPI,Delivered
O002834,2025-06-04,C01039,P0231,1,0.15,167.96,UPI,Delivered
O002835,2025-02-09,C01041,P0020,2,0.15,155.9,Debit Card,Delivered
O002836,2025-03-22,C00785,P0187,2,0.15,159.32,Cash on Delivery,Delivered
O002837,2025-06-06,C01445,P0193,1,0.0,316.6,Cash on Delivery,Processing
O002837,2025-06-06,C01445,P0221,1,0.15,396.0,Credit Card,Cancelled
O002838,2025-11-02,C00335,P0112,1,0.2,208.38,UPI,Shipped
O002839,2024-05-15,C01179,P0108,1,0.05,119.98,UPI,Shipped
O002840,2024-07-18,C00923,P0186,4,0.15,371.81,Cash on Delivery,Delivered
O002841,2025-12-13,C00625,P0130,3,0.25,384.3,Credit Card,Delivered
O002841,2025-12-13,C00625,P0049,1,0.3,203.8,Wallet,Processing
O002841,2025-12-13,C00625,P0101,1,0.05,202.24,Debit Card,Delivered
O002842,2024-09-01,C00905,P0156,1,0.15,261.65,UPI,Shipped
O002843,2025-10-15,C01290,P0174,1,0.15,350.48,UPI,Delivered
O002844,2025-10-29,C01379,P0144,4,0.05,120.89,UPI,Delivered
O002844,2025-10-29,C01379,P0157,1,0.25,220.3,UPI,Delivered
O002845,2024-06-07,C01045,P0156,1,0.25,292.17,Cash on Delivery,Processing
O002846,2024-04-24,C01185,P0083,1,0.05,294.31,Wallet,Delivered
O002846,2024-04-24,C01185,P0101,2,0.1,84.04,Credit Card,Delivered
O002847,2024-11-28,C01296,P0027,1,0.3,208.05,Credit Card,Processing
O002848,2025-01-07,C01010,P0162,2,0.0,245.94,UPI,Delivered
O002849,2025-11-09,C01179,P0119,1,0.0,188.69,UPI,Processing
O002850,2025-01-12,C00791,P0225,1,0.1,259.94,Credit Card,Delivered
O002851,2024-10-30,C01300,P0158,1,0.1,457.76,Credit Card,Delivered
O002852,2025-12-07,C00437,P0241,1,0.1,270.9,Cash on Delivery,Cancelled
O002852,2025-12-07,C00437,P0143,1,0.15,432.78,Cash on Delivery,Delivered
O002853,2025-10-08,C00283,P0075,1,0.05,207.93,UPI,Delivered
O002854,2025-10-30,C00377,P0099,1,0.1,135.47,UPI,Processing
O002854,2025-10-30,C00377,P0159,1,0.15,407.03,UPI,Processing
O002855,2025-04-15,C00542,P0025,1,0.15,118.97,UPI,Delivered
O002856,2025-03-05,C00745,P0132,3,0.1,120.45,Credit Card,Delivered
O002856,2025-03-05,C00745,P0174,3,0.05,265.89,Credit Card,Delivered
O002857,2024-12-25,C01134,P0214,1,0.0,338.02,Credit Card,Delivered
O002858,2025-12-11,C00180,P0131,3,0.1,375.48,UPI,Cancelled
O002859,2025-03-06,C00321,P0005,1,0.05,469.19,Credit Card,Delivered
O002859,2025-03-06,C00321,P0025,2,0.05,323.54,UPI,Shipped
O002859,2025-03-06,C00321,P0057,1,0.15,459.27,Debit Card,Delivered
O002860,2024-05-08,C00100,P0189,3,0.05,320.56,UPI,Processing
O002861,2026-02-20,C00619,P0158,1,0.2,237.05,Debit Card,Delivered
O002861,2026-02-20,C00619,P0085,1,0.05,362.76,Debit Card,Delivered
O002861,2026-02-20,C00619,P0234,4,0.1,310.18,Credit Card,Cancelled
O002862,2024-06-07,C01346,P0026,1,0.1,152.34,UPI,Delivered
O002863,2025-02-03,C01117,P0110,1,0.2,40.08,Debit Card,Cancelled
O002864,2024-08-10,C00574,P0164,1,0.1,378.38,Credit Card,Delivered
O002865,2026-02-11,C00115,P0025,1,0.1,63.48,Wallet,Delivered
O002866,2025-01-19,C00589,P0127,1,0.0,479.24,UPI,Delivered
O002867,2025-05-17,C01037,P0107,1,0.05,98.38,Net Banking,Shipped
O002868,2024-06-28,C01474,P0239,1,0.1,332.12,Wallet,Shipped
O002868,2024-06-28,C01474,P0209,1,0.0,31.11,Debit Card,Shipped
O002869,2026-03-03,C01232,P0109,2,0.0,93.22,Debit Card,Processing
O002869,2026-03-03,C01232,P0142,1,0.2,390.6,Wallet,Delivered
O002869,2026-03-03,C01232,P0228,2,0.15,499.42,UPI,Delivered
O002870,2025-12-09,C00620,P0190,2,0.2,425.57,UPI,Delivered
O002871,2024-04-16,C00503,P0008,2,0.05,409.65,Credit Card,Delivered
O002872,2025-07-08,C01085,P0017,1,0.05,483.97,UPI,Delivered
O002873,2024-10-07,C01408,P0135,4,0.3,366.42,Debit Card,Delivered
O002874,2025-02-02,C00758,P0115,1,0.2,104.43,Cash on Delivery,Delivered
O002874,2025-02-02,C00758,P0123,1,0.2,103.47,UPI,Cancelled
O002875,2026-03-05,C00994,P0085,2,0.2,414.04,UPI,Delivered
O002876,2026-02-28,C01349,P0243,4,0.2,284.57,Cash on Delivery,Processing
O002877,2025-01-24,C01036,P0174,2,0.15,212.22,UPI,Shipped
O002878,2026-03-06,C00191,P0236,1,0.2,248.27,UPI,Delivered
O002879,2025-09-22,C00554,P0172,4,0.15,435.2,Credit Card,Shipped
O002880,2024-12-22,C00743,P0240,1,0.1,201.81,UPI,Delivered
O002881,2024-10-21,C00695,P0232,1,0.0,423.64,Net Banking,Delivered
O002882,2024-10-20,C01323,P0116,2,0.15,324.57,Cash on Delivery,Delivered
O002883,2025-07-09,C00665,P0013,2,0.0,312.58,Credit Card,Delivered
O002884,2026-01-09,C00121,P0033,2,0.0,58.33,UPI,Delivered
O002885,2025-04-04,C00801,P0091,1,0.2,495.34,Debit Card,Shipped
O002886,2024-11-29,C01220,P0165,1,0.05,293.05,UPI,Delivered
O002887,2025-06-16,C00755,P0103,1,0.05,435.41,Credit Card,Processing
O002888,2025-02-12,C00808,P0001,1,0.0,107.65,Cash on Delivery,Delivered
O002888,2025-02-12,C00808,P0192,4,0.05,137.04,Cash on Delivery,Delivered
O002889,2024-04-15,C00953,P0157,2,0.1,131.44,Debit Card,Delivered
O002890,2024-09-15,C01291,P0175,1,0.15,173.63,Debit Card,Processing
O002890,2024-09-15,C01291,P0112,1,0.1,477.38,Cash on Delivery,Delivered
O002890,2024-09-15,C01291,P0134,1,0.2,401.03,Wallet,Shipped
O002891,2025-08-23,C01443,P0013,2,0.1,109.98,UPI,Delivered
O002892,2024-11-05,C01154,P0195,1,0.1,187.98,Credit Card,Delivered
O002892,2024-11-05,C01154,P0021,1,0.1,350.99,Credit Card,Cancelled
O002892,2024-11-05,C01154,P0188,1,0.1,467.21,UPI,Shipped
O002893,2024-05-05,C00538,P0031,2,0.05,127.28,Debit Card,Delivered
O002893,2024-05-05,C00538,P0016,1,0.0,188.38,UPI,Delivered
O002894,2024-07-13,C01303,P0047,2,0.15,85.18,Wallet,Delivered
O002895,2025-12-18,C00366,P0030,2,0.15,424.16,UPI,Delivered
O002895,2025-12-18,C00366,P0090,2,0.15,59.1,Debit Card,Delivered
O002896,2024-12-19,C00294,P0103,1,0.05,385.57,Credit Card,Processing
O002897,2024-05-15,C00858,P0110,1,0.2,105.09,Credit Card,Delivered
O002897,2024-05-15,C00858,P0240,1,0.0,212.38,Debit Card,Delivered
O002898,2025-12-21,C00636,P0121,1,0.1,264.58,Net Banking,Delivered
O002898,2025-12-21,C00636,P0188,1,0.25,256.57,Cash on Delivery,Shipped
O002899,2025-05-21,C00025,P0114,1,0.0,32.7,UPI,Delivered
O002900,2025-11-14,C00895,P0142,2,0.0,237.14,Credit Card,Shipped
O002901,2025-11-28,C01026,P0060,2,0.0,57.45,Wallet,Delivered
O002901,2025-11-28,C01026,P0211,1,0.15,469.71,UPI,Shipped
O002901,2025-11-28,C01026,P0076,4,0.1,286.02,UPI,Delivered
O002902,2025-01-25,C01325,P0156,3,0.15,479.22,UPI,Shipped
O002903,2024-10-31,C01203,P0005,1,0.1,121.86,UPI,Delivered
O002904,2025-11-10,C00630,P0084,1,0.0,306.24,UPI,Delivered
O002904,2025-11-10,C00630,P0045,1,0.05,235.36,UPI,Delivered
O002905,2025-11-01,C00969,P0093,1,0.2,283.21,UPI,Shipped
O002906,2024-11-27,C01399,P0144,2,0.2,490.52,Credit Card,Delivered
O002907,2025-06-21,C00193,P0159,3,0.05,423.58,UPI,Delivered
O002907,2025-06-21,C00193,P0043,3,0.1,484.41,UPI,Delivered
O002907,2025-06-21,C00193,P0136,2,0.1,410.78,Credit Card,Cancelled
O002908,2025-11-11,C00041,P0134,1,0.1,66.17,UPI,Delivered
O002909,2024-12-24,C00924,P0137,1,0.1,57.89,UPI,Delivered
O002910,2024-06-16,C00423,P0014,2,0.05,49.22,Credit Card,Delivered
O002911,2025-05-19,C00891,P0166,1,0.05,226.2,UPI,Processing
O002912,2025-10-08,C00644,P0237,1,0.2,81.03,UPI,Cancelled
O002913,2025-12-31,C00953,P0144,2,0.15,345.83,Credit Card,Cancelled
O002914,2024-09-26,C00493,P0065,1,0.1,84.07,Credit Card,Delivered
O002914,2024-09-26,C00493,P0087,1,0.25,182.78,Credit Card,Processing
O002915,2026-03-02,C01049,P0225,3,0.05,247.66,Debit Card,Delivered
O002915,2026-03-02,C01049,P0205,4,0.1,98.97,Debit Card,Delivered
O002915,2026-03-02,C01049,P0035,1,0.05,384.23,Debit Card,Delivered
O002916,2025-11-28,C01256,P0094,1,0.05,172.01,Net Banking,Delivered
O002917,2025-02-02,C01147,P0181,3,0.1,210.19,UPI,Delivered
O002918,2025-06-16,C01023,P0097,1,0.1,170.0,UPI,Cancelled
O002918,2025-06-16,C01023,P0233,1,0.1,237.38,UPI,Shipped
O002919,2025-12-31,C00383,P0102,1,0.05,289.72,Wallet,Cancelled
O002920,2025-07-07,C00305,P0052,1,0.2,152.38,Credit Card,Delivered
O002921,2025-05-13,C00799,P0117,2,0.05,28.07,Debit Card,Shipped
O002921,2025-05-13,C00799,P0130,3,0.15,203.56,Net Banking,Delivered
O002922,2026-02-13,C01013,P0189,1,0.0,361.42,Debit Card,Cancelled
O002923,2025-11-25,C00949,P0165,1,0.15,476.6,Wallet,Processing
O002923,2025-11-25,C00949,P0118,2,0.25,325.22,Cash on Delivery,Shipped
O002924,2025-04-03,C00971,P0136,1,0.05,323.7,Cash on Delivery,Processing
O002925,2024-07-27,C00403,P0226,1,0.15,343.31,Net Banking,Processing
O002926,2024-07-02,C00075,P0120,1,0.0,498.24,Net Banking,Delivered
O002926,2024-07-02,C00075,P0144,1,0.2,46.36,Credit Card,Cancelled
O002927,2026-02-05,C01040,P0199,1,0.1,281.68,Wallet,Cancelled
O002928,2025-09-22,C00304,P0085,4,0.15,371.37,Debit Card,Delivered
O002928,2025-09-22,C00304,P0110,1,0.15,432.34,UPI,Delivered
O002928,2025-09-22,C00304,P0018,1,0.0,362.75,Debit Card,Delivered
O002929,2024-04-13,C00105,P0194,1,0.2,474.27,Net Banking,Shipped
O002930,2025-12-22,C00322,P0211,1,0.1,375.74,Credit Card,Shipped
O002931,2025-02-26,C00085,P0018,1,0.05,165.73,UPI,Delivered
O002932,2024-07-21,C01334,P0131,1,0.2,138.3,Cash on Delivery,Processing
O002932,2024-07-21,C01334,P0219,1,0.0,368.23,Debit Card,Shipped
O002932,2024-07-21,C01334,P0150,1,0.1,308.05,Net Banking,Processing
O002933,2025-03-18,C00292,P0238,1,0.15,167.27,Credit Card,Cancelled
O002934,2024-09-05,C00287,P0087,1,0.0,360.96,Wallet,Shipped
O002935,2026-01-25,C00410,P0165,1,0.1,324.74,UPI,Shipped
O002936,2026-01-05,C00890,P0207,3,0.0,105.69,Debit Card,Delivered
O002936,2026-01-05,C00890,P0117,1,0.1,441.31,UPI,Shipped
O002937,2024-08-26,C00476,P0188,2,0.05,265.22,Credit Card,Cancelled
O002937,2024-08-26,C00476,P0207,4,0.1,295.53,Credit Card,Delivered
O002937,2024-08-26,C00476,P0039,1,0.1,462.72,UPI,Delivered
O002938,2025-12-21,C01333,P0080,1,0.05,439.21,UPI,Delivered
O002938,2025-12-21,C01333,P0021,3,0.2,401.56,UPI,Processing
O002939,2026-02-02,C01316,P0164,1,0.1,474.87,Wallet,Shipped
O002940,2025-10-23,C00621,P0075,1,0.1,97.77,Debit Card,Cancelled
O002941,2024-07-23,C01358,P0020,2,0.05,42.77,Debit Card,Delivered
O002942,2024-05-24,C01300,P0073,1,0.15,83.79,Credit Card,Cancelled
O002942,2024-05-24,C01300,P0019,1,0.1,191.31,Net Banking,Delivered
O002943,2025-04-05,C00152,P0080,2,0.15,241.24,Credit Card,Delivered
O002943,2025-04-05,C00152,P0075,1,0.1,243.22,Debit Card,Processing
O002944,2024-07-06,C00331,P0161,2,0.05,402.21,Wallet,Processing
O002945,2024-06-21,C00358,P0205,1,0.1,273.16,Net Banking,Cancelled
O002946,2025-03-11,C00757,P0190,4,0.1,198.22,Debit Card,Processing
O002947,2025-03-19,C01326,P0013,1,0.15,143.57,Net Banking,Delivered
O002948,2026-03-30,C01030,P0112,2,0.15,198.69,Credit Card,Shipped
O002948,2026-03-30,C01030,P0197,1,0.0,92.59,UPI,Delivered
O002949,2025-10-01,C00881,P0041,1,0.05,275.59,Credit Card,Delivered
O002949,2025-10-01,C00881,P0135,3,0.0,260.27,Credit Card,Processing
O002950,2025-04-25,C00492,P0116,1,0.2,335.31,Credit Card,Delivered
O002951,2024-07-15,C00744,P0063,1,0.0,212.86,Net Banking,Delivered
O002951,2024-07-15,C00744,P0065,1,0.05,437.22,Wallet,Cancelled
O002952,2025-05-22,C00076,P0028,3,0.1,82.8,Credit Card,Delivered
O002953,2025-09-03,C00843,P0226,1,0.15,287.75,UPI,Cancelled
O002953,2025-09-03,C00843,P0111,1,0.15,490.7,Debit Card,Shipped
O002954,2025-01-18,C00270,P0183,1,0.1,380.13,Debit Card,Processing
O002955,2026-02-17,C00247,P0021,3,0.1,253.03,Debit Card,Shipped
O002955,2026-02-17,C00247,P0103,1,0.15,168.57,Credit Card,Delivered
O002956,2026-01-22,C00275,P0109,1,0.15,376.22,Credit Card,Cancelled
O002957,2024-05-14,C01058,P0143,1,0.0,472.05,Debit Card,Shipped
O002958,2024-08-28,C00891,P0058,1,0.0,255.6,Net Banking,Processing
O002959,2024-06-25,C01213,P0040,1,0.1,376.67,UPI,Processing
O002960,2025-06-30,C01343,P0009,1,0.0,161.41,UPI,Processing
O002961,2025-07-15,C00525,P0165,1,0.2,140.95,Debit Card,Shipped
O002962,2025-08-21,C01129,P0105,1,0.25,274.96,Credit Card,Cancelled
O002963,2025-02-11,C01490,P0186,1,0.15,70.39,Debit Card,Delivered
O002964,2024-07-17,C00325,P0195,2,0.1,192.58,UPI,Processing
O002965,2025-07-07,C00094,P0104,3,0.0,165.37,Cash on Delivery,Delivered
O002966,2026-02-24,C00303,P0084,2,0.1,342.17,Wallet,Delivered
O002967,2025-09-22,C00970,P0050,1,0.05,260.52,Debit Card,Delivered
O002967,2025-09-22,C00970,P0203,1,0.0,80.3,Credit Card,Processing
O002968,2024-10-22,C00046,P0211,1,0.1,273.1,Credit Card,Delivered
O002968,2024-10-22,C00046,P0202,1,0.15,231.13,Debit Card,Shipped
O002969,2025-09-06,C00605,P0037,1,0.1,427.91,Debit Card,Shipped
O002970,2024-09-08,C00024,P0196,2,0.2,202.81,UPI,Delivered
O002971,2024-06-24,C00279,P0230,2,0.1,390.58,Net Banking,Delivered
O002972,2025-11-29,C00431,P0220,1,0.05,168.91,Cash on Delivery,Cancelled
O002973,2025-08-04,C00843,P0016,1,0.15,364.66,Net Banking,Delivered
O002974,2025-07-30,C00388,P0087,1,0.15,441.01,Debit Card,Shipped
O002975,2026-01-14,C00600,P0170,1,0.3,483.37,Debit Card,Delivered
O002975,2026-01-14,C00600,P0021,1,0.15,424.51,UPI,Delivered
O002976,2025-03-09,C00667,P0112,1,0.0,253.84,Debit Card,Delivered
O002977,2025-11-04,C00683,P0092,1,0.0,42.32,UPI,Delivered
O002978,2025-08-14,C01178,P0034,1,0.0,364.78,Credit Card,Cancelled
O002979,2025-12-06,C00166,P0066,1,0.25,449.67,Cash on Delivery,Delivered
O002979,2025-12-06,C00166,P0042,3,0.15,130.96,UPI,Delivered
O002979,2025-12-06,C00166,P0213,1,0.1,352.87,Wallet,Delivered
O002980,2024-09-04,C01217,P0065,1,0.15,361.97,Credit Card,Delivered
O002981,2025-03-03,C00819,P0218,1,0.1,288.7,Wallet,Processing
O002982,2024-12-29,C00864,P0203,2,0.1,157.16,Debit Card,Delivered
O002982,2024-12-29,C00864,P0047,1,0.0,78.1,UPI,Delivered
O002983,2025-08-21,C01435,P0116,1,0.1,132.71,Wallet,Delivered
O002984,2026-03-01,C01167,P0150,1,0.15,486.65,UPI,Shipped
O002985,2025-12-25,C00722,P0223,1,0.1,366.7,UPI,Processing
O002986,2026-03-01,C01407,P0124,1,0.1,275.33,Debit Card,Processing
O002987,2026-03-23,C00453,P0211,1,0.0,164.47,UPI,Cancelled
O002988,2026-01-30,C00670,P0038,2,0.15,373.81,UPI,Delivered
O002989,2024-08-08,C01281,P0109,1,0.15,437.5,Credit Card,Processing
O002990,2026-01-11,C00756,P0193,1,0.2,467.45,Debit Card,Cancelled
O002990,2026-01-11,C00756,P0082,1,0.05,100.81,UPI,Delivered
O002991,2025-12-10,C01119,P0108,1,0.05,149.78,Cash on Delivery,Delivered
O002991,2025-12-10,C01119,P0136,1,0.1,25.93,Debit Card,Delivered
O002992,2025-06-29,C00538,P0150,2,0.0,137.96,Cash on Delivery,Shipped
O002992,2025-06-29,C00538,P0012,1,0.1,314.1,Credit Card,Delivered
O002993,2024-10-25,C00942,P0068,1,0.25,325.5,Credit Card,Processing
O002993,2024-10-25,C00942,P0111,2,0.25,496.75,Credit Card,Processing
O002994,2024-10-25,C00835,P0015,3,0.2,249.26,Cash on Delivery,Delivered
O002994,2024-10-25,C00835,P0071,2,0.1,323.91,Credit Card,Delivered
O002995,2025-05-18,C00530,P0010,1,0.2,311.38,Cash on Delivery,Cancelled
O002996,2024-06-27,C00848,P0100,2,0.05,314.7,Credit Card,Delivered
O002996,2024-06-27,C00848,P0083,1,0.1,266.62,Debit Card,Delivered
O002997,2024-11-27,C00107,P0098,1,0.15,459.07,UPI,Shipped
O002998,2025-07-09,C01248,P0244,3,0.1,61.86,Net Banking,Delivered
O002999,2025-11-20,C01008,P0210,1,0.0,272.33,UPI,Delivered
O003000,2025-03-04,C01442,P0003,1,0.15,323.04,UPI,Processing
O003001,2025-04-12,C00927,P0048,1,0.05,426.31,UPI,Processing
O003001,2025-04-12,C00927,P0112,1,0.1,228.39,Credit Card,Cancelled
O003002,2024-06-22,C00113,P0177,4,0.05,82.71,Cash on Delivery,Delivered
O003002,2024-06-22,C00113,P0098,1,0.0,247.06,Debit Card,Delivered
O003003,2025-02-06,C00866,P0199,2,0.05,178.79,Net Banking,Delivered
O003004,2025-07-17,C01226,P0250,1,0.2,222.93,Cash on Delivery,Delivered
O003005,2024-07-29,C00542,P0118,3,0.0,67.88,Credit Card,Processing
O003006,2025-10-30,C00919,P0052,1,0.05,332.88,Wallet,Delivered
O003007,2025-01-02,C01464,P0140,1,0.1,132.88,Debit Card,Processing
O003008,2025-01-22,C00930,P0069,1,0.2,437.46,UPI,Delivered
O003008,2025-01-22,C00930,P0140,1,0.15,65.44,Credit Card,Cancelled
O003009,2025-03-18,C00364,P0231,3,0.2,266.6,UPI,Cancelled
O003010,2024-06-17,C01154,P0062,1,0.1,170.71,Credit Card,Delivered
O003010,2024-06-17,C01154,P0028,1,0.2,428.54,Credit Card,Delivered
O003010,2024-06-17,C01154,P0166,1,0.15,71.56,UPI,Delivered
O003011,2025-04-04,C01081,P0018,1,0.0,101.18,UPI,Delivered
O003012,2025-04-01,C01421,P0156,4,0.15,127.76,Credit Card,Delivered
O003012,2025-04-01,C01421,P0133,1,0.0,363.9,Cash on Delivery,Shipped
O003013,2025-09-08,C01454,P0139,2,0.1,332.12,Net Banking,Cancelled
O003014,2024-09-10,C01237,P0028,1,0.05,314.15,UPI,Cancelled
O003015,2026-03-10,C00293,P0096,1,0.1,397.89,Cash on Delivery,Cancelled
O003016,2024-04-23,C01134,P0016,1,0.15,337.51,UPI,Delivered
O003016,2024-04-23,C01134,P0172,1,0.2,282.2,Debit Card,Processing
O003017,2025-02-23,C00031,P0127,1,0.1,111.41,Debit Card,Delivered
O003018,2024-06-22,C00335,P0210,1,0.1,346.1,Debit Card,Delivered
O003019,2024-09-29,C01402,P0201,1,0.15,75.58,Credit Card,Delivered
O003019,2024-09-29,C01402,P0078,2,0.2,34.39,Credit Card,Delivered
O003020,2024-06-13,C00634,P0161,1,0.05,152.69,Credit Card,Cancelled
O003021,2024-05-23,C00933,P0065,2,0.1,496.21,UPI,Delivered
O003022,2025-11-22,C00852,P0052,1,0.0,445.8,UPI,Cancelled
O003022,2025-11-22,C00852,P0105,2,0.2,367.2,Debit Card,Delivered
O003023,2024-05-26,C00631,P0051,2,0.0,195.15,Net Banking,Delivered
O003023,2024-05-26,C00631,P0151,1,0.1,440.32,Debit Card,Delivered
O003023,2024-05-26,C00631,P0083,1,0.15,51.45,Credit Card,Shipped
O003024,2025-12-28,C00768,P0249,1,0.1,492.69,Cash on Delivery,Delivered
O003025,2025-03-15,C00194,P0076,1,0.15,208.33,UPI,Delivered
O003025,2025-03-15,C00194,P0220,1,0.0,165.37,Cash on Delivery,Delivered
O003026,2024-11-28,C00378,P0166,2,0.2,83.13,Debit Card,Shipped
O003027,2025-01-27,C00889,P0025,1,0.1,364.4,UPI,Shipped
O003028,2024-08-28,C00222,P0088,1,0.2,267.18,UPI,Delivered
O003029,2025-09-18,C01366,P0022,1,0.05,437.36,Credit Card,Delivered
O003030,2024-08-22,C00303,P0108,1,0.0,465.6,Cash on Delivery,Cancelled
O003031,2026-01-23,C00769,P0222,1,0.15,85.39,UPI,Processing
O003031,2026-01-23,C00769,P0091,1,0.15,394.61,Wallet,Delivered
O003032,2024-08-14,C01070,P0046,1,0.05,141.13,Cash on Delivery,Shipped
O003033,2026-01-08,C00066,P0233,1,0.05,260.09,UPI,Shipped
O003033,2026-01-08,C00066,P0192,4,0.15,36.82,Net Banking,Cancelled
O003034,2024-05-22,C00766,P0162,1,0.2,140.77,Credit Card,Processing
O003035,2024-09-23,C01282,P0066,1,0.25,479.47,Cash on Delivery,Delivered
O003036,2026-03-14,C01193,P0194,1,0.1,64.16,Wallet,Delivered
O003037,2025-06-27,C01147,P0106,4,0.15,54.97,Debit Card,Delivered
O003037,2025-06-27,C01147,P0114,2,0.25,382.36,Credit Card,Delivered
O003038,2024-08-26,C01064,P0218,2,0.1,117.33,UPI,Shipped
O003038,2024-08-26,C01064,P0072,2,0.05,486.76,UPI,Shipped
O003039,2026-01-23,C00701,P0183,1,0.0,465.81,UPI,Delivered
O003040,2025-09-07,C00601,P0050,1,0.05,118.04,Cash on Delivery,Delivered
O003041,2025-01-21,C01170,P0152,2,0.15,461.6,Credit Card,Delivered
O003042,2024-12-24,C01031,P0045,1,0.3,180.86,UPI,Processing
O003043,2024-10-31,C00615,P0041,1,0.15,341.07,Net Banking,Delivered
O003044,2025-10-20,C00179,P0196,1,0.0,294.42,Net Banking,Shipped
O003044,2025-10-20,C00179,P0157,1,0.1,301.26,Net Banking,Processing
O003045,2025-03-09,C01027,P0135,2,0.2,317.38,Debit Card,Delivered
O003046,2025-10-11,C00997,P0208,1,0.15,416.79,Debit Card,Shipped
O003046,2025-10-11,C00997,P0191,4,0.05,332.71,Wallet,Delivered
O003047,2024-12-14,C00812,P0153,1,0.15,437.1,UPI,Cancelled
O003048,2025-01-13,C00519,P0010,2,0.1,207.24,Credit Card,Cancelled
O003049,2024-08-12,C00026,P0187,1,0.15,203.95,Debit Card,Delivered
O003050,2025-05-15,C00849,P0015,1,0.1,25.39,Net Banking,Delivered
O003051,2025-03-08,C00822,P0147,4,0.2,337.63,Credit Card,Cancelled
O003051,2025-03-08,C00822,P0036,1,0.2,259.01,UPI,Shipped
O003052,2025-04-10,C00232,P0050,1,0.1,219.67,Debit Card,Delivered
O003053,2025-08-12,C00589,P0014,1,0.05,129.05,UPI,Delivered
O003054,2024-06-14,C00520,P0083,1,0.1,278.51,Debit Card,Delivered
O003055,2025-11-04,C01368,P0034,1,0.1,224.73,Cash on Delivery,Delivered
O003056,2025-12-24,C01403,P0194,2,0.15,127.68,Credit Card,Delivered
O003057,2026-03-01,C01224,P0169,1,0.2,148.12,Credit Card,Processing
O003058,2025-07-18,C01073,P0096,3,0.2,404.14,Cash on Delivery,Processing
O003059,2026-01-06,C00714,P0058,1,0.3,103.2,UPI,Delivered
O003060,2025-02-07,C00584,P0093,2,0.2,458.54,Cash on Delivery,Shipped
O003061,2026-03-29,C00995,P0184,2,0.1,325.25,Cash on Delivery,Delivered
O003062,2025-02-05,C00892,P0149,2,0.05,219.79,Credit Card,Shipped
O003062,2025-02-05,C00892,P0135,1,0.05,231.98,UPI,Processing
O003063,2025-03-23,C00904,P0016,2,0.0,146.93,Debit Card,Delivered
O003064,2025-11-12,C00530,P0244,1,0.15,441.65,Net Banking,Delivered
O003065,2024-04-10,C00877,P0212,1,0.2,229.18,UPI,Shipped
O003066,2024-10-16,C00460,P0214,2,0.2,346.1,Debit Card,Delivered
O003067,2024-09-12,C01026,P0124,1,0.15,29.36,UPI,Processing
O003068,2024-07-03,C01407,P0075,1,0.2,32.98,Credit Card,Delivered
O003069,2024-06-23,C00850,P0076,2,0.15,223.4,Cash on Delivery,Delivered
O003069,2024-06-23,C00850,P0038,1,0.05,441.23,Wallet,Shipped
O003070,2024-04-02,C00423,P0224,2,0.05,207.37,Credit Card,Processing
O003070,2024-04-02,C00423,P0182,1,0.0,466.44,UPI,Delivered
O003071,2025-02-09,C01308,P0228,1,0.05,44.7,Cash on Delivery,Delivered
O003072,2025-06-21,C00848,P0166,2,0.1,234.45,Cash on Delivery,Delivered
O003073,2026-03-27,C01332,P0024,2,0.15,339.37,Net Banking,Delivered
O003074,2025-05-14,C01415,P0181,1,0.05,137.37,Debit Card,Processing
O003075,2026-03-21,C00403,P0140,2,0.2,104.8,Cash on Delivery,Delivered
O003076,2024-06-21,C01063,P0228,1,0.15,336.28,UPI,Delivered
O003077,2025-01-21,C00419,P0238,1,0.2,239.58,UPI,Cancelled
O003077,2025-01-21,C00419,P0192,2,0.15,184.44,Cash on Delivery,Delivered
O003078,2025-04-01,C01051,P0139,1,0.25,200.29,Cash on Delivery,Processing
O003078,2025-04-01,C01051,P0159,1,0.1,444.71,UPI,Delivered
O003079,2025-08-02,C00913,P0009,2,0.05,240.65,UPI,Cancelled
O003080,2025-11-21,C00794,P0169,1,0.1,270.31,UPI,Delivered
O003081,2024-08-27,C00431,P0132,2,0.2,379.31,Debit Card,Cancelled
O003082,2025-06-19,C00152,P0222,3,0.15,377.26,UPI,Delivered
O003082,2025-06-19,C00152,P0223,1,0.0,211.96,Credit Card,Delivered
O003082,2025-06-19,C00152,P0192,1,0.1,389.62,Debit Card,Delivered
O003083,2024-11-15,C00365,P0014,2,0.05,337.27,Wallet,Cancelled
O003084,2024-08-16,C00931,P0232,4,0.0,458.3,Debit Card,Delivered
O003085,2024-04-18,C00216,P0017,1,0.15,297.82,Cash on Delivery,Cancelled
O003086,2025-05-23,C01456,P0192,1,0.15,146.96,Cash on Delivery,Delivered
O003087,2024-04-24,C01329,P0022,1,0.15,397.52,UPI,Delivered
O003087,2024-04-24,C01329,P0018,2,0.1,484.25,Credit Card,Shipped
O003088,2026-03-04,C00862,P0214,2,0.3,167.31,Wallet,Cancelled
O003089,2025-09-08,C01051,P0113,1,0.1,452.2,Debit Card,Delivered
O003090,2024-06-24,C00905,P0055,3,0.25,177.46,Credit Card,Delivered
O003091,2025-04-11,C01185,P0015,1,0.0,342.34,Debit Card,Delivered
O003092,2025-07-16,C00959,P0017,1,0.2,153.36,UPI,Delivered
O003092,2025-07-16,C00959,P0016,1,0.2,79.4,UPI,Delivered
O003093,2026-03-20,C00480,P0127,1,0.05,62.18,Net Banking,Delivered
O003093,2026-03-20,C00480,P0138,2,0.15,338.92,Credit Card,Shipped
O003094,2025-12-01,C01440,P0100,2,0.1,85.54,Credit Card,Shipped
O003095,2025-07-17,C00455,P0012,1,0.25,348.18,Wallet,Delivered
O003096,2025-10-28,C00910,P0067,1,0.15,487.5,UPI,Processing
O003096,2025-10-28,C00910,P0007,1,0.15,272.22,UPI,Shipped
O003096,2025-10-28,C00910,P0014,2,0.1,295.86,Credit Card,Delivered
O003097,2024-08-08,C00175,P0009,3,0.2,291.44,UPI,Processing
O003098,2026-02-01,C00434,P0101,1,0.2,396.76,UPI,Cancelled
O003099,2024-09-12,C00575,P0083,2,0.05,390.65,Credit Card,Processing
O003099,2024-09-12,C00575,P0166,1,0.15,478.55,UPI,Delivered
O003100,2025-08-02,C00088,P0168,2,0.05,425.47,UPI,Processing
O003101,2024-12-08,C01009,P0042,2,0.0,316.15,UPI,Delivered
O003101,2024-12-08,C01009,P0058,2,0.1,139.05,Credit Card,Cancelled
O003101,2024-12-08,C01009,P0230,2,0.0,212.98,Net Banking,Delivered
O003102,2026-03-11,C00683,P0238,1,0.0,282.03,UPI,Delivered
O003102,2026-03-11,C00683,P0130,1,0.05,417.12,Wallet,Delivered
O003103,2024-08-27,C00388,P0158,1,0.1,377.53,UPI,Delivered
O003103,2024-08-27,C00388,P0147,1,0.0,52.27,Cash on Delivery,Processing
O003104,2024-05-29,C00731,P0111,4,0.1,47.26,UPI,Delivered
O003105,2025-04-21,C01031,P0231,2,0.1,384.55,Debit Card,Delivered
O003106,2024-12-15,C00551,P0033,1,0.1,168.23,UPI,Delivered
O003107,2025-08-13,C00889,P0226,1,0.15,83.64,Wallet,Cancelled
O003107,2025-08-13,C00889,P0195,1,0.2,375.22,Credit Card,Processing
O003108,2024-07-05,C01276,P0195,1,0.2,435.99,Credit Card,Shipped
O003108,2024-07-05,C01276,P0237,2,0.1,499.87,Credit Card,Processing
O003109,2024-07-05,C00630,P0080,1,0.0,70.66,Wallet,Processing
O003110,2025-06-26,C01481,P0045,1,0.1,86.24,Net Banking,Shipped
O003111,2026-01-24,C00830,P0094,1,0.0,292.27,UPI,Delivered
O003112,2025-12-29,C00844,P0031,1,0.05,375.99,Cash on Delivery,Delivered
O003113,2024-07-26,C01060,P0009,1,0.05,417.09,Credit Card,Delivered
O003114,2025-08-31,C00718,P0194,1,0.1,88.16,Debit Card,Processing
O003114,2025-08-31,C00718,P0061,2,0.2,171.67,Wallet,Delivered
O003115,2026-03-19,C00111,P0037,2,0.05,68.16,Credit Card,Delivered
O003116,2025-11-16,C00139,P0038,2,0.2,122.15,Debit Card,Processing
O003116,2025-11-16,C00139,P0109,1,0.05,416.21,UPI,Delivered
O003117,2025-06-19,C00059,P0172,2,0.1,157.67,UPI,Cancelled
O003118,2025-09-26,C01302,P0098,4,0.1,190.81,Credit Card,Shipped
O003119,2025-03-23,C01025,P0079,1,0.1,497.67,Credit Card,Shipped
O003119,2025-03-23,C01025,P0045,1,0.1,140.91,Wallet,Shipped
O003119,2025-03-23,C01025,P0136,1,0.15,278.22,Credit Card,Delivered
O003120,2025-02-10,C00102,P0112,2,0.1,469.32,Credit Card,Delivered
O003121,2025-12-29,C01408,P0045,1,0.0,80.6,UPI,Delivered
O003122,2025-08-15,C00232,P0001,2,0.15,478.26,Wallet,Delivered
O003123,2026-01-06,C01481,P0138,2,0.0,46.59,Net Banking,Delivered
O003124,2024-09-07,C00890,P0166,1,0.1,437.16,Debit Card,Cancelled
O003125,2025-07-06,C01218,P0114,1,0.1,209.87,UPI,Shipped
O003125,2025-07-06,C01218,P0145,3,0.15,458.27,Cash on Delivery,Delivered
O003126,2025-09-08,C00241,P0138,1,0.2,354.0,UPI,Cancelled
O003127,2026-01-14,C00859,P0019,1,0.15,36.73,Debit Card,Delivered
O003128,2026-01-03,C00066,P0087,1,0.0,402.84,UPI,Delivered
O003129,2025-07-03,C00091,P0112,2,0.1,405.36,UPI,Delivered
O003130,2025-12-22,C01229,P0046,2,0.15,231.15,Debit Card,Delivered
O003130,2025-12-22,C01229,P0216,1,0.15,115.3,Credit Card,Delivered
O003131,2025-08-23,C00167,P0142,2,0.15,263.67,Debit Card,Delivered
O003131,2025-08-23,C00167,P0043,1,0.2,45.29,Wallet,Delivered
O003132,2025-04-08,C00829,P0098,4,0.05,130.8,Credit Card,Delivered
O003133,2025-07-17,C00912,P0163,1,0.0,167.35,UPI,Delivered
O003134,2026-01-27,C00921,P0142,2,0.25,211.69,Credit Card,Delivered
O003135,2025-06-11,C00165,P0144,1,0.15,487.35,UPI,Delivered
O003135,2025-06-11,C00165,P0249,3,0.05,38.92,Debit Card,Delivered
O003136,2025-08-24,C00800,P0219,1,0.0,51.18,Net Banking,Cancelled
O003137,2025-10-18,C01307,P0124,2,0.05,98.38,Cash on Delivery,Delivered
O003138,2024-08-28,C00235,P0161,1,0.1,116.52,UPI,Delivered
O003139,2024-10-16,C00611,P0157,1,0.05,353.12,Credit Card,Cancelled
O003139,2024-10-16,C00611,P0215,1,0.1,216.0,Credit Card,Delivered
O003140,2024-06-04,C00140,P0079,3,0.15,102.88,UPI,Processing
O003140,2024-06-04,C00140,P0145,1,0.15,416.83,Debit Card,Delivered
O003141,2025-06-16,C01429,P0250,1,0.15,335.38,Debit Card,Delivered
O003142,2026-02-22,C01277,P0180,2,0.25,367.91,Credit Card,Delivered
O003142,2026-02-22,C01277,P0017,4,0.05,37.21,Debit Card,Shipped
O003142,2026-02-22,C01277,P0238,2,0.05,479.17,Credit Card,Delivered
O003143,2025-06-14,C00370,P0109,1,0.05,89.17,Credit Card,Delivered
O003143,2025-06-14,C00370,P0147,1,0.2,320.61,Credit Card,Delivered
O003144,2026-01-27,C01174,P0192,1,0.15,102.93,UPI,Shipped
O003145,2026-01-21,C01151,P0065,1,0.1,109.05,Wallet,Delivered
O003146,2025-10-31,C00271,P0082,2,0.1,340.41,Credit Card,Delivered
O003147,2025-04-05,C01264,P0243,1,0.15,105.52,UPI,Delivered
O003148,2025-12-20,C00360,P0061,2,0.0,379.61,UPI,Delivered
O003149,2026-01-12,C01484,P0137,1,0.25,191.85,Cash on Delivery,Delivered
O003150,2025-03-04,C00250,P0055,4,0.1,440.15,UPI,Delivered
O003151,2026-02-16,C01128,P0229,1,0.1,459.67,Cash on Delivery,Shipped
O003152,2025-11-12,C00846,P0033,3,0.1,221.3,Credit Card,Processing
O003153,2026-03-28,C00670,P0121,2,0.3,481.79,Wallet,Delivered
O003154,2025-09-25,C00048,P0104,1,0.15,457.99,Cash on Delivery,Delivered
O003155,2024-05-02,C00933,P0123,2,0.0,485.29,Debit Card,Delivered
O003155,2024-05-02,C00933,P0041,1,0.15,229.46,UPI,Delivered
O003156,2026-01-23,C01005,P0167,1,0.1,95.87,Credit Card,Processing
O003157,2024-12-16,C00217,P0115,1,0.15,270.51,Credit Card,Delivered
O003157,2024-12-16,C00217,P0202,1,0.1,307.23,Credit Card,Shipped
O003158,2024-08-16,C00083,P0064,1,0.1,193.63,Net Banking,Delivered
O003159,2025-06-21,C01111,P0069,1,0.05,266.91,Credit Card,Shipped
O003160,2026-03-05,C00245,P0087,1,0.05,121.05,Debit Card,Shipped
O003161,2024-09-04,C00771,P0131,1,0.0,237.93,Credit Card,Delivered
O003161,2024-09-04,C00771,P0204,1,0.1,68.94,Cash on Delivery,Shipped
O003162,2025-06-26,C00808,P0006,1,0.15,371.66,Debit Card,Delivered
O003162,2025-06-26,C00808,P0143,2,0.0,459.9,UPI,Delivered
O003163,2025-10-26,C01297,P0245,1,0.0,47.65,UPI,Delivered
O003164,2025-05-15,C01017,P0022,3,0.15,90.56,Net Banking,Shipped
O003165,2025-02-11,C01182,P0194,1,0.05,337.23,Credit Card,Delivered
O003165,2025-02-11,C01182,P0180,2,0.15,129.91,UPI,Delivered
O003166,2025-01-18,C00792,P0074,2,0.0,450.93,UPI,Delivered
O003167,2025-07-14,C00442,P0185,3,0.1,147.61,UPI,Delivered
O003168,2025-08-26,C01359,P0189,2,0.1,261.61,Wallet,Shipped
O003169,2024-09-28,C00244,P0105,3,0.15,405.27,Cash on Delivery,Delivered
O003170,2024-12-19,C00405,P0147,1,0.1,485.62,Wallet,Delivered
O003171,2025-07-24,C00126,P0072,2,0.2,87.93,Credit Card,Delivered
O003172,2025-03-11,C00427,P0128,1,0.05,230.49,Cash on Delivery,Delivered
O003172,2025-03-11,C00427,P0157,2,0.15,345.28,Credit Card,Cancelled
O003173,2024-06-17,C01206,P0145,4,0.05,477.61,Debit Card,Delivered
O003174,2025-01-25,C00193,P0126,4,0.1,236.54,UPI,Shipped
O003175,2025-10-05,C00474,P0049,1,0.05,111.86,Debit Card,Processing
O003176,2025-08-16,C00776,P0163,2,0.1,441.34,UPI,Processing
O003176,2025-08-16,C00776,P0166,2,0.05,333.1,UPI,Delivered
O003177,2026-01-11,C01416,P0004,1,0.05,219.68,Credit Card,Delivered
O003178,2026-03-17,C00457,P0056,1,0.3,368.78,Wallet,Processing
O003178,2026-03-17,C00457,P0167,1,0.05,453.73,Net Banking,Delivered
O003179,2025-03-07,C00629,P0034,1,0.15,444.01,Debit Card,Delivered
O003179,2025-03-07,C00629,P0139,1,0.15,369.01,Wallet,Processing
O003179,2025-03-07,C00629,P0032,2,0.2,215.1,Debit Card,Cancelled
O003180,2025-04-08,C00787,P0020,1,0.2,413.96,Credit Card,Delivered
O003181,2024-04-14,C00362,P0080,1,0.0,101.46,UPI,Shipped
O003182,2024-07-17,C01356,P0114,1,0.2,53.14,Net Banking,Cancelled
O003183,2024-04-08,C00354,P0109,1,0.2,411.97,UPI,Shipped
O003184,2025-03-21,C00305,P0151,3,0.1,44.6,Net Banking,Shipped
O003185,2024-08-29,C00708,P0205,2,0.15,57.15,Cash on Delivery,Delivered
O003186,2026-03-04,C00565,P0121,1,0.15,335.35,UPI,Delivered
O003187,2024-07-13,C00713,P0182,1,0.0,250.46,Credit Card,Delivered
O003187,2024-07-13,C00713,P0078,1,0.1,327.47,Credit Card,Processing
O003188,2026-02-16,C00878,P0168,1,0.15,162.67,Credit Card,Delivered
O003188,2026-02-16,C00878,P0198,2,0.15,454.41,UPI,Shipped
O003189,2024-09-04,C00320,P0014,1,0.0,483.43,UPI,Delivered
O003190,2024-07-19,C00562,P0206,2,0.1,124.21,Credit Card,Delivered
O003190,2024-07-19,C00562,P0196,4,0.25,429.0,Credit Card,Delivered
O003191,2025-02-07,C00644,P0248,2,0.0,426.42,UPI,Delivered
O003191,2025-02-07,C00644,P0204,2,0.15,315.93,UPI,Processing
O003192,2025-04-17,C00744,P0034,1,0.1,341.86,Credit Card,Processing
O003192,2025-04-17,C00744,P0242,1,0.1,167.3,Cash on Delivery,Processing
O003192,2025-04-17,C00744,P0036,1,0.2,496.33,Debit Card,Delivered
O003193,2024-08-21,C01043,P0188,1,0.2,281.61,UPI,Processing
O003194,2024-07-30,C00444,P0148,2,0.15,497.14,Credit Card,Delivered
O003194,2024-07-30,C00444,P0044,2,0.1,375.01,UPI,Cancelled
O003194,2024-07-30,C00444,P0178,2,0.05,427.57,Wallet,Delivered
O003195,2024-11-10,C01154,P0035,3,0.0,452.5,Debit Card,Delivered
O003195,2024-11-10,C01154,P0058,1,0.25,248.5,Cash on Delivery,Processing
O003196,2024-05-16,C00784,P0246,1,0.15,364.04,Credit Card,Delivered
O003197,2025-02-07,C01295,P0133,1,0.05,142.79,Credit Card,Delivered
O003198,2026-03-03,C00451,P0005,2,0.0,495.09,Debit Card,Shipped
O003198,2026-03-03,C00451,P0138,1,0.25,275.26,Net Banking,Delivered
O003199,2026-02-22,C01251,P0067,1,0.15,416.07,Debit Card,Delivered
O003200,2026-02-22,C01378,P0050,2,0.2,225.04,Net Banking,Delivered
O003200,2026-02-22,C01378,P0210,1,0.1,368.17,UPI,Delivered
O003201,2026-02-25,C00647,P0068,1,0.05,91.58,Net Banking,Cancelled
O003202,2025-02-12,C00235,P0119,4,0.0,356.16,Credit Card,Delivered
O003202,2025-02-12,C00235,P0028,1,0.0,459.63,UPI,Processing
O003203,2025-10-06,C00854,P0234,1,0.05,211.97,UPI,Delivered
O003204,2024-11-11,C01088,P0029,2,0.1,476.47,Wallet,Processing
O003205,2025-01-11,C01140,P0143,1,0.2,199.35,Credit Card,Delivered
O003205,2025-01-11,C01140,P0232,1,0.25,323.76,UPI,Cancelled
O003205,2025-01-11,C01140,P0191,2,0.1,145.52,Debit Card,Delivered
O003206,2024-05-13,C00523,P0133,1,0.0,269.98,Debit Card,Delivered
O003206,2024-05-13,C00523,P0211,1,0.0,102.04,Cash on Delivery,Cancelled
O003207,2024-07-07,C00677,P0190,1,0.1,477.18,Cash on Delivery,Delivered
O003208,2024-10-05,C00252,P0248,2,0.1,189.73,Credit Card,Delivered
O003209,2026-02-17,C00066,P0201,2,0.25,276.3,Wallet,Shipped
O003210,2025-06-22,C00136,P0019,1,0.0,116.24,Debit Card,Delivered
O003211,2025-05-26,C00954,P0023,1,0.15,402.89,Debit Card,Cancelled
O003212,2025-03-11,C00875,P0039,1,0.2,462.33,Wallet,Processing
O003213,2025-04-16,C01029,P0250,1,0.2,159.64,UPI,Shipped
O003213,2025-04-16,C01029,P0189,2,0.2,247.5,UPI,Shipped
O003214,2024-04-17,C00079,P0085,3,0.2,39.52,UPI,Delivered
O003214,2024-04-17,C00079,P0130,1,0.1,264.37,Cash on Delivery,Delivered
O003215,2025-02-18,C01132,P0074,2,0.1,490.35,UPI,Delivered
O003216,2024-04-01,C01112,P0108,1,0.2,414.51,Wallet,Shipped
O003216,2024-04-01,C01112,P0114,1,0.15,380.24,UPI,Delivered
O003217,2026-03-17,C00476,P0039,1,0.0,355.3,Credit Card,Processing
O003218,2025-03-08,C00647,P0027,1,0.1,54.38,Credit Card,Delivered
O003219,2025-09-04,C01369,P0108,1,0.1,300.08,Credit Card,Shipped
O003220,2024-09-26,C01401,P0110,1,0.05,205.86,Net Banking,Processing
O003221,2025-12-20,C00902,P0168,1,0.05,176.01,UPI,Shipped
O003222,2025-04-09,C00933,P0097,1,0.05,254.86,Wallet,Cancelled
O003223,2024-10-22,C00466,P0214,1,0.05,213.6,Credit Card,Shipped
O003224,2025-12-12,C00540,P0231,1,0.1,419.75,Debit Card,Delivered
O003225,2024-05-30,C01500,P0187,1,0.1,89.13,Credit Card,Cancelled
O003225,2024-05-30,C01500,P0086,2,0.1,469.63,Credit Card,Cancelled
O003226,2024-12-21,C00074,P0133,1,0.0,33.84,Net Banking,Cancelled
O003226,2024-12-21,C00074,P0222,2,0.0,389.55,Wallet,Cancelled
O003226,2024-12-21,C00074,P0079,2,0.05,285.32,Wallet,Delivered
O003227,2025-02-07,C00040,P0123,1,0.3,378.0,Wallet,Shipped
O003228,2025-01-01,C00200,P0002,1,0.25,452.74,Debit Card,Delivered
O003228,2025-01-01,C00200,P0241,1,0.05,371.26,Credit Card,Delivered
O003229,2025-08-19,C00615,P0229,2,0.0,118.0,UPI,Delivered
O003230,2025-10-04,C00670,P0036,1,0.15,93.71,UPI,Delivered
O003231,2024-11-19,C00834,P0089,1,0.15,403.37,Credit Card,Delivered
O003232,2024-11-11,C01040,P0199,1,0.05,496.39,Credit Card,Delivered
O003233,2025-12-06,C01091,P0250,2,0.05,92.41,UPI,Delivered
O003233,2025-12-06,C01091,P0147,1,0.15,389.17,Net Banking,Cancelled
O003234,2025-04-11,C00059,P0198,1,0.25,74.69,Credit Card,Delivered
O003235,2025-08-10,C01466,P0083,3,0.05,340.05,UPI,Cancelled
O003236,2024-04-11,C00156,P0097,1,0.15,333.7,UPI,Processing
O003236,2024-04-11,C00156,P0208,1,0.05,470.02,Net Banking,Cancelled
O003237,2025-06-14,C01217,P0012,2,0.05,238.1,UPI,Delivered
O003238,2024-08-07,C01401,P0017,1,0.05,319.45,Credit Card,Delivered
O003239,2024-05-02,C01304,P0146,1,0.1,276.63,Wallet,Processing
O003240,2025-02-05,C01013,P0100,1,0.15,224.41,UPI,Delivered
O003241,2025-09-20,C00117,P0063,2,0.2,46.6,UPI,Processing
O003241,2025-09-20,C00117,P0046,1,0.1,432.65,Wallet,Delivered
O003242,2026-03-10,C01186,P0014,1,0.1,341.19,UPI,Delivered
O003242,2026-03-10,C01186,P0064,1,0.0,441.09,Cash on Delivery,Delivered
O003243,2025-07-28,C01356,P0243,1,0.05,108.42,Credit Card,Delivered
O003243,2025-07-28,C01356,P0014,1,0.1,394.57,UPI,Shipped
O003243,2025-07-28,C01356,P0105,1,0.0,164.89,Net Banking,Shipped
O003244,2024-12-05,C00374,P0224,1,0.15,184.87,Net Banking,Cancelled
O003244,2024-12-05,C00374,P0221,1,0.0,254.44,Credit Card,Delivered
O003244,2024-12-05,C00374,P0033,1,0.25,165.66,Wallet,Delivered
O003245,2025-10-07,C00078,P0173,1,0.1,132.06,Wallet,Cancelled
O003245,2025-10-07,C00078,P0133,1,0.15,437.89,Net Banking,Delivered
O003246,2025-12-28,C00236,P0245,2,0.1,204.54,Net Banking,Cancelled
O003247,2025-02-19,C01065,P0164,3,0.3,451.95,Cash on Delivery,Delivered
O003248,2024-10-04,C00847,P0146,2,0.2,31.91,Credit Card,Delivered
O003249,2025-03-14,C00863,P0055,2,0.0,446.05,UPI,Delivered
O003250,2024-12-11,C01036,P0216,1,0.1,283.08,Debit Card,Processing
O003250,2024-12-11,C01036,P0090,1,0.0,271.46,Debit Card,Delivered
O003251,2025-01-18,C01364,P0070,1,0.15,261.77,UPI,Delivered
O003252,2025-12-24,C01081,P0193,3,0.25,77.71,Debit Card,Delivered
O003253,2024-05-11,C00330,P0040,2,0.1,186.02,Wallet,Delivered
O003254,2025-08-12,C00349,P0187,1,0.05,113.69,Debit Card,Delivered
O003254,2025-08-12,C00349,P0136,1,0.1,42.08,UPI,Shipped
O003255,2025-01-27,C00771,P0108,1,0.05,472.32,Debit Card,Cancelled
O003256,2025-10-25,C00807,P0031,1,0.0,490.21,Wallet,Delivered
O003256,2025-10-25,C00807,P0122,1,0.3,28.23,Debit Card,Delivered
O003257,2025-06-05,C01104,P0133,1,0.05,431.53,Credit Card,Cancelled
O003258,2026-01-02,C00295,P0118,1,0.0,278.44,Cash on Delivery,Shipped
O003259,2025-10-02,C01449,P0038,1,0.05,441.99,Net Banking,Delivered
O003259,2025-10-02,C01449,P0212,3,0.15,123.31,Cash on Delivery,Shipped
O003259,2025-10-02,C01449,P0106,1,0.05,303.65,UPI,Delivered
O003260,2025-10-28,C01080,P0230,1,0.1,264.64,Credit Card,Delivered
O003261,2024-08-20,C00846,P0168,1,0.05,298.37,Cash on Delivery,Processing
O003262,2025-12-13,C00686,P0034,1,0.0,315.75,Cash on Delivery,Delivered
O003263,2025-10-21,C00047,P0146,1,0.2,451.56,Credit Card,Delivered
O003263,2025-10-21,C00047,P0147,3,0.1,344.39,UPI,Processing
O003263,2025-10-21,C00047,P0136,2,0.3,69.17,Credit Card,Processing
O003264,2024-12-13,C01025,P0166,1,0.15,113.35,Net Banking,Processing
O003264,2024-12-13,C01025,P0212,1,0.05,435.04,Debit Card,Cancelled
O003264,2024-12-13,C01025,P0152,2,0.0,315.19,Net Banking,Cancelled
O003265,2024-11-09,C00549,P0213,1,0.25,116.31,Debit Card,Processing
O003266,2025-02-25,C01332,P0184,2,0.3,36.84,Cash on Delivery,Cancelled
O003267,2025-07-14,C00923,P0233,1,0.2,76.94,UPI,Processing
O003268,2025-07-17,C01171,P0125,2,0.25,494.64,Credit Card,Delivered
O003269,2026-03-10,C00531,P0076,1,0.1,398.38,UPI,Cancelled
O003270,2024-08-27,C00816,P0122,1,0.0,250.87,UPI,Cancelled
O003271,2025-01-02,C00976,P0160,1,0.1,300.2,Cash on Delivery,Processing
O003272,2024-10-19,C00531,P0116,4,0.05,206.13,Debit Card,Cancelled
O003273,2024-09-05,C00714,P0051,3,0.15,352.74,UPI,Delivered
O003274,2025-02-06,C00265,P0139,1,0.15,137.25,Credit Card,Processing
O003274,2025-02-06,C00265,P0179,1,0.0,433.64,Debit Card,Processing
O003275,2025-07-23,C00589,P0236,2,0.0,135.84,Net Banking,Delivered
O003276,2025-06-22,C00862,P0091,1,0.05,101.61,Credit Card,Delivered
O003276,2025-06-22,C00862,P0038,1,0.05,454.32,Net Banking,Delivered
O003276,2025-06-22,C00862,P0199,1,0.1,187.09,Debit Card,Delivered
O003277,2026-03-14,C00745,P0076,1,0.15,263.46,Credit Card,Cancelled
O003278,2024-09-24,C00949,P0051,1,0.0,64.08,Credit Card,Delivered
O003279,2024-11-24,C00973,P0178,1,0.15,233.92,Wallet,Shipped
O003280,2025-05-02,C01378,P0183,1,0.05,73.48,UPI,Delivered
O003281,2025-06-22,C00442,P0063,1,0.05,370.26,Debit Card,Delivered
O003281,2025-06-22,C00442,P0013,1,0.15,427.07,Net Banking,Delivered
O003282,2025-04-03,C00107,P0159,2,0.1,424.73,Credit Card,Delivered
O003283,2024-06-06,C00409,P0172,1,0.2,352.19,Credit Card,Delivered
O003283,2024-06-06,C00409,P0152,2,0.2,342.44,Debit Card,Delivered
O003284,2024-09-09,C00870,P0053,1,0.05,300.25,Debit Card,Delivered
O003284,2024-09-09,C00870,P0246,1,0.2,289.23,Credit Card,Processing
O003285,2025-06-09,C01218,P0185,2,0.1,429.35,UPI,Delivered
O003285,2025-06-09,C01218,P0108,1,0.0,240.98,Net Banking,Shipped
O003286,2025-12-26,C00659,P0111,2,0.05,229.02,Net Banking,Processing
O003286,2025-12-26,C00659,P0249,2,0.1,52.79,Wallet,Delivered
O003287,2025-09-14,C01263,P0139,1,0.15,127.34,Debit Card,Delivered
O003288,2025-12-26,C01265,P0172,1,0.15,413.79,Net Banking,Cancelled
O003289,2026-01-19,C01190,P0203,1,0.25,428.41,UPI,Delivered
O003289,2026-01-19,C01190,P0039,1,0.0,492.88,UPI,Delivered
O003290,2025-03-16,C00357,P0136,3,0.15,313.4,UPI,Delivered
O003290,2025-03-16,C00357,P0227,3,0.05,304.81,Net Banking,Delivered
O003291,2026-01-05,C01328,P0171,2,0.05,337.03,Debit Card,Delivered
O003291,2026-01-05,C01328,P0039,1,0.05,101.23,Wallet,Delivered
O003292,2024-12-23,C00894,P0051,1,0.05,287.13,Cash on Delivery,Cancelled
O003293,2024-04-30,C00390,P0040,1,0.05,171.54,Debit Card,Processing
O003294,2024-06-08,C00853,P0138,1,0.1,206.92,Credit Card,Delivered
O003295,2025-05-28,C00564,P0053,1,0.0,268.6,Debit Card,Shipped
O003295,2025-05-28,C00564,P0087,1,0.0,470.96,Net Banking,Processing
O003295,2025-05-28,C00564,P0029,1,0.25,291.45,Net Banking,Delivered
O003296,2025-10-12,C00558,P0135,2,0.0,89.58,Net Banking,Delivered
O003297,2025-09-28,C01275,P0121,1,0.1,231.7,Cash on Delivery,Processing
O003298,2025-02-12,C01062,P0164,4,0.15,401.52,UPI,Shipped
O003299,2025-05-16,C01277,P0034,2,0.0,306.25,Credit Card,Delivered
O003300,2025-07-05,C01490,P0234,1,0.1,469.26,Cash on Delivery,Delivered
O003301,2025-06-15,C00286,P0179,1,0.0,90.83,UPI,Delivered
O003301,2025-06-15,C00286,P0140,1,0.1,150.36,Debit Card,Delivered
O003301,2025-06-15,C00286,P0105,1,0.1,26.71,UPI,Delivered
O003302,2025-01-03,C01454,P0166,1,0.2,172.3,Wallet,Cancelled
O003303,2024-11-23,C01419,P0077,1,0.05,458.31,Debit Card,Delivered
O003304,2025-04-05,C01354,P0212,2,0.15,204.35,Debit Card,Shipped
O003305,2024-10-07,C00883,P0233,2,0.1,244.28,Debit Card,Delivered
O003306,2024-06-20,C00262,P0056,1,0.2,332.38,UPI,Processing
O003307,2026-01-08,C00482,P0194,2,0.05,286.3,Credit Card,Cancelled
O003308,2025-11-22,C00337,P0116,2,0.2,206.48,Net Banking,Cancelled
O003309,2025-03-04,C01148,P0196,1,0.15,477.95,Cash on Delivery,Delivered
O003309,2025-03-04,C01148,P0038,1,0.0,194.47,Credit Card,Shipped
O003310,2024-08-19,C00062,P0030,1,0.15,75.02,UPI,Delivered
O003310,2024-08-19,C00062,P0224,1,0.1,139.66,UPI,Shipped
O003310,2024-08-19,C00062,P0093,1,0.1,281.16,Credit Card,Processing
O003311,2025-11-17,C00903,P0107,1,0.15,102.6,UPI,Processing
O003312,2024-11-05,C01039,P0187,1,0.05,423.31,Credit Card,Delivered
O003313,2025-05-03,C01046,P0065,2,0.0,209.12,UPI,Delivered
O003314,2026-03-04,C00076,P0068,1,0.15,428.65,Credit Card,Processing
O003315,2026-01-24,C01437,P0051,1,0.1,95.04,Credit Card,Delivered
O003316,2025-09-23,C00507,P0161,1,0.3,484.62,Wallet,Cancelled
O003316,2025-09-23,C00507,P0157,1,0.05,452.62,Debit Card,Delivered
O003316,2025-09-23,C00507,P0086,1,0.2,246.17,UPI,Shipped
O003317,2024-11-17,C00434,P0052,2,0.15,346.04,Cash on Delivery,Delivered
O003318,2025-07-04,C00243,P0098,2,0.1,119.62,Credit Card,Delivered
O003319,2025-11-13,C00716,P0074,2,0.1,134.33,Net Banking,Shipped
O003320,2025-01-04,C01269,P0165,1,0.05,488.4,Debit Card,Delivered
O003321,2024-04-14,C01136,P0030,1,0.05,411.3,UPI,Cancelled
O003321,2024-04-14,C01136,P0020,2,0.2,211.36,Credit Card,Delivered
O003321,2024-04-14,C01136,P0012,1,0.25,200.72,Credit Card,Delivered
O003322,2025-10-06,C01494,P0154,1,0.1,236.75,Credit Card,Shipped
O003322,2025-10-06,C01494,P0065,1,0.1,48.26,Net Banking,Processing
O003323,2024-05-31,C00579,P0104,2,0.15,27.04,Net Banking,Delivered
O003324,2025-07-27,C01004,P0006,2,0.15,65.43,Net Banking,Delivered
O003325,2025-06-07,C01387,P0101,2,0.1,330.03,UPI,Cancelled
O003326,2024-09-18,C00657,P0077,1,0.05,334.91,UPI,Cancelled
O003327,2024-11-12,C01286,P0048,2,0.05,421.43,Credit Card,Delivered
O003327,2024-11-12,C01286,P0123,1,0.1,274.73,UPI,Delivered
O003328,2024-08-20,C01321,P0004,1,0.0,457.21,Debit Card,Delivered
O003328,2024-08-20,C01321,P0159,1,0.1,331.41,UPI,Shipped
O003329,2025-01-13,C00208,P0106,1,0.0,428.07,Cash on Delivery,Delivered
O003330,2024-12-16,C01134,P0164,1,0.2,162.6,Cash on Delivery,Delivered
O003330,2024-12-16,C01134,P0009,1,0.05,127.32,Net Banking,Cancelled
O003331,2024-06-12,C00553,P0073,1,0.0,263.07,UPI,Shipped
O003332,2025-09-13,C00645,P0156,1,0.15,89.03,Debit Card,Delivered
O003333,2026-02-14,C00454,P0246,1,0.25,222.05,Net Banking,Processing
O003334,2024-12-26,C01046,P0159,1,0.1,439.89,Debit Card,Delivered
O003335,2024-08-12,C00524,P0079,1,0.05,76.04,Credit Card,Cancelled
O003335,2024-08-12,C00524,P0183,1,0.05,102.99,UPI,Delivered
O003336,2026-03-08,C01386,P0244,4,0.1,235.27,Debit Card,Delivered
O003337,2025-08-27,C01287,P0030,2,0.15,389.85,Cash on Delivery,Delivered
O003337,2025-08-27,C01287,P0024,1,0.2,382.46,UPI,Delivered
O003338,2025-04-29,C00550,P0051,3,0.05,245.08,UPI,Cancelled
O003339,2025-02-13,C01315,P0032,1,0.15,197.13,UPI,Delivered
O003340,2025-02-18,C00286,P0081,1,0.15,365.75,Credit Card,Cancelled
O003341,2026-03-17,C01236,P0212,1,0.05,356.79,Cash on Delivery,Delivered
O003342,2025-02-13,C00279,P0028,2,0.0,435.0,Cash on Delivery,Processing
O003342,2025-02-13,C00279,P0011,4,0.1,346.5,Wallet,Delivered
O003343,2025-07-29,C01396,P0164,1,0.05,420.51,Net Banking,Delivered
O003344,2025-04-13,C01282,P0122,2,0.05,360.76,UPI,Cancelled
O003345,2025-05-20,C01407,P0095,1,0.1,205.83,UPI,Delivered
O003345,2025-05-20,C01407,P0120,1,0.15,144.83,Net Banking,Delivered
O003346,2024-07-27,C00822,P0136,2,0.1,224.22,Debit Card,Shipped
O003346,2024-07-27,C00822,P0243,2,0.15,482.96,Credit Card,Delivered
O003347,2024-04-19,C00312,P0068,1,0.1,158.22,Credit Card,Cancelled
O003348,2025-03-05,C01222,P0207,1,0.0,228.28,Debit Card,Delivered
O003349,2024-04-16,C01282,P0164,1,0.0,420.63,UPI,Shipped
O003349,2024-04-16,C01282,P0044,2,0.2,451.5,Credit Card,Delivered
O003350,2025-09-07,C00259,P0027,1,0.2,176.12,UPI,Delivered
O003350,2025-09-07,C00259,P0101,3,0.15,29.67,Credit Card,Delivered
O003351,2025-10-04,C01285,P0046,1,0.1,66.1,UPI,Shipped
O003351,2025-10-04,C01285,P0128,1,0.25,155.17,UPI,Cancelled
O003352,2024-12-21,C01291,P0182,1,0.15,479.58,UPI,Delivered
O003352,2024-12-21,C01291,P0020,3,0.15,415.53,UPI,Cancelled
O003353,2026-02-24,C00956,P0136,1,0.15,146.3,Debit Card,Delivered
O003354,2025-06-23,C01428,P0149,1,0.0,355.43,Wallet,Shipped
O003355,2026-02-18,C00999,P0117,1,0.1,352.48,Debit Card,Delivered
O003356,2025-12-15,C01227,P0027,1,0.1,471.65,Cash on Delivery,Processing
O003357,2025-04-22,C00306,P0138,1,0.1,76.93,UPI,Delivered
O003358,2024-09-06,C00742,P0027,1,0.25,389.53,Wallet,Delivered
O003359,2024-11-09,C00505,P0128,1,0.05,243.43,UPI,Delivered
O003360,2025-03-17,C00971,P0215,1,0.05,494.78,Cash on Delivery,Delivered
O003361,2024-12-29,C00034,P0225,1,0.05,65.78,UPI,Delivered
O003362,2025-04-29,C00936,P0219,1,0.0,183.3,UPI,Processing
O003363,2024-06-24,C00508,P0009,2,0.15,173.35,Cash on Delivery,Delivered
O003364,2024-05-31,C00814,P0140,1,0.2,406.82,Wallet,Delivered
O003365,2024-04-05,C01429,P0012,2,0.05,338.95,Net Banking,Processing
O003366,2026-03-03,C00973,P0249,1,0.15,376.06,Debit Card,Delivered
O003367,2025-05-04,C00350,P0078,1,0.1,270.64,Cash on Delivery,Processing
O003367,2025-05-04,C00350,P0187,3,0.05,426.23,Cash on Delivery,Shipped
O003368,2025-10-11,C01007,P0175,1,0.2,470.59,Credit Card,Processing
O003368,2025-10-11,C01007,P0228,2,0.15,454.83,UPI,Delivered
O003368,2025-10-11,C01007,P0003,1,0.0,68.15,UPI,Shipped
O003369,2025-07-18,C00341,P0003,1,0.1,288.33,Credit Card,Delivered
O003369,2025-07-18,C00341,P0250,1,0.1,402.33,UPI,Cancelled
O003370,2024-05-02,C00243,P0194,1,0.15,83.44,UPI,Delivered
O003371,2025-01-05,C00441,P0173,1,0.05,84.04,Debit Card,Processing
O003371,2025-01-05,C00441,P0009,2,0.1,25.43,UPI,Cancelled
O003371,2025-01-05,C00441,P0005,2,0.2,199.35,UPI,Shipped
O003372,2024-08-27,C00118,P0164,2,0.05,317.52,Debit Card,Delivered
O003372,2024-08-27,C00118,P0033,1,0.0,212.47,UPI,Delivered
O003373,2025-08-06,C01109,P0038,2,0.15,271.89,Debit Card,Delivered
O003374,2025-03-25,C01269,P0143,1,0.15,396.24,Net Banking,Processing
O003375,2025-10-28,C00341,P0061,2,0.1,79.9,Credit Card,Delivered
O003376,2024-09-27,C01319,P0032,1,0.1,274.67,Wallet,Cancelled
O003376,2024-09-27,C01319,P0210,1,0.0,330.23,Net Banking,Delivered
O003377,2024-07-18,C00597,P0215,3,0.25,277.69,UPI,Delivered
O003377,2024-07-18,C00597,P0078,2,0.15,388.79,UPI,Shipped
O003377,2024-07-18,C00597,P0232,2,0.05,78.58,Credit Card,Delivered
O003378,2025-08-21,C00576,P0167,1,0.25,328.27,UPI,Shipped
O003379,2025-01-02,C01084,P0194,1,0.2,286.33,Net Banking,Cancelled
O003380,2024-10-14,C01260,P0054,2,0.05,245.83,Net Banking,Cancelled
O003381,2025-07-26,C00036,P0038,1,0.15,192.52,UPI,Delivered
O003382,2025-10-08,C00183,P0112,2,0.1,262.66,UPI,Cancelled
O003383,2025-07-14,C01015,P0153,1,0.05,167.68,Debit Card,Delivered
O003383,2025-07-14,C01015,P0217,1,0.1,138.76,Net Banking,Cancelled
O003383,2025-07-14,C01015,P0092,1,0.2,372.64,Cash on Delivery,Delivered
O003384,2025-10-16,C00257,P0241,2,0.0,308.12,Debit Card,Cancelled
O003385,2024-06-28,C00901,P0014,1,0.2,101.4,Debit Card,Processing
O003386,2025-01-16,C01332,P0009,4,0.15,236.3,Wallet,Delivered
O003387,2026-03-30,C00351,P0154,2,0.0,392.19,Wallet,Delivered
O003388,2024-08-05,C00862,P0166,2,0.1,480.37,UPI,Delivered
O003389,2025-10-16,C00599,P0157,2,0.05,139.85,Net Banking,Processing
O003390,2024-09-30,C00985,P0231,2,0.0,306.66,UPI,Shipped
O003391,2026-03-02,C00400,P0059,1,0.1,491.13,Cash on Delivery,Delivered
O003392,2025-09-21,C01310,P0215,2,0.15,92.9,Cash on Delivery,Delivered
O003392,2025-09-21,C01310,P0157,3,0.0,127.24,UPI,Delivered
O003392,2025-09-21,C01310,P0151,1,0.0,302.43,Debit Card,Delivered
O003393,2026-01-03,C00621,P0095,1,0.15,103.88,Debit Card,Delivered
O003394,2025-07-24,C00923,P0149,1,0.15,347.47,Cash on Delivery,Delivered
O003395,2024-05-08,C00347,P0002,1,0.2,185.65,Cash on Delivery,Delivered
O003396,2024-11-01,C00889,P0071,1,0.2,463.02,Credit Card,Delivered
O003396,2024-11-01,C00889,P0134,1,0.05,210.58,Credit Card,Delivered
O003397,2024-08-21,C00283,P0197,1,0.0,120.42,Credit Card,Delivered
O003398,2025-10-18,C01404,P0106,1,0.05,253.45,UPI,Processing
O003399,2024-04-19,C00004,P0221,1,0.15,131.06,Credit Card,Cancelled
O003400,2025-09-14,C00557,P0076,3,0.3,80.97,Credit Card,Delivered
O003400,2025-09-14,C00557,P0055,1,0.1,412.5,Wallet,Shipped
O003401,2025-09-02,C01016,P0215,2,0.05,170.77,UPI,Cancelled
O003402,2024-08-22,C00651,P0071,1,0.0,108.21,Credit Card,Delivered
O003402,2024-08-22,C00651,P0175,3,0.05,308.33,Cash on Delivery,Delivered
O003403,2024-06-08,C01258,P0206,2,0.05,398.01,UPI,Delivered
O003403,2024-06-08,C01258,P0242,1,0.1,309.36,UPI,Processing
O003403,2024-06-08,C01258,P0076,2,0.05,89.51,Credit Card,Cancelled
O003404,2025-03-13,C01327,P0143,1,0.1,108.79,UPI,Delivered
O003404,2025-03-13,C01327,P0197,1,0.0,315.22,Net Banking,Delivered
O003405,2025-09-01,C01339,P0250,1,0.15,334.96,UPI,Processing
O003406,2025-07-03,C01481,P0160,1,0.1,341.09,Debit Card,Delivered
O003407,2025-11-25,C00787,P0012,1,0.05,271.91,UPI,Delivered
O003408,2024-06-22,C00981,P0118,1,0.1,458.58,Net Banking,Shipped
O003408,2024-06-22,C00981,P0012,1,0.1,133.54,Cash on Delivery,Delivered
O003409,2025-07-25,C00799,P0228,1,0.1,343.55,Wallet,Delivered
O003409,2025-07-25,C00799,P0054,1,0.2,143.5,UPI,Delivered
O003410,2026-02-13,C00280,P0114,1,0.0,369.01,Debit Card,Delivered
O003410,2026-02-13,C00280,P0196,1,0.1,390.73,Debit Card,Delivered
O003410,2026-02-13,C00280,P0097,1,0.0,468.34,Debit Card,Delivered
O003411,2025-09-27,C00461,P0155,1,0.1,460.08,Cash on Delivery,Cancelled
O003412,2026-03-28,C00421,P0103,1,0.1,438.0,Credit Card,Processing
O003412,2026-03-28,C00421,P0174,1,0.1,207.32,Cash on Delivery,Processing
O003413,2025-04-13,C01329,P0200,1,0.05,199.04,UPI,Delivered
O003413,2025-04-13,C01329,P0232,4,0.05,311.38,Net Banking,Cancelled
O003414,2025-06-08,C00259,P0025,1,0.15,310.65,Credit Card,Processing
O003415,2025-10-14,C00231,P0218,1,0.0,102.26,Debit Card,Cancelled
O003415,2025-10-14,C00231,P0166,1,0.15,329.06,Credit Card,Delivered
O003416,2024-08-09,C00974,P0056,1,0.05,233.95,Credit Card,Cancelled
O003416,2024-08-09,C00974,P0173,2,0.05,296.69,UPI,Cancelled
O003416,2024-08-09,C00974,P0017,2,0.05,79.56,UPI,Shipped
O003417,2025-06-06,C00364,P0095,1,0.2,408.12,Cash on Delivery,Delivered
O003417,2025-06-06,C00364,P0069,1,0.2,193.63,UPI,Processing
O003418,2025-03-26,C00732,P0228,1,0.1,456.3,UPI,Delivered
O003418,2025-03-26,C00732,P0051,4,0.15,313.17,Wallet,Delivered
O003418,2025-03-26,C00732,P0087,2,0.2,362.13,Cash on Delivery,Shipped
O003419,2025-11-25,C01258,P0044,1,0.05,117.54,Debit Card,Delivered
O003420,2024-12-29,C00842,P0004,1,0.05,338.08,Wallet,Cancelled
O003420,2024-12-29,C00842,P0237,2,0.1,403.03,Net Banking,Delivered
O003421,2025-11-08,C00602,P0030,2,0.1,294.66,UPI,Delivered
O003421,2025-11-08,C00602,P0186,2,0.15,140.28,Credit Card,Delivered
O003422,2024-08-05,C01406,P0085,1,0.05,90.47,UPI,Delivered
O003423,2024-06-26,C01433,P0245,1,0.15,364.99,UPI,Cancelled
O003424,2024-12-01,C00428,P0232,1,0.1,274.39,UPI,Cancelled
O003424,2024-12-01,C00428,P0125,2,0.1,202.92,Cash on Delivery,Shipped
O003425,2024-05-17,C01310,P0005,2,0.15,32.51,Cash on Delivery,Shipped
O003425,2024-05-17,C01310,P0100,2,0.0,422.19,UPI,Shipped
O003426,2025-11-28,C00377,P0249,1,0.0,111.34,Cash on Delivery,Delivered
O003426,2025-11-28,C00377,P0144,2,0.15,216.61,Cash on Delivery,Shipped
O003426,2025-11-28,C00377,P0121,1,0.1,80.7,Cash on Delivery,Processing
O003427,2024-10-07,C01032,P0193,3,0.1,494.19,Wallet,Delivered
O003428,2025-08-29,C00866,P0120,2,0.05,376.72,Credit Card,Delivered
O003429,2025-08-19,C01133,P0110,1,0.05,264.5,Credit Card,Delivered
O003430,2025-10-01,C01411,P0097,1,0.0,455.44,Debit Card,Delivered
O003431,2025-01-15,C00345,P0026,1,0.05,451.89,UPI,Delivered
O003432,2026-02-04,C00454,P0100,3,0.1,81.96,UPI,Delivered
O003433,2025-03-12,C01192,P0098,1,0.0,239.95,UPI,Cancelled
O003433,2025-03-12,C01192,P0163,1,0.2,295.16,UPI,Processing
O003434,2025-11-30,C01301,P0140,1,0.05,235.41,Credit Card,Cancelled
O003435,2025-12-28,C00946,P0106,2,0.1,189.17,Net Banking,Delivered
O003436,2024-09-23,C00599,P0023,3,0.2,477.68,Debit Card,Processing
O003437,2025-05-28,C00364,P0157,1,0.05,297.56,UPI,Processing
O003438,2025-02-27,C00856,P0173,2,0.1,176.29,Credit Card,Shipped
O003439,2026-03-19,C00373,P0077,1,0.1,56.68,Net Banking,Cancelled
O003440,2024-09-17,C01026,P0164,1,0.0,166.13,Debit Card,Delivered
O003441,2024-04-21,C00269,P0058,1,0.1,250.29,UPI,Delivered
O003441,2024-04-21,C00269,P0234,1,0.1,335.35,UPI,Delivered
O003442,2024-09-15,C01259,P0227,1,0.05,356.75,UPI,Delivered
O003443,2026-01-05,C00106,P0049,1,0.1,302.48,UPI,Delivered
O003443,2026-01-05,C00106,P0193,1,0.0,234.88,UPI,Delivered
O003444,2024-12-24,C00670,P0034,1,0.1,235.73,Debit Card,Cancelled
O003445,2026-01-03,C00695,P0214,1,0.2,224.82,Debit Card,Delivered
O003445,2026-01-03,C00695,P0119,1,0.0,264.91,Net Banking,Processing
O003446,2026-02-01,C01297,P0084,1,0.0,446.52,Debit Card,Processing
O003447,2024-07-17,C00222,P0051,2,0.05,104.67,Wallet,Delivered
O003448,2025-12-12,C00351,P0204,2,0.05,366.83,Credit Card,Delivered
O003449,2024-08-04,C00477,P0250,1,0.15,86.21,Credit Card,Shipped
O003450,2024-05-10,C00211,P0011,4,0.15,401.18,Credit Card,Delivered
O003451,2025-02-01,C00127,P0134,2,0.05,327.04,Net Banking,Processing
O003451,2025-02-01,C00127,P0105,1,0.2,49.49,Cash on Delivery,Delivered
O003451,2025-02-01,C00127,P0167,1,0.15,84.46,Credit Card,Delivered
O003452,2024-04-27,C00325,P0242,2,0.15,453.01,Debit Card,Cancelled
O003453,2026-01-24,C00741,P0053,1,0.05,190.94,UPI,Delivered
O003454,2024-04-05,C00592,P0199,1,0.2,486.72,Debit Card,Delivered
O003454,2024-04-05,C00592,P0243,1,0.1,288.78,Cash on Delivery,Processing
O003455,2025-05-03,C01478,P0099,1,0.1,169.73,Credit Card,Delivered
O003456,2025-10-27,C00963,P0047,1,0.1,209.57,Debit Card,Delivered
O003457,2025-03-04,C00673,P0021,1,0.15,335.15,Credit Card,Cancelled
O003458,2025-12-20,C00510,P0210,1,0.1,437.53,UPI,Delivered
O003458,2025-12-20,C00510,P0163,1,0.15,276.69,UPI,Delivered
O003459,2024-07-22,C00375,P0053,2,0.1,271.16,Net Banking,Delivered
O003460,2025-10-19,C00460,P0057,1,0.1,54.91,Debit Card,Delivered
O003461,2025-04-29,C00814,P0250,2,0.15,169.6,Credit Card,Delivered
O003462,2026-01-18,C00321,P0003,1,0.15,367.44,Cash on Delivery,Delivered
O003463,2025-01-16,C00144,P0171,2,0.15,57.06,Net Banking,Delivered
O003463,2025-01-16,C00144,P0227,1,0.05,386.11,UPI,Shipped
O003464,2024-10-03,C01137,P0052,1,0.1,258.03,Credit Card,Delivered
O003464,2024-10-03,C01137,P0091,1,0.15,221.03,UPI,Delivered
O003465,2024-10-17,C00341,P0171,1,0.15,313.15,UPI,Delivered
O003466,2025-03-25,C00761,P0037,1,0.15,41.95,Credit Card,Delivered
O003467,2025-09-14,C00431,P0134,1,0.1,406.41,Debit Card,Delivered
O003467,2025-09-14,C00431,P0118,1,0.05,411.14,Debit Card,Cancelled
O003468,2024-05-13,C00692,P0120,1,0.0,410.38,Debit Card,Processing
O003468,2024-05-13,C00692,P0093,1,0.0,66.77,Credit Card,Delivered
O003469,2025-10-21,C01373,P0205,1,0.1,366.06,Credit Card,Delivered
O003470,2025-08-31,C01043,P0181,1,0.05,367.5,Net Banking,Delivered
O003471,2025-02-11,C01240,P0146,1,0.15,383.84,Credit Card,Delivered
O003472,2026-01-23,C00727,P0075,1,0.2,107.99,Debit Card,Delivered
O003473,2024-11-03,C00088,P0223,1,0.1,71.43,Debit Card,Delivered
O003474,2024-09-27,C00653,P0149,1,0.15,214.01,Credit Card,Delivered
O003475,2024-06-04,C00671,P0016,1,0.1,361.1,Debit Card,Delivered
O003475,2024-06-04,C00671,P0116,2,0.1,375.0,Debit Card,Delivered
O003476,2024-10-07,C01352,P0029,1,0.1,319.4,UPI,Cancelled
O003477,2025-12-14,C00057,P0044,1,0.2,316.46,Wallet,Delivered
O003478,2026-03-16,C01267,P0105,1,0.15,101.29,UPI,Processing
O003478,2026-03-16,C01267,P0222,1,0.15,196.31,Net Banking,Delivered
O003478,2026-03-16,C01267,P0158,1,0.1,231.95,Wallet,Shipped
O003479,2025-04-06,C00222,P0146,1,0.15,30.49,UPI,Delivered
O003480,2025-10-04,C00104,P0036,1,0.0,447.15,Wallet,Processing
O003481,2026-01-01,C00921,P0185,1,0.3,107.53,UPI,Shipped
O003481,2026-01-01,C00921,P0193,1,0.1,293.35,Debit Card,Shipped
O003482,2025-07-14,C00434,P0214,1,0.1,228.53,Credit Card,Delivered
O003483,2026-03-03,C00558,P0181,4,0.25,461.07,UPI,Delivered
O003484,2024-05-25,C00557,P0012,1,0.15,462.87,UPI,Shipped
O003484,2024-05-25,C00557,P0050,3,0.05,488.39,Cash on Delivery,Delivered
O003485,2024-11-12,C00708,P0097,1,0.05,25.02,Credit Card,Delivered
O003486,2025-07-27,C00820,P0089,3,0.1,77.68,Net Banking,Delivered
O003487,2025-02-27,C00775,P0120,1,0.15,456.22,UPI,Delivered
O003488,2026-01-26,C00220,P0001,3,0.0,96.81,Cash on Delivery,Delivered
O003489,2025-12-17,C01282,P0221,1,0.05,97.4,Cash on Delivery,Delivered
O003490,2024-10-25,C00142,P0137,2,0.2,212.89,Debit Card,Processing
O003491,2025-10-25,C00201,P0082,1,0.15,365.63,Credit Card,Shipped
O003492,2025-10-09,C00692,P0026,1,0.1,433.91,Credit Card,Shipped
O003493,2025-03-21,C00443,P0065,1,0.1,204.35,UPI,Delivered
O003494,2024-04-26,C00956,P0179,1,0.15,422.62,Debit Card,Shipped
O003495,2024-10-24,C01485,P0246,2,0.1,94.22,UPI,Processing
O003496,2025-11-20,C01173,P0186,1,0.05,78.15,UPI,Shipped
O003496,2025-11-20,C01173,P0112,2,0.0,140.71,Credit Card,Processing
O003497,2026-01-01,C00743,P0056,2,0.05,325.98,UPI,Delivered
O003498,2024-09-13,C00175,P0052,1,0.0,190.75,Net Banking,Delivered
O003498,2024-09-13,C00175,P0196,1,0.1,135.25,Credit Card,Cancelled
O003499,2025-11-06,C00162,P0086,1,0.1,62.45,Debit Card,Delivered
O003499,2025-11-06,C00162,P0140,1,0.1,31.26,UPI,Processing
O003500,2025-03-06,C00148,P0172,2,0.0,237.86,Debit Card,Delivered
O003501,2025-08-13,C01445,P0132,1,0.05,100.23,UPI,Processing
O003502,2025-01-25,C01065,P0096,2,0.15,312.1,Cash on Delivery,Delivered
O003503,2024-09-11,C00331,P0178,1,0.1,460.18,UPI,Delivered
O003503,2024-09-11,C00331,P0131,1,0.1,473.8,UPI,Delivered
O003504,2024-11-04,C01215,P0064,1,0.0,224.17,UPI,Shipped
O003504,2024-11-04,C01215,P0028,1,0.15,493.95,Net Banking,Shipped
O003505,2025-04-02,C01085,P0226,1,0.1,344.28,UPI,Delivered
O003506,2024-07-29,C00741,P0157,2,0.05,317.9,Debit Card,Shipped
O003507,2024-05-13,C01025,P0234,1,0.05,424.84,Credit Card,Shipped
O003507,2024-05-13,C01025,P0161,1,0.05,228.99,Cash on Delivery,Delivered
O003507,2024-05-13,C01025,P0228,2,0.15,170.63,Credit Card,Delivered
O003508,2024-10-20,C01210,P0205,1,0.05,408.73,Credit Card,Delivered
O003509,2024-06-15,C01352,P0002,2,0.1,454.64,Debit Card,Delivered
O003510,2025-08-12,C01417,P0250,1,0.05,470.98,UPI,Cancelled
O003511,2025-02-18,C00454,P0169,3,0.1,223.07,UPI,Cancelled
O003512,2024-10-30,C00710,P0079,1,0.1,230.28,UPI,Delivered
O003512,2024-10-30,C00710,P0165,2,0.1,398.7,Debit Card,Cancelled
O003513,2025-04-20,C00824,P0195,2,0.15,270.98,Credit Card,Delivered
O003513,2025-04-20,C00824,P0011,1,0.0,451.55,UPI,Shipped
O003514,2025-11-25,C00862,P0095,1,0.15,413.66,Wallet,Delivered
O003514,2025-11-25,C00862,P0184,1,0.0,486.71,Credit Card,Delivered
O003514,2025-11-25,C00862,P0053,2,0.15,271.59,Cash on Delivery,Processing
O003515,2025-09-17,C00127,P0125,1,0.1,400.11,Credit Card,Processing
O003516,2024-04-14,C01458,P0145,1,0.1,324.32,Cash on Delivery,Delivered
O003516,2024-04-14,C01458,P0108,2,0.15,156.67,UPI,Delivered
O003517,2025-05-19,C01024,P0060,1,0.2,220.92,Credit Card,Delivered
O003517,2025-05-19,C01024,P0072,2,0.0,342.97,Wallet,Cancelled
O003517,2025-05-19,C01024,P0088,4,0.1,396.06,UPI,Delivered
O003518,2024-07-27,C00560,P0049,1,0.05,467.49,UPI,Delivered
O003519,2026-03-26,C00444,P0043,1,0.1,316.01,Debit Card,Delivered
O003520,2024-09-20,C00105,P0035,1,0.0,478.84,Cash on Delivery,Delivered
O003521,2025-04-11,C00118,P0243,2,0.05,327.58,Credit Card,Delivered
O003522,2025-09-06,C00969,P0063,1,0.05,376.3,UPI,Cancelled
O003523,2024-11-07,C01171,P0110,2,0.15,71.72,Credit Card,Delivered
O003524,2025-08-09,C00727,P0211,3,0.1,451.08,UPI,Delivered
O003525,2024-12-26,C00758,P0194,2,0.2,241.38,Wallet,Shipped
O003525,2024-12-26,C00758,P0049,1,0.2,383.26,Debit Card,Delivered
O003526,2024-12-08,C01216,P0038,1,0.1,375.13,UPI,Delivered
O003527,2025-10-04,C00744,P0100,1,0.1,494.44,Debit Card,Cancelled
O003528,2025-04-18,C00913,P0144,1,0.25,203.89,Cash on Delivery,Processing
O003529,2025-06-22,C00511,P0202,1,0.2,445.36,Debit Card,Cancelled
O003530,2024-05-15,C01252,P0198,1,0.1,343.96,Debit Card,Cancelled
O003531,2024-04-05,C00940,P0113,2,0.25,82.47,Credit Card,Cancelled
O003532,2024-04-12,C00760,P0189,4,0.05,186.87,Net Banking,Delivered
O003532,2024-04-12,C00760,P0096,1,0.1,32.12,Credit Card,Delivered
O003532,2024-04-12,C00760,P0218,1,0.15,79.66,UPI,Delivered
O003533,2025-10-31,C00455,P0073,1,0.15,182.3,Cash on Delivery,Delivered
O003534,2025-01-30,C01004,P0113,1,0.0,344.53,Net Banking,Shipped
O003535,2025-09-01,C00148,P0117,1,0.1,266.79,Credit Card,Cancelled
O003535,2025-09-01,C00148,P0125,1,0.1,338.65,Credit Card,Delivered
O003536,2024-10-21,C00731,P0216,1,0.15,476.63,Credit Card,Cancelled
O003537,2024-10-09,C00962,P0120,1,0.0,438.3,Net Banking,Delivered
O003538,2026-02-06,C00211,P0021,1,0.15,485.21,Credit Card,Delivered
O003539,2025-07-14,C00789,P0087,1,0.1,323.82,Net Banking,Processing
O003540,2025-11-12,C00529,P0016,1,0.1,433.34,Debit Card,Delivered
O003541,2026-02-22,C00136,P0174,1,0.15,168.85,UPI,Delivered
O003541,2026-02-22,C00136,P0212,1,0.25,215.79,UPI,Delivered
O003542,2025-06-24,C00448,P0057,1,0.05,432.94,UPI,Delivered
O003543,2025-09-16,C01428,P0234,1,0.15,265.75,Credit Card,Delivered
O003543,2025-09-16,C01428,P0131,3,0.15,296.42,UPI,Processing
O003544,2025-10-06,C00686,P0184,1,0.15,397.45,Credit Card,Shipped
O003545,2024-08-02,C00421,P0229,2,0.0,460.26,UPI,Shipped
O003546,2024-06-21,C00504,P0094,1,0.0,48.87,Cash on Delivery,Delivered
O003546,2024-06-21,C00504,P0197,2,0.25,444.82,Net Banking,Delivered
O003547,2024-10-14,C00876,P0040,1,0.15,418.4,Wallet,Delivered
O003547,2024-10-14,C00876,P0102,1,0.0,472.65,UPI,Delivered
O003548,2025-04-03,C00768,P0130,1,0.2,337.07,Credit Card,Delivered
O003549,2025-05-07,C00535,P0206,1,0.1,56.19,Credit Card,Delivered
O003549,2025-05-07,C00535,P0245,1,0.1,40.97,Net Banking,Delivered
O003550,2024-07-19,C00544,P0195,1,0.15,495.7,UPI,Shipped
O003550,2024-07-19,C00544,P0168,1,0.05,488.39,UPI,Delivered
O003551,2025-03-08,C00692,P0111,2,0.1,232.55,Cash on Delivery,Processing
O003551,2025-03-08,C00692,P0096,1,0.1,110.7,UPI,Delivered
O003552,2024-09-18,C00897,P0080,2,0.2,261.37,Wallet,Delivered
O003553,2024-05-11,C01169,P0002,3,0.05,312.69,Net Banking,Delivered
O003554,2024-05-16,C01026,P0250,1,0.15,467.2,Credit Card,Shipped
O003554,2024-05-16,C01026,P0013,2,0.1,313.71,UPI,Delivered
O003555,2025-09-10,C00411,P0127,1,0.15,101.6,Cash on Delivery,Delivered
O003556,2024-11-03,C00987,P0086,1,0.0,338.45,UPI,Delivered
O003557,2025-07-10,C00262,P0088,3,0.1,54.27,UPI,Delivered
O003557,2025-07-10,C00262,P0047,1,0.25,105.18,UPI,Delivered
O003558,2024-08-03,C00513,P0062,2,0.3,130.23,UPI,Delivered
O003559,2024-10-29,C00461,P0223,1,0.05,31.67,Cash on Delivery,Processing
O003559,2024-10-29,C00461,P0093,1,0.2,253.66,Debit Card,Delivered
O003560,2025-11-12,C01217,P0053,1,0.0,281.11,Credit Card,Cancelled
O003561,2024-10-10,C00325,P0149,1,0.0,306.19,Debit Card,Delivered
O003562,2025-07-18,C01361,P0160,2,0.0,158.49,Debit Card,Delivered
O003563,2024-06-29,C01146,P0129,2,0.1,129.2,Net Banking,Delivered
O003563,2024-06-29,C01146,P0004,1,0.1,121.33,Credit Card,Delivered
O003564,2024-11-22,C00171,P0100,1,0.1,414.23,UPI,Delivered
O003565,2024-06-22,C00489,P0121,3,0.2,384.7,Debit Card,Processing
O003565,2024-06-22,C00489,P0172,2,0.1,274.81,Cash on Delivery,Delivered
O003566,2025-10-18,C00467,P0050,2,0.1,492.3,Debit Card,Delivered
O003567,2024-08-04,C01393,P0074,1,0.2,78.09,Debit Card,Processing
O003567,2024-08-04,C01393,P0237,1,0.1,105.3,Credit Card,Delivered
O003568,2024-10-02,C01326,P0159,3,0.1,116.05,Credit Card,Delivered
O003569,2025-04-04,C00856,P0018,1,0.05,438.12,UPI,Processing
O003569,2025-04-04,C00856,P0186,1,0.2,194.47,Debit Card,Delivered
O003570,2025-02-21,C01385,P0137,2,0.05,415.25,Credit Card,Delivered
O003571,2024-10-10,C01393,P0127,1,0.2,366.51,UPI,Cancelled
O003571,2024-10-10,C01393,P0121,1,0.0,190.38,UPI,Cancelled
O003572,2026-02-18,C00547,P0025,2,0.1,237.47,Net Banking,Cancelled
O003573,2024-06-11,C00224,P0158,1,0.15,421.94,Wallet,Processing
O003574,2024-11-03,C01182,P0195,1,0.15,271.03,Cash on Delivery,Delivered
O003575,2025-09-24,C01071,P0145,1,0.15,76.54,Credit Card,Cancelled
O003575,2025-09-24,C01071,P0161,1,0.1,277.68,Wallet,Cancelled
O003576,2025-02-15,C01376,P0233,2,0.05,173.17,Debit Card,Cancelled
O003577,2025-10-12,C01348,P0116,2,0.1,148.72,UPI,Delivered
O003578,2024-07-06,C00817,P0156,1,0.1,459.44,Debit Card,Delivered
O003578,2024-07-06,C00817,P0026,1,0.15,294.79,Credit Card,Shipped
O003578,2024-07-06,C00817,P0077,2,0.15,386.91,Credit Card,Shipped
O003579,2024-10-15,C01396,P0134,2,0.25,291.18,UPI,Processing
O003580,2025-05-24,C01263,P0124,1,0.0,448.43,UPI,Cancelled
O003581,2025-08-28,C00354,P0145,3,0.05,359.97,Debit Card,Delivered
O003582,2024-12-15,C00835,P0208,1,0.0,218.1,Debit Card,Cancelled
O003583,2024-04-24,C01320,P0227,1,0.1,418.8,Cash on Delivery,Shipped
O003584,2025-09-02,C01175,P0103,1,0.1,84.45,UPI,Delivered
O003585,2025-04-06,C00226,P0028,2,0.05,152.14,Net Banking,Delivered
O003586,2024-10-07,C00664,P0001,1,0.0,192.56,Net Banking,Delivered
O003586,2024-10-07,C00664,P0127,1,0.15,45.23,Wallet,Processing
O003586,2024-10-07,C00664,P0038,1,0.05,462.71,Debit Card,Delivered
O003587,2026-03-30,C01379,P0195,1,0.1,266.12,Cash on Delivery,Delivered
O003588,2026-01-02,C00049,P0064,1,0.0,459.22,Credit Card,Cancelled
O003589,2025-05-31,C00005,P0123,1,0.3,166.66,Cash on Delivery,Cancelled
O003589,2025-05-31,C00005,P0208,4,0.15,334.85,Net Banking,Shipped
O003590,2025-04-25,C00951,P0097,1,0.1,298.28,UPI,Delivered
O003591,2024-07-28,C00536,P0042,2,0.1,317.57,UPI,Cancelled
O003591,2024-07-28,C00536,P0049,2,0.15,330.83,Net Banking,Cancelled
O003591,2024-07-28,C00536,P0243,1,0.05,429.49,UPI,Delivered
O003592,2026-01-12,C01446,P0182,2,0.1,247.45,UPI,Processing
O003593,2026-01-30,C01323,P0003,1,0.05,402.59,Credit Card,Processing
O003593,2026-01-30,C01323,P0063,1,0.1,433.04,UPI,Shipped
O003593,2026-01-30,C01323,P0197,1,0.1,193.0,Cash on Delivery,Cancelled
O003594,2024-04-17,C01065,P0058,1,0.1,259.55,Wallet,Delivered
O003594,2024-04-17,C01065,P0039,1,0.05,133.14,Debit Card,Delivered
O003595,2025-10-28,C00845,P0121,2,0.15,421.2,UPI,Delivered
O003596,2025-06-11,C00261,P0112,2,0.1,391.35,Debit Card,Delivered
O003596,2025-06-11,C00261,P0042,1,0.05,336.75,UPI,Delivered
O003597,2025-01-29,C00077,P0045,2,0.15,466.95,Cash on Delivery,Delivered
O003598,2026-01-14,C01041,P0068,1,0.1,204.86,Wallet,Delivered
O003599,2025-06-07,C00192,P0054,1,0.2,318.78,Credit Card,Cancelled
O003599,2025-06-07,C00192,P0137,1,0.0,179.8,Credit Card,Delivered
O003600,2024-04-11,C00355,P0121,2,0.0,101.39,Debit Card,Delivered
O003601,2026-02-11,C01354,P0196,2,0.0,315.67,Credit Card,Shipped
O003601,2026-02-11,C01354,P0215,3,0.1,169.29,Debit Card,Delivered
O003602,2026-03-17,C00729,P0084,1,0.05,77.83,Credit Card,Shipped
O003603,2025-05-01,C00504,P0120,1,0.15,312.64,Credit Card,Delivered
O003604,2024-10-13,C00299,P0153,1,0.05,461.2,Credit Card,Cancelled
O003605,2026-02-26,C00730,P0152,4,0.1,232.07,Credit Card,Delivered
O003606,2024-05-26,C00841,P0022,1,0.05,54.3,UPI,Processing
O003606,2024-05-26,C00841,P0117,1,0.15,478.63,Debit Card,Cancelled
O003606,2024-05-26,C00841,P0127,2,0.15,499.58,Wallet,Delivered
O003607,2024-12-14,C00572,P0113,1,0.05,430.87,Wallet,Processing
O003608,2025-03-23,C01051,P0187,1,0.25,316.43,UPI,Processing
O003608,2025-03-23,C01051,P0084,1,0.05,232.93,Credit Card,Cancelled
O003609,2024-08-02,C01489,P0219,3,0.05,391.54,UPI,Delivered
O003609,2024-08-02,C01489,P0098,1,0.0,130.02,Net Banking,Processing
O003609,2024-08-02,C01489,P0142,2,0.05,82.81,UPI,Processing
O003610,2025-06-06,C00356,P0177,1,0.3,359.34,Cash on Delivery,Shipped
O003611,2025-06-10,C01157,P0063,2,0.1,188.01,UPI,Delivered
O003612,2025-11-30,C00727,P0136,3,0.2,287.84,Credit Card,Delivered
O003613,2025-06-19,C00321,P0018,1,0.2,424.75,UPI,Delivered
O003614,2025-10-14,C01321,P0122,2,0.05,416.41,Credit Card,Delivered
O003615,2024-07-03,C00268,P0085,2,0.15,282.79,Credit Card,Delivered
O003616,2025-08-24,C00921,P0118,1,0.0,302.8,UPI,Processing
O003617,2025-04-07,C01440,P0047,1,0.05,397.38,UPI,Cancelled
O003618,2025-01-29,C00470,P0045,4,0.1,39.2,UPI,Delivered
O003618,2025-01-29,C00470,P0019,2,0.0,445.5,Debit Card,Cancelled
O003619,2026-02-18,C01174,P0219,1,0.05,154.01,UPI,Shipped
O003619,2026-02-18,C01174,P0072,3,0.15,248.5,Wallet,Delivered
O003620,2024-08-31,C00123,P0107,2,0.1,70.21,Cash on Delivery,Delivered
O003621,2024-04-13,C00150,P0151,1,0.1,499.88,UPI,Delivered
O003621,2024-04-13,C00150,P0080,4,0.25,471.5,UPI,Delivered
O003622,2026-01-31,C00882,P0007,1,0.1,474.92,Net Banking,Processing
O003623,2026-01-12,C00129,P0231,1,0.05,180.5,UPI,Delivered
O003624,2024-09-13,C01394,P0104,1,0.05,217.87,Credit Card,Delivered
O003624,2024-09-13,C01394,P0230,2,0.05,135.94,Cash on Delivery,Shipped
O003625,2025-01-17,C01383,P0015,3,0.05,467.5,Cash on Delivery,Delivered
O003626,2024-10-22,C00450,P0021,1,0.0,41.73,Debit Card,Delivered
O003626,2024-10-22,C00450,P0054,1,0.2,237.75,Debit Card,Shipped
O003627,2024-09-17,C00785,P0005,2,0.15,329.96,Credit Card,Shipped
O003628,2024-04-16,C01491,P0072,1,0.15,367.96,UPI,Cancelled
O003628,2024-04-16,C01491,P0013,1,0.15,144.95,UPI,Delivered
O003629,2026-03-06,C00834,P0177,1,0.0,89.92,Credit Card,Delivered
O003630,2024-12-14,C00382,P0099,2,0.05,465.79,UPI,Delivered
O003631,2024-05-11,C00086,P0197,1,0.1,371.19,Credit Card,Delivered
O003632,2024-09-18,C01014,P0101,2,0.25,375.1,UPI,Shipped
O003632,2024-09-18,C01014,P0155,1,0.05,441.15,UPI,Cancelled
O003633,2025-04-28,C00589,P0105,3,0.05,190.66,Credit Card,Delivered
O003633,2025-04-28,C00589,P0034,3,0.1,49.87,Net Banking,Shipped
O003634,2024-11-13,C00682,P0092,1,0.1,494.64,Debit Card,Processing
O003635,2026-03-07,C01413,P0171,1,0.1,282.27,Debit Card,Processing
O003636,2025-10-29,C00352,P0004,1,0.25,208.41,UPI,Cancelled
O003637,2024-11-08,C00531,P0053,2,0.1,293.3,UPI,Delivered
O003638,2025-03-01,C00219,P0158,1,0.25,135.35,UPI,Delivered
O003639,2025-05-17,C00580,P0243,1,0.2,212.12,Credit Card,Delivered
O003639,2025-05-17,C00580,P0035,1,0.05,229.13,UPI,Delivered
O003640,2024-10-29,C00636,P0055,2,0.0,197.87,UPI,Shipped
O003640,2024-10-29,C00636,P0231,1,0.1,54.89,Cash on Delivery,Cancelled
O003641,2024-05-30,C00308,P0025,1,0.15,408.54,Credit Card,Delivered
O003642,2024-05-26,C01089,P0085,1,0.0,333.31,UPI,Delivered
O003642,2024-05-26,C01089,P0178,4,0.1,319.58,Debit Card,Cancelled
O003642,2024-05-26,C01089,P0220,1,0.1,454.82,Net Banking,Delivered
O003643,2024-09-30,C00876,P0164,2,0.25,338.51,Wallet,Cancelled
O003644,2024-08-22,C00572,P0186,2,0.0,486.89,Debit Card,Cancelled
O003645,2025-03-03,C01117,P0187,1,0.1,426.97,Credit Card,Shipped
O003645,2025-03-03,C01117,P0040,2,0.1,418.7,UPI,Cancelled
O003646,2025-07-04,C01296,P0205,1,0.15,72.2,Net Banking,Cancelled
O003647,2024-05-25,C00475,P0245,1,0.0,65.1,Net Banking,Shipped
O003648,2025-10-26,C01053,P0200,1,0.15,216.8,Wallet,Processing
O003649,2026-03-18,C00645,P0061,1,0.1,273.24,Cash on Delivery,Delivered
O003649,2026-03-18,C00645,P0198,2,0.0,489.79,UPI,Delivered
O003650,2025-05-20,C00383,P0069,1,0.25,264.14,Debit Card,Delivered
O003650,2025-05-20,C00383,P0100,1,0.1,152.93,Net Banking,Delivered
O003650,2025-05-20,C00383,P0158,3,0.2,104.49,UPI,Delivered
O003651,2025-11-17,C00694,P0154,2,0.2,301.68,Debit Card,Delivered
O003652,2025-03-03,C00978,P0085,2,0.15,385.65,Debit Card,Delivered
O003652,2025-03-03,C00978,P0199,1,0.2,217.25,Credit Card,Delivered
O003653,2024-08-17,C00800,P0047,1,0.15,163.4,Cash on Delivery,Cancelled
O003654,2024-06-18,C01464,P0198,1,0.1,216.67,UPI,Shipped
O003654,2024-06-18,C01464,P0012,1,0.05,299.21,Debit Card,Delivered
O003654,2024-06-18,C01464,P0167,2,0.05,408.26,Debit Card,Cancelled
O003655,2024-07-05,C00761,P0016,1,0.25,211.66,UPI,Shipped
O003655,2024-07-05,C00761,P0098,1,0.15,29.53,Cash on Delivery,Shipped
O003656,2025-05-30,C00359,P0062,1,0.1,233.75,UPI,Cancelled
O003657,2024-12-08,C01156,P0004,2,0.2,399.33,UPI,Shipped
O003657,2024-12-08,C01156,P0101,3,0.1,74.01,Credit Card,Shipped
O003658,2025-11-01,C00877,P0076,1,0.1,284.69,Wallet,Delivered
O003658,2025-11-01,C00877,P0176,1,0.0,220.29,Debit Card,Delivered
O003659,2025-11-26,C00159,P0165,1,0.2,157.61,Credit Card,Delivered
O003660,2025-12-26,C01339,P0188,1,0.0,454.98,Wallet,Delivered
O003660,2025-12-26,C01339,P0125,1,0.0,436.78,Wallet,Delivered
O003661,2024-10-02,C00259,P0166,1,0.05,288.38,UPI,Delivered
O003662,2024-09-24,C00065,P0011,1,0.0,378.96,Debit Card,Delivered
O003663,2025-09-11,C00451,P0137,1,0.05,84.49,UPI,Processing
O003664,2024-06-07,C00890,P0002,1,0.0,476.55,Credit Card,Processing
O003664,2024-06-07,C00890,P0225,3,0.25,472.14,UPI,Shipped
O003665,2025-04-20,C00689,P0047,1,0.0,240.67,Cash on Delivery,Delivered
O003666,2025-12-27,C00835,P0151,1,0.1,362.91,Credit Card,Delivered
O003667,2025-08-30,C00539,P0122,2,0.0,336.4,Credit Card,Delivered
O003668,2024-11-09,C00692,P0141,2,0.05,263.69,Net Banking,Processing
O003669,2025-10-06,C00031,P0247,1,0.25,319.92,UPI,Delivered
O003670,2025-08-30,C00495,P0027,2,0.1,28.91,Credit Card,Delivered
O003671,2025-12-24,C00272,P0163,1,0.15,156.24,Net Banking,Cancelled
O003672,2024-05-19,C01340,P0002,1,0.25,279.93,Cash on Delivery,Shipped
O003672,2024-05-19,C01340,P0187,1,0.1,285.68,UPI,Shipped
O003673,2024-09-06,C00815,P0181,2,0.1,371.09,UPI,Delivered
O003673,2024-09-06,C00815,P0194,1,0.05,335.48,Wallet,Delivered
O003674,2024-07-30,C00975,P0062,1,0.1,433.95,Debit Card,Delivered
O003675,2025-09-30,C00126,P0117,1,0.05,85.05,UPI,Delivered
O003676,2025-08-10,C00570,P0146,2,0.15,291.44,Wallet,Delivered
O003676,2025-08-10,C00570,P0076,1,0.15,290.46,Cash on Delivery,Shipped
O003677,2024-12-25,C00414,P0116,1,0.15,238.92,Net Banking,Delivered
O003678,2025-10-10,C00351,P0106,1,0.1,451.96,Debit Card,Delivered
O003678,2025-10-10,C00351,P0238,1,0.0,320.31,UPI,Cancelled
O003679,2025-07-08,C00018,P0045,2,0.2,434.17,Cash on Delivery,Cancelled
O003680,2024-09-26,C00820,P0201,1,0.1,354.58,Credit Card,Shipped
O003681,2024-11-13,C01045,P0119,1,0.2,294.29,UPI,Delivered
O003681,2024-11-13,C01045,P0126,3,0.15,488.97,Cash on Delivery,Delivered
O003682,2025-02-21,C00221,P0008,1,0.0,178.63,Debit Card,Delivered
O003682,2025-02-21,C00221,P0044,1,0.2,456.34,UPI,Processing
O003683,2025-07-06,C00937,P0226,2,0.05,271.69,Cash on Delivery,Shipped
O003684,2024-05-11,C01130,P0068,3,0.05,380.59,UPI,Delivered
O003685,2025-05-16,C01393,P0156,1,0.0,389.93,UPI,Processing
O003685,2025-05-16,C01393,P0065,3,0.0,205.21,Cash on Delivery,Delivered
O003686,2026-02-24,C01351,P0065,2,0.1,348.25,UPI,Cancelled
O003687,2024-07-16,C00993,P0214,1,0.05,343.62,Credit Card,Processing
O003688,2026-03-12,C00502,P0006,1,0.0,201.09,Cash on Delivery,Delivered
O003689,2025-05-10,C00714,P0246,1,0.1,120.83,Wallet,Delivered
O003690,2025-06-18,C01206,P0155,2,0.1,103.72,UPI,Shipped
O003691,2025-04-26,C00882,P0130,2,0.05,70.39,UPI,Delivered
O003691,2025-04-26,C00882,P0087,1,0.15,138.03,Credit Card,Delivered
O003692,2025-11-05,C01419,P0197,1,0.0,492.33,UPI,Delivered
O003693,2025-02-08,C00950,P0165,1,0.15,211.47,Debit Card,Delivered
O003694,2025-08-09,C00377,P0180,1,0.25,29.74,UPI,Shipped
O003695,2025-09-30,C00118,P0164,1,0.05,339.94,Debit Card,Processing
O003696,2025-03-03,C01149,P0079,1,0.2,440.79,Credit Card,Shipped
O003696,2025-03-03,C01149,P0124,1,0.15,448.19,Debit Card,Delivered
O003697,2025-08-31,C01182,P0090,2,0.05,138.95,Cash on Delivery,Delivered
O003698,2025-01-02,C01250,P0086,1,0.1,87.09,Cash on Delivery,Delivered
O003698,2025-01-02,C01250,P0126,1,0.25,155.14,Credit Card,Delivered
O003698,2025-01-02,C01250,P0219,1,0.1,191.67,Credit Card,Shipped
O003699,2024-09-18,C00813,P0084,1,0.25,220.6,Debit Card,Shipped
O003700,2024-07-11,C00082,P0115,3,0.0,128.3,Credit Card,Processing
O003701,2025-03-10,C00313,P0066,1,0.15,345.06,Credit Card,Shipped
O003701,2025-03-10,C00313,P0220,2,0.1,168.77,Credit Card,Delivered
O003702,2025-06-07,C00819,P0130,1,0.15,167.24,Debit Card,Cancelled
O003702,2025-06-07,C00819,P0156,2,0.15,389.19,Cash on Delivery,Delivered
O003702,2025-06-07,C00819,P0087,1,0.1,48.82,Credit Card,Processing
O003703,2025-09-18,C00887,P0015,1,0.05,322.38,Cash on Delivery,Cancelled
O003703,2025-09-18,C00887,P0168,4,0.1,253.37,Wallet,Processing
O003704,2024-11-19,C00850,P0122,1,0.05,231.35,UPI,Delivered
O003705,2025-05-23,C00464,P0179,1,0.05,409.2,Net Banking,Cancelled
O003706,2025-04-16,C00085,P0126,4,0.15,400.03,Cash on Delivery,Processing
O003706,2025-04-16,C00085,P0227,1,0.0,73.84,UPI,Cancelled
O003706,2025-04-16,C00085,P0212,3,0.1,138.84,Credit Card,Delivered
O003707,2024-07-11,C00093,P0248,2,0.15,97.96,UPI,Delivered
O003708,2024-10-27,C00710,P0188,2,0.1,115.48,UPI,Cancelled
O003709,2025-09-13,C00536,P0125,2,0.0,33.75,Net Banking,Delivered
O003710,2025-01-13,C01483,P0015,1,0.15,316.88,UPI,Delivered
O003710,2025-01-13,C01483,P0038,1,0.0,171.93,Credit Card,Delivered
O003711,2025-08-06,C00208,P0074,2,0.3,387.11,Credit Card,Processing
O003711,2025-08-06,C00208,P0019,3,0.15,356.83,Debit Card,Delivered
O003712,2025-10-28,C00090,P0131,1,0.15,81.59,Debit Card,Processing
O003713,2024-07-31,C01339,P0078,2,0.15,286.49,Wallet,Delivered
O003713,2024-07-31,C01339,P0046,2,0.1,27.71,UPI,Delivered
O003714,2024-06-08,C00945,P0227,2,0.05,464.47,Credit Card,Shipped
O003715,2024-08-22,C01417,P0214,1,0.1,319.91,UPI,Cancelled
O003716,2024-12-12,C00294,P0087,3,0.2,119.38,Credit Card,Delivered
O003716,2024-12-12,C00294,P0183,1,0.1,288.38,UPI,Delivered
O003716,2024-12-12,C00294,P0038,1,0.1,294.65,Credit Card,Delivered
O003717,2025-10-13,C00527,P0076,1,0.1,65.57,Wallet,Delivered
O003718,2025-12-21,C00812,P0061,1,0.15,441.66,Net Banking,Delivered
O003718,2025-12-21,C00812,P0135,1,0.15,430.37,Net Banking,Shipped
O003718,2025-12-21,C00812,P0060,1,0.3,220.51,Net Banking,Delivered
O003719,2024-12-07,C00807,P0003,1,0.15,390.22,Credit Card,Delivered
O003720,2024-07-04,C01217,P0190,1,0.1,393.67,Net Banking,Processing
O003721,2026-02-09,C01166,P0025,1,0.05,68.9,Debit Card,Processing
O003721,2026-02-09,C01166,P0207,1,0.15,233.18,Wallet,Delivered
O003722,2025-03-30,C00010,P0166,1,0.1,374.33,UPI,Delivered
O003722,2025-03-30,C00010,P0015,1,0.2,127.34,Credit Card,Cancelled
O003722,2025-03-30,C00010,P0026,1,0.05,68.89,Credit Card,Delivered
O003723,2026-03-06,C00581,P0238,1,0.05,132.79,Cash on Delivery,Delivered
O003723,2026-03-06,C00581,P0193,1,0.15,314.78,Cash on Delivery,Cancelled
O003723,2026-03-06,C00581,P0007,2,0.15,131.27,Cash on Delivery,Delivered
O003724,2025-07-19,C00749,P0136,1,0.1,190.24,Debit Card,Delivered
O003724,2025-07-19,C00749,P0040,1,0.0,353.29,Cash on Delivery,Delivered
O003725,2025-10-24,C00131,P0199,2,0.0,294.95,Credit Card,Delivered
O003726,2024-12-22,C00234,P0044,1,0.05,283.03,Credit Card,Delivered
O003727,2025-05-26,C00769,P0027,1,0.1,394.77,Wallet,Cancelled
O003728,2024-08-20,C00980,P0150,1,0.25,311.74,Cash on Delivery,Shipped
O003728,2024-08-20,C00980,P0192,1,0.1,139.97,UPI,Shipped
O003728,2024-08-20,C00980,P0149,1,0.15,401.43,Net Banking,Delivered
O003729,2025-09-26,C00276,P0063,1,0.25,32.03,Credit Card,Delivered
O003729,2025-09-26,C00276,P0027,3,0.0,406.89,Credit Card,Delivered
O003730,2025-08-19,C01375,P0072,2,0.1,166.24,Net Banking,Delivered
O003731,2024-08-09,C01287,P0164,1,0.0,442.71,Credit Card,Delivered
O003732,2025-05-23,C00006,P0159,1,0.1,236.97,Credit Card,Delivered
O003733,2026-03-22,C00501,P0038,1,0.2,250.72,Credit Card,Delivered
O003734,2025-08-18,C00903,P0116,1,0.1,262.14,Wallet,Shipped
O003735,2024-08-23,C01426,P0078,1,0.15,411.82,Credit Card,Delivered
O003735,2024-08-23,C01426,P0151,2,0.05,273.6,UPI,Processing
O003736,2024-10-12,C00380,P0069,3,0.3,25.24,Debit Card,Delivered
O003737,2025-01-08,C00324,P0106,4,0.1,388.2,Credit Card,Cancelled
O003738,2024-12-01,C01165,P0091,1,0.25,310.02,Debit Card,Processing
O003738,2024-12-01,C01165,P0074,1,0.15,76.89,UPI,Cancelled
O003738,2024-12-01,C01165,P0226,2,0.1,220.61,UPI,Delivered
O003739,2024-05-22,C01086,P0165,1,0.15,101.1,Debit Card,Shipped
O003739,2024-05-22,C01086,P0116,1,0.1,338.66,Debit Card,Shipped
O003740,2025-03-19,C01176,P0110,2,0.25,84.26,Net Banking,Delivered
O003741,2025-04-25,C00411,P0096,3,0.1,267.97,Cash on Delivery,Delivered
O003741,2025-04-25,C00411,P0182,3,0.15,326.0,UPI,Shipped
O003742,2024-08-09,C00674,P0190,1,0.05,95.99,Debit Card,Shipped
O003743,2025-06-23,C01470,P0047,1,0.0,330.34,Debit Card,Delivered
O003744,2025-05-13,C00032,P0008,2,0.0,30.23,Credit Card,Delivered
O003745,2026-01-15,C00924,P0140,2,0.05,462.54,Cash on Delivery,Delivered
O003745,2026-01-15,C00924,P0103,2,0.2,215.54,Net Banking,Delivered
O003745,2026-01-15,C00924,P0169,1,0.1,316.63,Credit Card,Shipped
O003746,2026-02-12,C01024,P0127,1,0.05,73.1,Debit Card,Delivered
O003747,2024-08-27,C01042,P0064,3,0.1,213.67,Debit Card,Delivered
O003748,2025-03-25,C01318,P0111,2,0.15,219.43,Cash on Delivery,Delivered
O003749,2024-08-28,C00710,P0118,1,0.1,174.61,UPI,Shipped
O003750,2024-09-30,C00144,P0158,1,0.0,60.38,Cash on Delivery,Delivered
O003751,2024-12-10,C00727,P0165,3,0.05,488.68,Cash on Delivery,Delivered
O003751,2024-12-10,C00727,P0145,1,0.0,497.12,UPI,Processing
O003751,2024-12-10,C00727,P0007,1,0.1,131.63,UPI,Shipped
O003752,2025-10-16,C00106,P0212,1,0.05,89.12,Cash on Delivery,Cancelled
O003753,2024-09-06,C01459,P0207,2,0.1,494.96,Debit Card,Delivered
O003754,2025-04-12,C00035,P0241,1,0.0,115.58,Net Banking,Delivered
O003754,2025-04-12,C00035,P0129,2,0.0,41.67,UPI,Delivered
O003755,2024-05-19,C01429,P0071,2,0.1,150.69,Debit Card,Shipped
O003755,2024-05-19,C01429,P0128,1,0.0,403.27,Cash on Delivery,Delivered
O003756,2025-05-28,C00967,P0193,1,0.1,41.47,Credit Card,Cancelled
O003757,2024-11-24,C01082,P0137,2,0.15,442.53,Debit Card,Delivered
O003758,2024-09-24,C01192,P0167,2,0.0,277.35,UPI,Cancelled
O003758,2024-09-24,C01192,P0129,1,0.1,31.25,Net Banking,Processing
O003759,2024-09-01,C00212,P0025,4,0.0,121.17,Cash on Delivery,Delivered
O003760,2024-12-04,C00699,P0113,2,0.15,388.09,Wallet,Delivered
O003760,2024-12-04,C00699,P0115,1,0.2,467.24,UPI,Delivered
O003761,2025-12-26,C01269,P0203,1,0.1,209.41,Debit Card,Delivered
O003761,2025-12-26,C01269,P0198,1,0.1,146.76,Credit Card,Delivered
O003762,2024-11-07,C00955,P0023,1,0.05,395.76,Cash on Delivery,Cancelled
O003763,2024-07-05,C00695,P0087,2,0.1,115.02,Wallet,Delivered
O003764,2025-09-05,C00933,P0005,1,0.2,39.01,UPI,Delivered
O003765,2024-06-22,C00511,P0158,1,0.1,106.05,Credit Card,Processing
O003766,2025-04-18,C00499,P0145,1,0.25,392.82,UPI,Delivered
O003767,2024-04-01,C00043,P0201,1,0.3,263.32,Debit Card,Delivered
O003767,2024-04-01,C00043,P0001,1,0.0,155.87,UPI,Delivered
O003768,2024-10-09,C00930,P0235,1,0.0,475.08,Credit Card,Delivered
O003768,2024-10-09,C00930,P0243,1,0.05,341.51,UPI,Processing
O003769,2025-08-10,C00009,P0115,4,0.1,172.43,Net Banking,Delivered
O003770,2024-05-31,C00140,P0074,1,0.15,284.38,Debit Card,Delivered
O003771,2024-11-16,C00236,P0031,1,0.1,331.33,Credit Card,Delivered
O003772,2024-05-08,C00827,P0182,2,0.2,330.56,Credit Card,Cancelled
O003773,2025-11-10,C00190,P0137,1,0.3,140.54,Debit Card,Shipped
O003773,2025-11-10,C00190,P0029,3,0.1,212.18,Net Banking,Cancelled
O003774,2024-11-26,C01425,P0102,1,0.3,344.55,Credit Card,Delivered
O003774,2024-11-26,C01425,P0067,4,0.1,332.03,Credit Card,Delivered
O003775,2025-01-29,C01169,P0134,1,0.1,377.69,Net Banking,Delivered
O003776,2025-10-24,C00984,P0212,3,0.1,221.25,UPI,Processing
O003776,2025-10-24,C00984,P0108,1,0.1,464.68,UPI,Delivered
O003776,2025-10-24,C00984,P0230,2,0.1,155.35,UPI,Delivered
O003777,2024-09-22,C00949,P0053,4,0.1,415.25,Wallet,Processing
O003778,2024-05-23,C00021,P0197,1,0.15,334.09,UPI,Delivered
O003778,2024-05-23,C00021,P0023,3,0.05,447.71,UPI,Delivered
O003779,2025-04-10,C00151,P0195,2,0.1,406.58,Cash on Delivery,Delivered
O003780,2025-08-23,C01219,P0203,1,0.05,343.77,Cash on Delivery,Delivered
O003781,2024-12-06,C00130,P0048,1,0.0,73.88,Net Banking,Delivered
O003782,2026-02-06,C01185,P0057,1,0.1,310.7,Credit Card,Processing
O003783,2024-10-21,C01123,P0223,1,0.15,54.62,Credit Card,Delivered
O003784,2025-08-19,C01101,P0123,2,0.2,284.71,Wallet,Delivered
O003785,2025-07-04,C00902,P0244,1,0.0,116.52,Wallet,Shipped
O003785,2025-07-04,C00902,P0040,2,0.15,494.34,UPI,Delivered
O003786,2025-08-25,C01182,P0182,1,0.1,277.07,UPI,Delivered
O003787,2024-10-19,C00553,P0078,1,0.05,29.41,Credit Card,Delivered
O003787,2024-10-19,C00553,P0039,1,0.1,375.98,Wallet,Delivered
O003788,2025-12-25,C00381,P0114,1,0.2,44.87,Debit Card,Delivered
O003789,2024-12-01,C00389,P0140,2,0.1,158.41,Wallet,Processing
O003789,2024-12-01,C00389,P0115,1,0.1,64.99,Debit Card,Delivered
O003790,2025-06-02,C00470,P0013,1,0.0,417.08,Wallet,Delivered
O003791,2025-03-28,C00040,P0145,1,0.0,130.52,Debit Card,Processing
O003792,2025-08-29,C01167,P0147,1,0.15,366.38,UPI,Cancelled
O003792,2025-08-29,C01167,P0250,2,0.15,314.51,Cash on Delivery,Cancelled
O003792,2025-08-29,C01167,P0246,1,0.2,193.27,UPI,Shipped
O003793,2025-04-27,C00303,P0034,1,0.1,117.41,UPI,Delivered
O003794,2025-07-22,C00813,P0086,1,0.2,210.7,Credit Card,Delivered
O003795,2025-09-09,C00836,P0152,1,0.05,253.53,Credit Card,Cancelled
O003795,2025-09-09,C00836,P0050,2,0.05,217.76,Debit Card,Delivered
O003796,2025-12-30,C01337,P0103,2,0.1,479.06,Cash on Delivery,Delivered
O003797,2025-11-09,C00430,P0247,1,0.05,290.9,Net Banking,Shipped
O003797,2025-11-09,C00430,P0104,1,0.05,300.35,UPI,Delivered
O003797,2025-11-09,C00430,P0144,2,0.1,385.1,UPI,Processing
O003798,2024-09-16,C01269,P0015,1,0.1,259.45,Net Banking,Processing
O003798,2024-09-16,C01269,P0130,1,0.05,282.96,Credit Card,Cancelled
O003799,2024-06-22,C00967,P0119,1,0.1,68.74,UPI,Delivered
O003800,2025-10-15,C00860,P0157,1,0.15,236.83,Cash on Delivery,Processing
O003800,2025-10-15,C00860,P0037,1,0.0,147.52,Net Banking,Delivered
O003800,2025-10-15,C00860,P0190,1,0.1,414.35,Credit Card,Delivered
O003801,2025-06-14,C01318,P0215,2,0.15,168.84,Credit Card,Delivered
O003801,2025-06-14,C01318,P0082,1,0.1,278.29,UPI,Cancelled
O003802,2025-11-06,C01186,P0091,1,0.1,485.54,UPI,Cancelled
O003802,2025-11-06,C01186,P0112,1,0.1,112.95,UPI,Delivered
O003803,2024-05-23,C00701,P0191,1,0.3,354.59,UPI,Delivered
O003804,2024-12-01,C00486,P0215,1,0.2,316.85,Credit Card,Processing
O003804,2024-12-01,C00486,P0023,1,0.1,348.87,Credit Card,Processing
O003805,2024-06-19,C00100,P0135,1,0.0,134.11,UPI,Delivered
O003805,2024-06-19,C00100,P0029,4,0.25,327.9,Debit Card,Shipped
O003806,2025-09-12,C00605,P0044,1,0.0,372.45,Debit Card,Processing
O003807,2026-01-30,C01435,P0054,2,0.0,347.33,Debit Card,Delivered
O003807,2026-01-30,C01435,P0167,1,0.0,66.48,UPI,Delivered
O003808,2025-04-10,C00154,P0167,1,0.1,459.48,UPI,Processing
O003808,2025-04-10,C00154,P0116,1,0.3,152.0,Debit Card,Processing
O003809,2025-03-30,C00486,P0173,2,0.0,346.06,Credit Card,Cancelled
O003809,2025-03-30,C00486,P0249,2,0.1,216.51,Credit Card,Delivered
O003810,2025-04-09,C00333,P0200,1,0.15,94.79,UPI,Shipped
O003811,2025-03-18,C00816,P0199,1,0.05,111.59,UPI,Shipped
O003811,2025-03-18,C00816,P0223,1,0.1,53.11,Credit Card,Cancelled
O003812,2024-12-07,C01083,P0034,2,0.05,275.83,Credit Card,Cancelled
O003812,2024-12-07,C01083,P0101,1,0.1,105.07,Debit Card,Delivered
O003813,2025-06-21,C00659,P0166,1,0.05,318.07,Cash on Delivery,Shipped
O003814,2024-10-12,C00123,P0123,1,0.1,394.49,UPI,Cancelled
O003815,2024-09-03,C00661,P0143,1,0.15,254.71,Debit Card,Delivered
O003816,2025-01-25,C01321,P0156,3,0.05,441.35,Credit Card,Delivered
O003816,2025-01-25,C01321,P0135,1,0.0,168.17,Wallet,Shipped
O003817,2024-08-10,C00264,P0062,1,0.1,89.12,Cash on Delivery,Delivered
O003817,2024-08-10,C00264,P0051,1,0.1,201.66,UPI,Delivered
O003818,2024-05-31,C00620,P0068,1,0.15,114.66,UPI,Shipped
O003818,2024-05-31,C00620,P0040,3,0.15,221.69,Wallet,Delivered
O003819,2024-04-13,C01167,P0129,1,0.0,423.72,UPI,Delivered
O003820,2025-08-15,C01353,P0141,1,0.0,149.34,UPI,Cancelled
O003821,2024-06-14,C00663,P0149,1,0.1,390.65,UPI,Processing
O003821,2024-06-14,C00663,P0093,1,0.1,418.32,UPI,Delivered
O003822,2026-01-18,C00232,P0076,1,0.05,497.86,Debit Card,Delivered
O003822,2026-01-18,C00232,P0074,1,0.05,191.47,Debit Card,Delivered
O003822,2026-01-18,C00232,P0177,2,0.05,406.15,UPI,Delivered
O003823,2024-04-07,C01390,P0054,2,0.1,304.22,Wallet,Delivered
O003823,2024-04-07,C01390,P0152,1,0.05,188.38,Debit Card,Processing
O003823,2024-04-07,C01390,P0217,3,0.1,326.26,Credit Card,Cancelled
O003824,2024-06-26,C00590,P0202,2,0.25,343.66,Credit Card,Delivered
O003824,2024-06-26,C00590,P0073,3,0.1,482.93,UPI,Delivered
O003824,2024-06-26,C00590,P0054,1,0.05,127.6,Cash on Delivery,Delivered
O003825,2026-02-09,C00303,P0200,2,0.15,483.29,Debit Card,Delivered
O003825,2026-02-09,C00303,P0184,2,0.05,454.55,UPI,Delivered
O003826,2024-07-24,C00692,P0233,3,0.05,94.95,UPI,Processing
O003827,2026-01-16,C01273,P0159,1,0.05,448.92,Cash on Delivery,Shipped
O003828,2026-01-22,C00279,P0141,1,0.0,129.59,Debit Card,Delivered
O003828,2026-01-22,C00279,P0185,1,0.2,122.7,Credit Card,Delivered
O003829,2024-08-15,C00805,P0118,4,0.05,320.98,Cash on Delivery,Processing
O003830,2026-01-29,C01055,P0141,1,0.05,491.0,Credit Card,Delivered
O003831,2024-12-02,C01419,P0160,1,0.1,206.87,Wallet,Delivered
O003831,2024-12-02,C01419,P0218,1,0.15,353.72,Debit Card,Cancelled
O003832,2024-08-16,C00741,P0073,1,0.25,225.01,Debit Card,Processing
O003833,2025-11-23,C01202,P0132,1,0.0,425.65,Credit Card,Delivered
O003834,2025-01-29,C00521,P0197,1,0.1,348.91,Credit Card,Cancelled
O003835,2024-08-01,C00092,P0030,1,0.05,266.15,Credit Card,Cancelled
O003836,2024-08-03,C01226,P0211,3,0.3,169.85,Debit Card,Cancelled
O003836,2024-08-03,C01226,P0039,1,0.05,184.97,Cash on Delivery,Shipped
O003836,2024-08-03,C01226,P0054,1,0.05,463.65,Debit Card,Delivered
O003837,2025-04-09,C00358,P0134,3,0.15,82.31,UPI,Delivered
O003838,2024-09-06,C01396,P0005,2,0.15,139.86,Wallet,Delivered
O003839,2025-03-14,C00275,P0186,4,0.1,132.77,UPI,Delivered
O003840,2026-01-28,C00393,P0087,2,0.2,345.32,Wallet,Cancelled
O003841,2024-06-04,C00973,P0104,1,0.1,362.69,Cash on Delivery,Delivered
O003842,2024-10-02,C00943,P0227,2,0.1,152.13,UPI,Delivered
O003843,2025-03-05,C01415,P0220,2,0.2,191.15,Net Banking,Cancelled
O003844,2025-12-31,C00161,P0161,1,0.0,39.79,UPI,Delivered
O003844,2025-12-31,C00161,P0020,1,0.05,491.87,Debit Card,Shipped
O003845,2025-01-07,C01486,P0068,2,0.15,52.96,Wallet,Delivered
O003846,2024-06-25,C00345,P0003,1,0.05,436.74,UPI,Processing
O003846,2024-06-25,C00345,P0146,1,0.1,414.22,UPI,Delivered
O003846,2024-06-25,C00345,P0129,1,0.0,404.4,Cash on Delivery,Shipped
O003847,2024-07-15,C01110,P0076,1,0.1,189.42,Cash on Delivery,Delivered
O003847,2024-07-15,C01110,P0052,3,0.0,380.86,Wallet,Delivered
O003847,2024-07-15,C01110,P0172,2,0.05,118.22,UPI,Shipped
O003848,2025-08-02,C01100,P0194,1,0.1,195.97,Credit Card,Shipped
O003849,2025-04-21,C00580,P0017,1,0.05,160.21,Debit Card,Processing
O003849,2025-04-21,C00580,P0002,3,0.1,495.0,UPI,Delivered
O003850,2026-02-26,C01121,P0124,1,0.05,360.13,Net Banking,Delivered
O003851,2026-01-22,C00943,P0236,1,0.15,388.43,UPI,Shipped
O003852,2024-08-26,C01203,P0039,1,0.05,465.14,Credit Card,Delivered
O003853,2025-06-01,C01133,P0187,2,0.1,207.39,Cash on Delivery,Delivered
O003854,2025-08-06,C01139,P0090,2,0.2,229.01,UPI,Processing
O003854,2025-08-06,C01139,P0082,1,0.05,164.95,Debit Card,Cancelled
O003855,2025-07-11,C00418,P0160,1,0.1,52.17,UPI,Delivered
O003855,2025-07-11,C00418,P0038,1,0.3,438.76,Debit Card,Processing
O003856,2025-07-08,C01268,P0029,2,0.2,224.71,Debit Card,Delivered
O003857,2026-02-03,C00777,P0250,1,0.0,459.46,Wallet,Delivered
O003858,2024-10-17,C00467,P0030,1,0.1,470.73,Net Banking,Delivered
O003859,2024-08-01,C01408,P0121,1,0.3,436.72,Credit Card,Delivered
O003859,2024-08-01,C01408,P0155,1,0.1,406.28,Wallet,Delivered
O003860,2024-07-13,C00156,P0229,2,0.25,36.93,Credit Card,Shipped
O003861,2026-01-26,C00737,P0191,2,0.2,26.88,UPI,Delivered
O003862,2024-04-11,C01095,P0250,1,0.2,497.05,UPI,Processing
O003862,2024-04-11,C01095,P0080,1,0.1,215.29,Credit Card,Delivered
O003863,2025-10-23,C01135,P0083,1,0.1,347.07,Cash on Delivery,Delivered
O003864,2026-03-14,C00776,P0088,1,0.05,369.45,Net Banking,Delivered
O003865,2025-04-04,C00431,P0119,1,0.1,354.3,UPI,Delivered
O003866,2024-10-18,C00474,P0065,4,0.15,262.84,UPI,Cancelled
O003867,2024-07-20,C01122,P0213,1,0.0,468.4,Cash on Delivery,Delivered
O003868,2025-06-26,C00922,P0109,1,0.05,189.84,Debit Card,Delivered
O003868,2025-06-26,C00922,P0006,1,0.1,330.42,UPI,Cancelled
O003869,2024-09-19,C00784,P0179,1,0.1,37.91,Cash on Delivery,Cancelled
O003869,2024-09-19,C00784,P0079,1,0.05,62.76,Debit Card,Shipped
O003869,2024-09-19,C00784,P0093,1,0.1,128.66,Credit Card,Delivered
O003870,2024-07-02,C00799,P0246,2,0.2,29.02,UPI,Delivered
O003871,2026-02-26,C01360,P0107,2,0.05,226.07,Credit Card,Delivered
O003872,2025-03-11,C01085,P0059,2,0.1,229.97,UPI,Delivered
O003873,2025-08-01,C01243,P0202,2,0.05,351.42,Cash on Delivery,Delivered
O003874,2025-01-18,C01383,P0183,2,0.25,456.3,Cash on Delivery,Cancelled
O003875,2024-07-28,C00503,P0086,2,0.1,63.35,UPI,Cancelled
O003875,2024-07-28,C00503,P0200,1,0.15,458.41,Net Banking,Delivered
O003876,2025-02-25,C00734,P0182,2,0.2,160.99,UPI,Shipped
O003876,2025-02-25,C00734,P0137,1,0.15,319.91,Debit Card,Delivered
O003877,2025-06-10,C00023,P0048,2,0.15,290.6,Net Banking,Cancelled
O003878,2026-01-12,C00959,P0061,2,0.05,222.65,Wallet,Delivered
O003879,2025-08-13,C01438,P0066,1,0.1,385.72,Debit Card,Cancelled
O003879,2025-08-13,C01438,P0164,2,0.1,404.41,UPI,Shipped
O003880,2025-04-02,C00842,P0072,1,0.0,54.12,Cash on Delivery,Delivered
O003880,2025-04-02,C00842,P0170,1,0.1,418.19,UPI,Cancelled
O003881,2024-12-15,C00402,P0018,1,0.0,237.09,UPI,Processing
O003882,2025-03-25,C00502,P0143,2,0.15,26.36,Debit Card,Delivered
O003882,2025-03-25,C00502,P0027,1,0.05,131.42,UPI,Delivered
O003883,2024-07-06,C00165,P0077,1,0.1,317.73,UPI,Cancelled
O003883,2024-07-06,C00165,P0180,2,0.15,418.1,UPI,Processing
O003884,2025-10-27,C00332,P0218,2,0.1,350.44,Cash on Delivery,Processing
O003884,2025-10-27,C00332,P0044,1,0.0,103.51,Debit Card,Delivered
O003885,2025-08-07,C01386,P0153,1,0.15,30.05,Net Banking,Cancelled
O003885,2025-08-07,C01386,P0219,1,0.15,429.98,Debit Card,Processing
O003885,2025-08-07,C01386,P0206,2,0.15,368.0,Credit Card,Delivered
O003886,2025-02-19,C01405,P0022,2,0.05,165.31,Debit Card,Delivered
O003886,2025-02-19,C01405,P0200,2,0.1,180.96,UPI,Processing
O003887,2025-12-23,C00653,P0224,1,0.25,88.89,UPI,Processing
O003888,2024-10-27,C00742,P0089,1,0.2,405.32,Net Banking,Shipped
O003889,2024-09-07,C01313,P0162,1,0.05,455.87,UPI,Shipped
O003889,2024-09-07,C01313,P0036,2,0.15,224.67,Debit Card,Delivered
O003889,2024-09-07,C01313,P0150,2,0.25,114.56,Wallet,Cancelled
O003890,2025-10-21,C00367,P0163,1,0.05,351.17,Credit Card,Cancelled
O003891,2024-09-12,C01267,P0083,2,0.1,435.78,UPI,Delivered
O003892,2025-12-16,C01311,P0209,3,0.15,261.92,Credit Card,Delivered
O003893,2025-06-04,C00473,P0101,1,0.05,207.01,Wallet,Processing
O003893,2025-06-04,C00473,P0194,1,0.0,92.54,UPI,Delivered
O003894,2025-04-19,C00489,P0146,1,0.1,51.62,Credit Card,Delivered
O003895,2024-07-03,C01372,P0193,1,0.25,255.42,Cash on Delivery,Delivered
O003896,2024-10-07,C00615,P0233,1,0.15,120.9,Net Banking,Cancelled
O003897,2024-04-03,C00637,P0153,1,0.15,324.58,Credit Card,Shipped
O003898,2025-11-10,C01077,P0014,1,0.0,74.79,Credit Card,Delivered
O003898,2025-11-10,C01077,P0247,1,0.0,411.56,Wallet,Delivered
O003899,2024-04-02,C00373,P0132,3,0.0,242.83,UPI,Cancelled
O003900,2025-05-04,C00574,P0181,1,0.15,372.69,Cash on Delivery,Delivered
O003901,2025-11-16,C00817,P0036,2,0.1,29.77,Debit Card,Cancelled
O003902,2024-09-07,C01085,P0099,1,0.05,336.76,Credit Card,Delivered
O003903,2024-10-04,C01130,P0188,1,0.05,150.66,Debit Card,Delivered
O003903,2024-10-04,C01130,P0001,1,0.0,476.55,Net Banking,Shipped
O003904,2024-07-18,C00779,P0102,1,0.15,180.93,Cash on Delivery,Delivered
O003905,2024-11-10,C01040,P0035,1,0.05,443.12,UPI,Delivered
O003906,2025-03-13,C00938,P0102,1,0.0,215.94,Credit Card,Delivered
O003906,2025-03-13,C00938,P0241,1,0.1,229.47,UPI,Cancelled
O003907,2026-03-04,C00904,P0134,1,0.15,291.85,Credit Card,Shipped
O003908,2024-06-11,C00439,P0224,3,0.15,209.55,Cash on Delivery,Cancelled
O003909,2024-09-03,C00197,P0015,1,0.2,421.5,UPI,Shipped
O003910,2024-05-19,C00877,P0148,2,0.0,71.18,UPI,Processing
O003911,2024-07-30,C00179,P0097,3,0.1,491.42,UPI,Cancelled
O003911,2024-07-30,C00179,P0187,2,0.2,351.85,Wallet,Delivered
O003911,2024-07-30,C00179,P0234,1,0.05,330.77,UPI,Shipped
O003912,2024-11-12,C00134,P0166,3,0.1,270.18,Cash on Delivery,Delivered
O003913,2025-11-16,C00250,P0162,1,0.0,395.53,Net Banking,Delivered
O003914,2025-09-09,C00855,P0077,1,0.0,193.3,Net Banking,Delivered
O003915,2024-11-10,C00749,P0072,1,0.0,391.71,Credit Card,Processing
O003915,2024-11-10,C00749,P0133,1,0.2,217.62,UPI,Shipped
O003916,2025-09-18,C00621,P0033,2,0.15,381.33,Cash on Delivery,Cancelled
O003917,2025-01-19,C00831,P0196,2,0.1,456.88,Credit Card,Delivered
O003917,2025-01-19,C00831,P0075,1,0.1,274.41,UPI,Shipped
O003918,2025-02-08,C01410,P0026,4,0.05,291.1,Wallet,Processing
O003919,2026-03-24,C00823,P0072,2,0.1,344.02,Debit Card,Shipped
O003920,2025-12-24,C00356,P0050,1,0.15,183.7,UPI,Delivered
O003921,2024-08-26,C01347,P0122,4,0.1,490.3,UPI,Delivered
O003921,2024-08-26,C01347,P0030,3,0.0,394.52,Credit Card,Processing
O003921,2024-08-26,C01347,P0215,1,0.1,481.65,Debit Card,Delivered
O003922,2024-12-21,C01137,P0027,2,0.15,245.18,Credit Card,Delivered
O003923,2026-03-18,C00490,P0067,1,0.15,353.12,Debit Card,Shipped
O003923,2026-03-18,C00490,P0057,1,0.15,31.28,Debit Card,Delivered
O003923,2026-03-18,C00490,P0036,1,0.15,322.65,UPI,Delivered
O003924,2025-04-20,C00868,P0247,1,0.1,103.76,Debit Card,Delivered
O003924,2025-04-20,C00868,P0071,1,0.1,200.42,UPI,Shipped
O003925,2024-04-18,C00123,P0216,3,0.0,167.12,UPI,Cancelled
O003926,2026-01-06,C00298,P0053,1,0.1,179.24,Debit Card,Delivered
O003926,2026-01-06,C00298,P0016,3,0.1,83.36,Debit Card,Processing
O003926,2026-01-06,C00298,P0245,1,0.1,203.11,Wallet,Delivered
O003927,2024-12-19,C00217,P0147,3,0.15,230.62,UPI,Delivered
O003927,2024-12-19,C00217,P0106,4,0.1,212.16,Wallet,Delivered
O003928,2025-05-09,C01324,P0027,1,0.1,74.11,Cash on Delivery,Delivered
O003928,2025-05-09,C01324,P0212,1,0.05,422.85,Wallet,Processing
O003929,2024-08-24,C01039,P0094,3,0.2,256.26,Debit Card,Shipped
O003930,2025-05-22,C01133,P0117,1,0.1,338.69,Net Banking,Delivered
O003931,2025-07-09,C01085,P0076,3,0.05,37.11,Credit Card,Delivered
O003931,2025-07-09,C01085,P0212,1,0.1,302.48,Credit Card,Delivered
O003931,2025-07-09,C01085,P0120,1,0.15,261.24,Wallet,Delivered
O003932,2024-10-30,C00825,P0033,1,0.1,110.61,Credit Card,Delivered
O003932,2024-10-30,C00825,P0119,1,0.2,308.34,Cash on Delivery,Shipped
O003933,2024-09-26,C00375,P0214,1,0.0,74.62,Net Banking,Cancelled
O003934,2025-01-12,C01171,P0115,1,0.0,487.99,Cash on Delivery,Delivered
O003935,2025-02-04,C00326,P0171,4,0.05,319.76,Debit Card,Cancelled
O003935,2025-02-04,C00326,P0245,1,0.05,419.95,Cash on Delivery,Processing
O003935,2025-02-04,C00326,P0011,3,0.05,271.74,Net Banking,Processing
O003936,2024-12-05,C00804,P0009,1,0.2,423.44,Debit Card,Delivered
O003937,2025-12-07,C00789,P0134,1,0.0,120.46,Credit Card,Processing
O003938,2024-06-20,C00806,P0005,4,0.15,176.83,Credit Card,Cancelled
O003939,2025-07-31,C01232,P0095,1,0.05,374.61,UPI,Delivered
O003940,2025-11-09,C01136,P0105,2,0.1,308.08,UPI,Shipped
O003941,2024-12-21,C00502,P0113,1,0.2,238.34,Credit Card,Cancelled
O003942,2024-12-30,C00507,P0029,1,0.1,387.03,Credit Card,Shipped
O003942,2024-12-30,C00507,P0203,4,0.1,117.6,Cash on Delivery,Delivered
O003943,2026-03-26,C00951,P0118,1,0.05,465.38,Debit Card,Delivered
O003944,2025-08-16,C00320,P0057,1,0.1,453.82,UPI,Cancelled
O003944,2025-08-16,C00320,P0162,4,0.1,255.5,Cash on Delivery,Delivered
O003944,2025-08-16,C00320,P0140,1,0.0,226.09,Cash on Delivery,Delivered
O003945,2025-03-22,C00400,P0058,1,0.05,461.41,Credit Card,Cancelled
O003946,2024-12-01,C01140,P0099,1,0.15,162.71,Debit Card,Shipped
O003946,2024-12-01,C01140,P0062,1,0.1,428.92,Cash on Delivery,Processing
O003947,2025-08-05,C00915,P0131,1,0.0,455.53,Cash on Delivery,Processing
O003948,2025-07-09,C01275,P0062,1,0.1,359.01,Wallet,Cancelled
O003948,2025-07-09,C01275,P0032,2,0.1,282.71,Debit Card,Delivered
O003949,2025-09-22,C00501,P0250,1,0.1,250.91,UPI,Delivered
O003950,2025-12-02,C00515,P0156,1,0.05,358.95,Net Banking,Processing
O003950,2025-12-02,C00515,P0209,1,0.05,426.03,Wallet,Delivered
O003951,2025-04-28,C01238,P0032,2,0.15,64.85,Net Banking,Delivered
O003951,2025-04-28,C01238,P0033,1,0.05,250.88,Credit Card,Delivered
O003952,2025-09-16,C00372,P0081,1,0.1,410.18,Debit Card,Delivered
O003952,2025-09-16,C00372,P0200,1,0.1,296.15,Debit Card,Shipped
O003952,2025-09-16,C00372,P0104,1,0.0,258.89,Credit Card,Shipped
O003953,2025-07-28,C01057,P0241,1,0.1,60.99,UPI,Delivered
O003954,2025-06-18,C01040,P0173,1,0.0,491.87,UPI,Delivered
O003955,2024-10-18,C01224,P0102,1,0.05,151.34,Wallet,Cancelled
O003956,2024-04-01,C01418,P0159,2,0.1,363.84,UPI,Delivered
O003957,2025-03-04,C01002,P0211,2,0.2,35.0,UPI,Cancelled
O003958,2024-08-22,C00352,P0186,2,0.15,298.31,Wallet,Cancelled
O003959,2025-03-23,C00049,P0249,1,0.05,486.8,Debit Card,Delivered
O003960,2025-06-27,C01177,P0041,1,0.05,284.47,Wallet,Cancelled
O003961,2025-03-27,C00430,P0246,1,0.1,369.41,Debit Card,Delivered
O003962,2025-02-05,C00630,P0248,4,0.05,130.96,Credit Card,Delivered
O003963,2025-08-05,C01482,P0219,2,0.15,277.74,UPI,Cancelled
O003963,2025-08-05,C01482,P0134,1,0.15,174.16,Wallet,Delivered
O003964,2024-04-06,C01155,P0215,2,0.1,29.32,Credit Card,Delivered
O003965,2024-11-08,C01450,P0134,3,0.1,486.55,Net Banking,Shipped
O003966,2025-07-23,C01188,P0146,1,0.1,34.92,Cash on Delivery,Delivered
O003967,2026-01-10,C00434,P0058,1,0.1,155.2,Credit Card,Delivered
O003967,2026-01-10,C00434,P0139,1,0.05,51.47,Debit Card,Delivered
O003967,2026-01-10,C00434,P0186,1,0.05,440.46,Cash on Delivery,Processing
O003968,2026-02-28,C00284,P0010,1,0.0,321.8,UPI,Shipped
O003968,2026-02-28,C00284,P0054,1,0.15,132.29,UPI,Processing
O003969,2024-07-16,C00339,P0045,1,0.1,205.27,Credit Card,Cancelled
O003969,2024-07-16,C00339,P0071,2,0.1,376.09,UPI,Delivered
O003970,2024-12-17,C00821,P0247,1,0.15,469.6,Cash on Delivery,Delivered
O003971,2025-12-13,C00641,P0025,2,0.1,166.03,UPI,Cancelled
O003972,2025-02-08,C01457,P0045,1,0.15,421.9,Debit Card,Cancelled
O003973,2025-12-20,C00267,P0191,1,0.15,160.99,Net Banking,Delivered
O003974,2024-05-15,C00803,P0062,2,0.0,231.03,UPI,Delivered
O003975,2025-01-04,C00974,P0038,1,0.2,338.15,Credit Card,Delivered
O003975,2025-01-04,C00974,P0064,1,0.05,356.69,Wallet,Processing
O003976,2024-10-12,C00774,P0226,1,0.2,324.42,Debit Card,Processing
O003977,2024-09-18,C00836,P0061,3,0.1,299.87,Debit Card,Cancelled
O003977,2024-09-18,C00836,P0111,1,0.1,299.43,Credit Card,Delivered
O003977,2024-09-18,C00836,P0228,1,0.2,407.64,Cash on Delivery,Delivered
O003978,2025-04-02,C01020,P0217,1,0.0,258.27,Wallet,Delivered
O003979,2025-12-31,C01481,P0006,1,0.1,440.0,Credit Card,Delivered
O003980,2025-01-11,C00019,P0119,1,0.1,253.68,Credit Card,Delivered
O003981,2024-11-21,C00400,P0001,2,0.25,364.54,UPI,Shipped
O003982,2024-07-04,C00875,P0099,1,0.1,149.19,Cash on Delivery,Delivered
O003983,2025-06-04,C01283,P0004,1,0.1,86.24,Wallet,Delivered
O003984,2024-08-03,C00594,P0235,2,0.0,491.83,Wallet,Delivered
O003984,2024-08-03,C00594,P0024,1,0.3,312.34,Cash on Delivery,Delivered
O003985,2025-01-15,C01139,P0079,2,0.0,419.73,Debit Card,Delivered
O003986,2024-09-02,C00433,P0058,1,0.2,65.46,Credit Card,Delivered
O003986,2024-09-02,C00433,P0135,1,0.1,240.1,UPI,Delivered
O003986,2024-09-02,C00433,P0111,1,0.1,458.68,Credit Card,Processing
O003987,2026-02-12,C00007,P0181,1,0.3,69.86,Credit Card,Delivered
O003988,2024-05-13,C00241,P0229,2,0.15,193.13,Wallet,Delivered
O003988,2024-05-13,C00241,P0120,2,0.05,106.26,UPI,Cancelled
O003989,2025-05-14,C01136,P0084,1,0.1,92.89,Net Banking,Processing
O003989,2025-05-14,C01136,P0008,1,0.1,142.09,Net Banking,Delivered
O003989,2025-05-14,C01136,P0195,1,0.05,495.4,Debit Card,Shipped
O003990,2025-11-28,C01052,P0157,2,0.25,82.1,Debit Card,Processing
O003990,2025-11-28,C01052,P0183,1,0.2,208.35,UPI,Shipped
O003991,2025-12-24,C00351,P0012,1,0.15,186.38,Credit Card,Delivered
O003991,2025-12-24,C00351,P0110,1,0.1,457.82,Net Banking,Delivered
O003992,2026-03-09,C00593,P0099,1,0.1,418.11,Cash on Delivery,Cancelled
O003993,2024-05-17,C01418,P0174,2,0.25,371.29,Net Banking,Delivered
O003994,2024-10-24,C00487,P0235,2,0.15,488.88,Net Banking,Cancelled
O003994,2024-10-24,C00487,P0208,3,0.3,448.39,Cash on Delivery,Cancelled
O003994,2024-10-24,C00487,P0116,2,0.0,290.7,UPI,Shipped
O003995,2025-07-07,C00202,P0245,2,0.15,153.06,Debit Card,Cancelled
O003995,2025-07-07,C00202,P0249,2,0.05,396.13,Wallet,Delivered
O003996,2024-08-29,C00656,P0042,2,0.1,151.68,UPI,Processing
O003997,2025-02-28,C00888,P0097,1,0.3,92.1,Credit Card,Delivered
O003997,2025-02-28,C00888,P0169,1,0.15,125.19,UPI,Shipped
O003998,2025-11-10,C01020,P0243,1,0.1,496.23,UPI,Cancelled
O003998,2025-11-10,C01020,P0148,1,0.1,392.63,Debit Card,Shipped
O003998,2025-11-10,C01020,P0044,2,0.1,365.66,Debit Card,Delivered
O003999,2024-05-13,C00439,P0160,1,0.05,115.05,UPI,Delivered
O003999,2024-05-13,C00439,P0182,1,0.05,66.46,UPI,Processing
O004000,2025-03-03,C01348,P0002,3,0.25,245.48,UPI,Cancelled
O004000,2025-03-03,C01348,P0154,1,0.1,409.97,UPI,Delivered
O004001,2024-12-07,C00593,P0142,2,0.05,307.51,UPI,Delivered
O004002,2025-02-22,C00833,P0049,1,0.1,376.01,Cash on Delivery,Delivered
O004002,2025-02-22,C00833,P0228,1,0.1,206.42,UPI,Delivered
O004003,2024-12-04,C00890,P0067,1,0.25,110.79,UPI,Delivered
O004003,2024-12-04,C00890,P0128,2,0.25,415.62,Credit Card,Delivered
O004004,2025-05-26,C00792,P0020,1,0.05,458.06,Credit Card,Delivered
O004005,2025-07-02,C00565,P0218,1,0.25,315.01,UPI,Shipped
O004005,2025-07-02,C00565,P0087,2,0.05,332.07,Cash on Delivery,Processing
O004006,2025-04-09,C00432,P0074,2,0.3,398.27,Credit Card,Cancelled
O004007,2026-01-04,C00138,P0168,1,0.1,71.47,Cash on Delivery,Delivered
O004007,2026-01-04,C00138,P0135,1,0.05,452.1,Debit Card,Delivered
O004008,2025-10-04,C01102,P0022,1,0.05,72.09,UPI,Delivered
O004009,2024-10-09,C00838,P0077,1,0.0,447.37,UPI,Shipped
O004010,2025-11-29,C00282,P0141,2,0.2,168.94,Debit Card,Delivered
O004011,2025-12-04,C01187,P0180,1,0.15,309.87,Wallet,Processing
O004011,2025-12-04,C01187,P0054,2,0.1,288.68,UPI,Cancelled
O004012,2024-12-22,C00942,P0205,3,0.05,69.97,Credit Card,Delivered
O004013,2025-08-11,C01004,P0015,3,0.1,208.42,UPI,Delivered
O004013,2025-08-11,C01004,P0098,2,0.0,158.8,UPI,Delivered
O004014,2024-12-21,C00413,P0064,3,0.1,256.96,Cash on Delivery,Processing
O004014,2024-12-21,C00413,P0148,1,0.0,204.46,Debit Card,Delivered
O004014,2024-12-21,C00413,P0242,1,0.05,175.35,Debit Card,Shipped
O004015,2024-06-07,C00407,P0075,1,0.15,217.33,Cash on Delivery,Delivered
O004016,2024-10-28,C00821,P0034,1,0.1,411.27,UPI,Delivered
O004016,2024-10-28,C00821,P0198,1,0.0,456.57,UPI,Shipped
O004017,2025-06-21,C00186,P0129,1,0.05,193.33,UPI,Cancelled
O004018,2024-09-29,C00050,P0223,2,0.1,197.36,UPI,Delivered
O004018,2024-09-29,C00050,P0227,1,0.05,420.5,Credit Card,Delivered
O004019,2024-11-08,C01200,P0035,1,0.1,181.42,Wallet,Delivered
O004020,2024-07-26,C00583,P0108,1,0.25,453.97,Wallet,Processing
O004021,2024-11-09,C00762,P0136,2,0.0,173.66,Credit Card,Delivered
O004022,2025-07-29,C00165,P0225,1,0.05,170.07,Net Banking,Delivered
O004023,2025-05-11,C00829,P0219,2,0.05,439.36,Credit Card,Cancelled
O004024,2025-09-13,C01305,P0113,1,0.05,367.01,UPI,Shipped
O004025,2024-11-14,C00583,P0105,3,0.1,68.68,Cash on Delivery,Cancelled
O004026,2025-10-23,C00677,P0114,2,0.1,182.68,Credit Card,Delivered
O004027,2025-12-27,C00085,P0156,4,0.2,117.8,UPI,Delivered
O004028,2025-11-21,C00645,P0206,1,0.0,187.59,Credit Card,Delivered
O004028,2025-11-21,C00645,P0181,1,0.15,94.75,Wallet,Delivered
O004029,2026-02-21,C00676,P0162,4,0.0,117.75,Wallet,Cancelled
O004030,2024-10-12,C00623,P0207,1,0.0,243.94,Debit Card,Processing
O004030,2024-10-12,C00623,P0115,1,0.05,134.79,Cash on Delivery,Delivered
O004031,2025-09-30,C00777,P0100,2,0.15,80.98,UPI,Cancelled
O004032,2024-08-24,C01209,P0003,1,0.05,301.59,UPI,Delivered
O004033,2026-01-07,C00790,P0160,1,0.2,394.16,Cash on Delivery,Delivered
O004034,2024-11-14,C00858,P0150,2,0.25,205.75,Debit Card,Delivered
O004034,2024-11-14,C00858,P0229,1,0.0,310.71,Debit Card,Delivered
O004034,2024-11-14,C00858,P0048,2,0.0,246.2,Net Banking,Shipped
O004035,2026-01-31,C00449,P0026,2,0.3,107.65,Debit Card,Delivered
O004036,2025-06-23,C00279,P0082,3,0.05,270.86,Credit Card,Delivered
O004037,2025-10-25,C00808,P0233,1,0.1,209.35,Debit Card,Delivered
O004038,2024-10-27,C01432,P0083,1,0.25,314.94,UPI,Delivered
O004038,2024-10-27,C01432,P0111,1,0.1,433.33,Credit Card,Cancelled
O004039,2024-10-06,C00307,P0006,4,0.15,347.73,Cash on Delivery,Cancelled
O004040,2025-02-12,C01388,P0069,2,0.15,194.8,Credit Card,Delivered
O004041,2025-08-06,C00929,P0016,1,0.15,118.43,UPI,Cancelled
O004042,2025-02-02,C00898,P0205,2,0.1,473.47,Cash on Delivery,Delivered
O004043,2024-06-29,C00379,P0093,1,0.1,175.66,UPI,Processing
O004044,2025-02-13,C00839,P0031,1,0.05,469.39,Net Banking,Delivered
O004045,2024-11-30,C00843,P0163,1,0.25,489.16,Credit Card,Cancelled
O004046,2025-09-11,C00599,P0205,1,0.05,184.15,UPI,Delivered
O004047,2025-08-07,C00735,P0059,3,0.0,347.99,Credit Card,Processing
O004048,2025-01-09,C00389,P0198,1,0.2,366.75,Wallet,Shipped
O004049,2025-12-23,C00554,P0130,1,0.1,387.97,UPI,Delivered
O004050,2025-05-29,C00831,P0170,1,0.0,89.95,Debit Card,Delivered
O004051,2025-08-10,C01201,P0198,2,0.1,203.23,Credit Card,Delivered
O004052,2024-07-27,C00242,P0207,1,0.05,207.35,Wallet,Delivered
O004053,2025-05-23,C00796,P0093,4,0.05,64.32,Net Banking,Delivered
O004054,2024-05-04,C00021,P0139,1,0.05,322.69,UPI,Delivered
O004055,2024-07-09,C01201,P0064,1,0.0,140.72,UPI,Delivered
O004056,2025-10-26,C00725,P0079,1,0.15,403.97,Wallet,Processing
O004056,2025-10-26,C00725,P0006,1,0.2,149.26,Credit Card,Cancelled
O004057,2025-07-22,C00650,P0087,1,0.0,64.23,Cash on Delivery,Processing
O004057,2025-07-22,C00650,P0062,1,0.05,357.95,Cash on Delivery,Delivered
O004057,2025-07-22,C00650,P0019,1,0.05,326.72,Cash on Delivery,Delivered
O004058,2025-05-09,C00514,P0057,2,0.2,237.92,Cash on Delivery,Shipped
O004058,2025-05-09,C00514,P0134,1,0.2,429.23,UPI,Delivered
O004059,2024-11-21,C01070,P0221,4,0.15,158.48,Net Banking,Shipped
O004059,2024-11-21,C01070,P0238,2,0.05,287.17,Net Banking,Delivered
O004060,2025-04-13,C00896,P0149,1,0.25,81.53,Credit Card,Delivered
O004061,2024-04-18,C00340,P0114,1,0.05,375.7,Net Banking,Delivered
O004061,2024-04-18,C00340,P0249,1,0.05,426.69,UPI,Cancelled
O004062,2024-10-21,C00403,P0024,1,0.1,27.66,UPI,Delivered
O004063,2025-05-08,C00125,P0011,1,0.2,242.07,UPI,Delivered
O004064,2024-09-30,C01353,P0131,1,0.1,481.6,Credit Card,Delivered
O004065,2024-08-29,C01238,P0002,2,0.1,241.53,Wallet,Delivered
O004066,2025-01-13,C00011,P0148,2,0.05,365.42,UPI,Delivered
O004067,2025-06-11,C00737,P0078,3,0.1,292.05,Wallet,Cancelled
O004067,2025-06-11,C00737,P0008,1,0.25,485.06,UPI,Shipped
O004068,2024-12-27,C00595,P0087,1,0.15,225.24,Credit Card,Processing
O004069,2025-06-13,C00023,P0156,1,0.2,487.23,UPI,Delivered
O004070,2025-07-04,C00041,P0068,2,0.1,170.01,Wallet,Delivered
O004071,2025-12-06,C01052,P0088,4,0.1,138.3,UPI,Cancelled
O004072,2025-07-05,C00859,P0088,1,0.15,376.77,Cash on Delivery,Processing
O004073,2026-01-16,C00807,P0072,3,0.0,81.42,UPI,Delivered
O004074,2025-08-25,C00022,P0234,1,0.1,318.14,Cash on Delivery,Processing
O004074,2025-08-25,C00022,P0006,1,0.05,139.31,Net Banking,Shipped
O004075,2025-05-01,C00631,P0027,1,0.05,375.46,Cash on Delivery,Delivered
O004076,2025-08-02,C01175,P0125,1,0.0,61.63,UPI,Delivered
O004077,2026-03-27,C01015,P0106,1,0.0,333.35,UPI,Delivered
O004078,2025-07-08,C00525,P0215,2,0.1,38.12,Credit Card,Shipped
O004079,2026-03-22,C01143,P0247,1,0.15,451.74,Cash on Delivery,Cancelled
O004080,2025-02-20,C00073,P0146,1,0.1,333.64,Debit Card,Delivered
O004080,2025-02-20,C00073,P0041,1,0.0,183.05,Credit Card,Delivered
O004081,2025-12-25,C00056,P0080,1,0.1,68.63,Credit Card,Delivered
O004081,2025-12-25,C00056,P0173,1,0.1,254.61,Credit Card,Shipped
O004082,2024-06-14,C00686,P0163,1,0.15,160.36,Credit Card,Delivered
O004082,2024-06-14,C00686,P0151,1,0.05,377.58,UPI,Delivered
O004082,2024-06-14,C00686,P0072,1,0.2,408.53,Wallet,Shipped
O004083,2024-09-01,C00415,P0192,1,0.0,491.49,UPI,Cancelled
O004084,2024-07-25,C00882,P0195,3,0.1,279.26,Credit Card,Processing
O004084,2024-07-25,C00882,P0197,1,0.0,431.23,Debit Card,Delivered
O004085,2025-01-31,C00414,P0130,1,0.1,214.02,Cash on Delivery,Delivered
O004085,2025-01-31,C00414,P0107,1,0.25,446.33,UPI,Delivered
O004086,2025-01-19,C00029,P0240,4,0.1,225.6,Cash on Delivery,Delivered
O004087,2024-07-28,C00192,P0105,1,0.2,383.61,Cash on Delivery,Delivered
O004087,2024-07-28,C00192,P0115,1,0.0,46.85,Credit Card,Cancelled
O004088,2025-12-18,C00849,P0026,2,0.15,138.32,Debit Card,Delivered
O004088,2025-12-18,C00849,P0205,1,0.15,70.0,UPI,Processing
O004089,2024-04-13,C01310,P0193,2,0.2,292.07,Credit Card,Delivered
O004089,2024-04-13,C01310,P0247,3,0.1,208.25,Cash on Delivery,Delivered
O004090,2024-11-23,C01165,P0202,1,0.1,442.28,Debit Card,Delivered
O004090,2024-11-23,C01165,P0008,4,0.2,431.99,Wallet,Delivered
O004091,2025-01-01,C01108,P0005,2,0.0,174.34,Credit Card,Delivered
O004092,2025-10-25,C00850,P0006,1,0.15,376.57,UPI,Cancelled
O004092,2025-10-25,C00850,P0093,2,0.2,91.85,UPI,Delivered
O004093,2024-06-23,C01312,P0189,1,0.15,381.84,UPI,Processing
O004093,2024-06-23,C01312,P0127,2,0.0,225.65,Credit Card,Processing
O004094,2026-01-27,C00708,P0223,4,0.2,178.36,UPI,Delivered
O004094,2026-01-27,C00708,P0071,1,0.1,376.06,Credit Card,Processing
O004095,2025-03-28,C00508,P0110,1,0.05,434.98,Credit Card,Processing
O004096,2025-10-07,C00477,P0155,1,0.2,36.49,Credit Card,Shipped
O004097,2025-02-06,C01471,P0101,1,0.1,101.93,Net Banking,Delivered
O004097,2025-02-06,C01471,P0211,1,0.2,336.22,UPI,Shipped
O004098,2024-08-30,C00580,P0001,1,0.0,453.88,Debit Card,Cancelled
O004098,2024-08-30,C00580,P0244,2,0.15,176.42,Debit Card,Shipped
O004099,2024-09-20,C00537,P0096,1,0.1,372.63,Cash on Delivery,Delivered
O004100,2025-01-26,C00449,P0112,2,0.0,341.49,Debit Card,Delivered
O004101,2025-01-19,C00107,P0205,2,0.1,26.11,UPI,Cancelled
O004102,2025-01-02,C00404,P0048,2,0.2,265.88,Credit Card,Delivered
O004103,2025-11-09,C01135,P0212,3,0.05,161.44,Credit Card,Delivered
O004103,2025-11-09,C01135,P0178,1,0.3,191.05,Credit Card,Delivered
O004104,2025-11-08,C00317,P0054,1,0.1,409.72,Credit Card,Processing
O004104,2025-11-08,C00317,P0100,1,0.05,110.19,Debit Card,Delivered
O004105,2025-11-09,C00967,P0132,3,0.05,310.37,UPI,Processing
O004106,2024-10-26,C00803,P0039,2,0.2,459.74,Debit Card,Delivered
O004107,2025-01-30,C00355,P0137,1,0.15,493.64,UPI,Shipped
O004107,2025-01-30,C00355,P0021,1,0.05,478.73,UPI,Shipped
O004108,2025-10-23,C00408,P0169,3,0.0,468.21,UPI,Delivered
O004109,2025-01-03,C00300,P0003,1,0.15,382.15,Debit Card,Delivered
O004109,2025-01-03,C00300,P0102,3,0.2,155.33,Debit Card,Cancelled
O004109,2025-01-03,C00300,P0045,1,0.1,423.04,UPI,Shipped
O004110,2024-04-24,C01061,P0187,2,0.1,355.59,Credit Card,Cancelled
O004111,2024-09-14,C01179,P0195,1,0.2,377.35,Credit Card,Shipped
O004111,2024-09-14,C01179,P0033,1,0.05,492.69,UPI,Delivered
O004111,2024-09-14,C01179,P0084,1,0.1,184.81,Cash on Delivery,Delivered
O004112,2024-07-10,C00908,P0135,2,0.1,233.1,Debit Card,Delivered
O004113,2026-01-27,C01369,P0234,2,0.05,245.03,Debit Card,Delivered
O004114,2026-03-06,C00795,P0190,1,0.1,141.54,Debit Card,Delivered
O004115,2025-09-12,C00553,P0069,4,0.0,68.95,Net Banking,Cancelled
O004116,2024-08-27,C01157,P0236,2,0.0,466.17,Net Banking,Delivered
O004116,2024-08-27,C01157,P0120,1,0.15,146.51,Credit Card,Delivered
O004117,2024-08-01,C00118,P0097,1,0.2,271.06,Debit Card,Shipped
O004118,2024-07-28,C00637,P0009,2,0.0,127.24,Credit Card,Delivered
O004119,2025-04-23,C01178,P0194,1,0.15,122.71,Debit Card,Delivered
O004119,2025-04-23,C01178,P0172,1,0.05,314.4,Debit Card,Delivered
O004120,2024-12-03,C00596,P0044,1,0.15,150.89,UPI,Processing
O004121,2024-06-23,C00494,P0228,2,0.05,193.83,Debit Card,Delivered
O004121,2024-06-23,C00494,P0040,1,0.2,33.06,UPI,Shipped
O004122,2025-02-25,C00372,P0119,1,0.05,270.35,Cash on Delivery,Shipped
O004123,2024-05-13,C00264,P0021,1,0.05,135.37,Cash on Delivery,Delivered
O004124,2025-02-27,C00762,P0015,1,0.0,96.65,Debit Card,Delivered
O004125,2025-12-01,C00227,P0158,3,0.1,334.86,Credit Card,Processing
O004125,2025-12-01,C00227,P0108,1,0.2,403.02,Debit Card,Delivered
O004126,2026-01-05,C01069,P0233,1,0.1,379.6,Credit Card,Delivered
O004127,2025-11-09,C00590,P0153,1,0.15,150.51,Credit Card,Delivered
O004127,2025-11-09,C00590,P0235,1,0.0,355.07,Net Banking,Cancelled
O004128,2025-08-26,C00893,P0217,1,0.2,119.95,UPI,Processing
O004129,2025-12-20,C00004,P0238,1,0.05,102.81,Wallet,Delivered
O004130,2025-04-11,C00215,P0120,1,0.0,498.45,Credit Card,Delivered
O004131,2026-03-13,C00981,P0129,1,0.15,330.96,Credit Card,Delivered
O004131,2026-03-13,C00981,P0051,4,0.05,181.6,Cash on Delivery,Delivered
O004132,2025-07-12,C00984,P0076,1,0.1,334.89,UPI,Processing
O004133,2025-02-17,C01481,P0001,2,0.15,32.79,UPI,Shipped
O004133,2025-02-17,C01481,P0173,2,0.0,264.64,Net Banking,Shipped
O004134,2025-05-27,C00850,P0084,1,0.25,135.87,Debit Card,Delivered
O004135,2024-08-07,C00031,P0138,3,0.05,319.45,Wallet,Delivered
O004135,2024-08-07,C00031,P0131,1,0.1,392.34,Credit Card,Delivered
O004136,2025-11-26,C00345,P0100,2,0.0,156.56,Debit Card,Processing
O004136,2025-11-26,C00345,P0191,4,0.05,47.93,Cash on Delivery,Delivered
O004137,2025-10-09,C00955,P0020,1,0.05,34.43,Cash on Delivery,Delivered
O004137,2025-10-09,C00955,P0095,1,0.05,282.67,Credit Card,Delivered
O004138,2024-05-09,C00745,P0216,1,0.1,457.55,UPI,Delivered
O004139,2025-04-10,C01432,P0069,1,0.05,311.57,Credit Card,Cancelled
O004139,2025-04-10,C01432,P0057,1,0.15,67.89,Cash on Delivery,Delivered
O004140,2025-05-25,C00356,P0233,2,0.0,45.45,Debit Card,Processing
O004141,2024-09-14,C00901,P0184,1,0.15,38.73,Net Banking,Processing
O004142,2024-09-13,C00553,P0250,1,0.1,409.75,UPI,Processing
O004143,2025-03-21,C00997,P0138,1,0.1,210.97,Cash on Delivery,Delivered
O004144,2025-03-08,C00086,P0149,2,0.1,366.72,UPI,Delivered
O004145,2024-08-30,C00163,P0098,1,0.15,390.96,UPI,Delivered
O004145,2024-08-30,C00163,P0156,3,0.15,40.92,Net Banking,Delivered
O004146,2025-11-15,C00504,P0091,1,0.1,281.82,UPI,Delivered
O004147,2025-01-25,C01142,P0041,1,0.2,37.65,UPI,Cancelled
O004148,2025-08-09,C01246,P0115,1,0.1,59.97,Wallet,Delivered
O004149,2025-10-28,C01095,P0125,1,0.2,310.79,Net Banking,Shipped
O004150,2025-01-11,C00960,P0043,1,0.15,90.44,Debit Card,Cancelled
O004151,2025-11-20,C00508,P0130,1,0.0,441.34,Wallet,Shipped
O004152,2024-11-01,C01038,P0089,1,0.25,294.49,Debit Card,Delivered
O004153,2026-01-03,C00233,P0115,1,0.15,448.22,Debit Card,Delivered
O004154,2024-04-06,C01139,P0192,1,0.2,178.2,Wallet,Delivered
O004154,2024-04-06,C01139,P0072,1,0.15,375.85,UPI,Delivered
O004154,2024-04-06,C01139,P0103,1,0.2,177.33,Net Banking,Shipped
O004155,2025-02-02,C00082,P0101,1,0.25,156.83,UPI,Cancelled
O004156,2025-07-01,C00693,P0173,4,0.25,251.08,Credit Card,Delivered
O004156,2025-07-01,C00693,P0154,4,0.3,47.43,Cash on Delivery,Delivered
O004157,2025-04-18,C00636,P0219,2,0.05,186.84,UPI,Delivered
O004157,2025-04-18,C00636,P0214,1,0.15,84.29,UPI,Cancelled
O004158,2025-09-03,C01375,P0078,1,0.15,296.71,UPI,Shipped
O004159,2024-10-30,C00765,P0193,1,0.1,152.06,Cash on Delivery,Processing
O004160,2025-06-26,C01396,P0242,1,0.1,260.48,Cash on Delivery,Delivered
O004160,2025-06-26,C01396,P0084,1,0.3,102.34,UPI,Delivered
O004161,2025-01-27,C00998,P0061,1,0.1,449.82,Debit Card,Delivered
O004161,2025-01-27,C00998,P0164,1,0.05,137.16,Debit Card,Delivered
O004162,2024-04-20,C00114,P0005,2,0.1,443.47,UPI,Delivered
O004163,2024-04-05,C00075,P0216,1,0.05,456.76,UPI,Delivered
O004163,2024-04-05,C00075,P0142,1,0.1,295.61,Net Banking,Shipped
O004163,2024-04-05,C00075,P0167,1,0.15,181.55,Debit Card,Shipped
O004164,2024-10-17,C00668,P0145,2,0.0,475.93,UPI,Cancelled
O004164,2024-10-17,C00668,P0213,1,0.1,87.23,Net Banking,Delivered
O004165,2025-03-23,C01407,P0147,1,0.15,30.58,Credit Card,Delivered
O004166,2024-05-21,C01356,P0107,1,0.05,73.6,Cash on Delivery,Delivered
O004167,2025-12-25,C00096,P0104,1,0.1,146.25,Credit Card,Delivered
O004167,2025-12-25,C00096,P0231,1,0.1,248.37,UPI,Processing
O004168,2025-07-27,C00831,P0237,1,0.2,466.0,Credit Card,Shipped
O004169,2025-08-16,C00035,P0238,1,0.1,289.64,Debit Card,Cancelled
O004169,2025-08-16,C00035,P0091,2,0.1,459.43,Net Banking,Cancelled
O004170,2024-07-15,C00142,P0015,1,0.2,222.43,UPI,Delivered
O004171,2025-10-12,C00591,P0009,1,0.1,461.54,Credit Card,Delivered
O004172,2024-05-21,C01045,P0106,1,0.1,84.76,UPI,Delivered
O004173,2024-12-18,C00857,P0161,3,0.15,138.15,UPI,Delivered
O004174,2025-08-15,C00634,P0183,1,0.15,302.84,Wallet,Delivered
O004174,2025-08-15,C00634,P0247,2,0.15,111.34,Wallet,Delivered
O004175,2025-06-03,C00631,P0012,3,0.05,81.55,Credit Card,Delivered
O004176,2025-06-30,C00416,P0126,2,0.1,202.96,Debit Card,Cancelled
O004177,2024-05-14,C00704,P0217,2,0.0,417.56,Wallet,Processing
O004178,2025-10-02,C01193,P0173,1,0.1,56.75,Credit Card,Cancelled
O004179,2025-07-02,C00209,P0027,2,0.25,46.13,Credit Card,Processing
O004180,2025-10-01,C01289,P0091,2,0.15,450.49,Debit Card,Cancelled
O004181,2024-12-19,C01148,P0208,1,0.1,325.2,Debit Card,Cancelled
O004182,2025-07-13,C00883,P0242,1,0.0,280.21,Credit Card,Cancelled
O004182,2025-07-13,C00883,P0080,1,0.2,68.15,Credit Card,Shipped
O004183,2025-05-23,C00885,P0078,1,0.15,415.18,UPI,Delivered
O004184,2025-03-27,C01067,P0071,2,0.15,200.35,UPI,Cancelled
O004185,2025-10-25,C00772,P0098,1,0.05,28.11,UPI,Delivered
O004186,2025-06-21,C00883,P0055,1,0.25,354.32,Credit Card,Delivered
O004186,2025-06-21,C00883,P0096,3,0.1,87.38,Debit Card,Delivered
O004187,2025-11-07,C00081,P0215,1,0.0,79.98,Net Banking,Delivered
O004188,2024-04-12,C00798,P0249,1,0.05,240.24,UPI,Processing
O004188,2024-04-12,C00798,P0039,2,0.15,355.46,UPI,Delivered
O004189,2025-10-07,C00430,P0228,1,0.0,206.94,Credit Card,Processing
O004190,2024-08-12,C00513,P0146,1,0.1,65.77,Credit Card,Delivered
O004190,2024-08-12,C00513,P0143,1,0.0,435.53,UPI,Delivered
O004191,2025-01-01,C00440,P0109,1,0.3,404.83,Debit Card,Shipped
O004191,2025-01-01,C00440,P0129,3,0.0,408.62,Debit Card,Processing
O004192,2025-03-26,C01206,P0072,1,0.05,320.43,Debit Card,Delivered
O004193,2024-06-18,C00584,P0154,1,0.25,443.95,Credit Card,Cancelled
O004194,2024-04-23,C01293,P0085,1,0.15,323.53,UPI,Shipped
O004195,2025-05-13,C00417,P0215,1,0.05,262.08,Cash on Delivery,Shipped
O004195,2025-05-13,C00417,P0081,1,0.05,227.69,UPI,Delivered
O004196,2024-11-27,C00143,P0154,2,0.15,393.25,Credit Card,Delivered
O004197,2025-05-03,C01227,P0060,1,0.0,314.84,Debit Card,Delivered
O004198,2025-05-19,C00484,P0012,1,0.0,397.16,Cash on Delivery,Delivered
O004198,2025-05-19,C00484,P0091,1,0.2,429.09,Debit Card,Delivered
O004199,2025-01-01,C00533,P0140,1,0.0,65.17,Credit Card,Shipped
O004200,2024-11-26,C00739,P0158,1,0.1,457.25,Net Banking,Delivered
O004201,2024-08-04,C00929,P0228,1,0.05,318.23,Credit Card,Delivered
O004202,2024-06-04,C00195,P0044,2,0.0,85.57,Debit Card,Cancelled
O004202,2024-06-04,C00195,P0173,1,0.05,107.78,UPI,Processing
O004202,2024-06-04,C00195,P0121,1,0.05,67.67,Cash on Delivery,Delivered
O004203,2024-09-24,C01272,P0091,2,0.05,450.03,UPI,Shipped
O004204,2025-10-11,C01459,P0048,2,0.1,345.76,UPI,Processing
O004204,2025-10-11,C01459,P0151,1,0.05,216.94,Wallet,Delivered
O004205,2026-01-03,C00448,P0209,1,0.25,60.19,UPI,Delivered
O004205,2026-01-03,C00448,P0103,1,0.1,460.56,Credit Card,Delivered
O004206,2025-10-14,C00511,P0172,1,0.2,392.44,Cash on Delivery,Delivered
O004207,2025-07-13,C00588,P0116,1,0.1,230.26,UPI,Processing
O004208,2025-02-10,C01114,P0044,1,0.15,298.31,Debit Card,Delivered
O004209,2026-01-10,C00704,P0171,1,0.05,395.96,UPI,Processing
O004210,2025-01-10,C01002,P0217,1,0.0,168.41,Credit Card,Delivered
O004211,2025-06-07,C01121,P0206,1,0.1,425.28,UPI,Cancelled
O004212,2025-04-10,C01172,P0158,2,0.1,295.77,Debit Card,Delivered
O004212,2025-04-10,C01172,P0165,1,0.0,332.26,UPI,Delivered
O004212,2025-04-10,C01172,P0049,2,0.15,255.19,UPI,Delivered
O004213,2025-02-08,C00924,P0088,1,0.05,405.33,UPI,Cancelled
O004213,2025-02-08,C00924,P0067,1,0.1,394.05,Credit Card,Shipped
O004214,2024-09-23,C00910,P0008,1,0.15,45.61,Debit Card,Delivered
O004215,2024-07-16,C00671,P0187,2,0.15,182.81,UPI,Shipped
O004215,2024-07-16,C00671,P0233,1,0.05,73.44,Debit Card,Delivered
O004216,2025-07-18,C00681,P0057,3,0.05,154.18,Net Banking,Delivered
O004217,2024-07-12,C00523,P0029,1,0.05,134.0,Debit Card,Shipped
O004218,2024-11-29,C01426,P0062,1,0.25,381.59,UPI,Processing
O004218,2024-11-29,C01426,P0123,1,0.05,60.84,UPI,Delivered
O004219,2025-11-20,C01010,P0198,1,0.05,379.37,Debit Card,Delivered
O004220,2025-04-21,C01377,P0094,4,0.15,94.27,UPI,Delivered
O004220,2025-04-21,C01377,P0062,1,0.1,284.67,UPI,Cancelled
O004220,2025-04-21,C01377,P0199,1,0.1,394.85,Net Banking,Processing
O004221,2025-09-08,C01197,P0004,1,0.2,374.78,Credit Card,Delivered
O004222,2025-09-18,C00190,P0217,2,0.1,122.52,Credit Card,Cancelled
O004223,2025-08-07,C01224,P0097,1,0.1,282.96,UPI,Delivered
O004223,2025-08-07,C01224,P0157,1,0.15,224.54,Credit Card,Delivered
O004224,2024-06-28,C00981,P0228,2,0.05,83.47,Credit Card,Cancelled
O004225,2024-09-08,C00294,P0184,2,0.1,150.42,Net Banking,Cancelled
O004225,2024-09-08,C00294,P0144,1,0.2,373.23,Credit Card,Delivered
O004226,2026-03-23,C01148,P0032,2,0.05,248.05,UPI,Delivered
O004227,2025-10-08,C00517,P0249,2,0.0,426.42,Debit Card,Delivered
O004227,2025-10-08,C00517,P0134,2,0.25,389.99,UPI,Processing
O004227,2025-10-08,C00517,P0185,1,0.0,329.74,Debit Card,Shipped
O004228,2024-09-16,C01446,P0014,2,0.0,305.25,UPI,Delivered
O004228,2024-09-16,C01446,P0113,1,0.15,134.66,Cash on Delivery,Cancelled
O004229,2024-06-03,C00796,P0028,1,0.1,289.48,Net Banking,Cancelled
O004230,2024-12-03,C00325,P0013,1,0.1,336.22,Debit Card,Delivered
O004230,2024-12-03,C00325,P0205,3,0.05,271.78,Net Banking,Cancelled
O004231,2026-03-25,C00942,P0236,1,0.15,325.36,Cash on Delivery,Shipped
O004232,2025-03-27,C01454,P0032,1,0.15,232.92,Credit Card,Processing
O004232,2025-03-27,C01454,P0012,1,0.05,366.93,Wallet,Shipped
O004232,2025-03-27,C01454,P0145,1,0.05,318.23,Credit Card,Delivered
O004233,2025-09-05,C01231,P0081,3,0.2,472.76,UPI,Delivered
O004233,2025-09-05,C01231,P0120,2,0.1,479.92,Debit Card,Delivered
O004234,2024-04-08,C00639,P0114,1,0.05,449.97,Debit Card,Delivered
O004234,2024-04-08,C00639,P0088,1,0.15,480.29,UPI,Delivered
O004235,2025-01-23,C01306,P0013,1,0.2,475.48,UPI,Delivered
O004235,2025-01-23,C01306,P0202,1,0.1,304.66,Credit Card,Delivered
O004235,2025-01-23,C01306,P0138,2,0.05,127.53,UPI,Cancelled
O004236,2025-02-23,C00487,P0155,2,0.05,38.5,Cash on Delivery,Processing
O004236,2025-02-23,C00487,P0181,3,0.0,213.89,Credit Card,Cancelled
O004236,2025-02-23,C00487,P0139,1,0.05,274.03,UPI,Processing
O004237,2025-05-22,C00842,P0152,1,0.05,158.23,UPI,Shipped
O004238,2025-05-12,C00940,P0175,1,0.1,345.87,Net Banking,Delivered
O004239,2024-07-07,C00361,P0108,2,0.1,191.3,UPI,Delivered
O004239,2024-07-07,C00361,P0174,3,0.1,466.28,Debit Card,Cancelled
O004240,2025-07-13,C01155,P0213,1,0.15,329.16,Net Banking,Delivered
O004241,2024-07-15,C00167,P0002,1,0.0,330.1,Debit Card,Delivered
O004242,2024-09-26,C01345,P0067,1,0.05,238.27,UPI,Delivered
O004242,2024-09-26,C01345,P0038,4,0.05,421.27,Credit Card,Delivered
O004243,2024-07-09,C00325,P0211,1,0.1,132.77,Credit Card,Delivered
O004244,2025-10-30,C01299,P0142,1,0.1,62.21,Credit Card,Shipped
O004244,2025-10-30,C01299,P0018,1,0.3,86.8,Credit Card,Processing
O004244,2025-10-30,C01299,P0076,2,0.0,57.61,Credit Card,Cancelled
O004245,2025-10-05,C01136,P0047,1,0.1,352.88,Net Banking,Delivered
O004246,2025-01-02,C01274,P0070,1,0.1,337.33,Credit Card,Delivered
O004247,2025-07-09,C00271,P0140,2,0.25,315.63,Net Banking,Cancelled
O004247,2025-07-09,C00271,P0162,1,0.15,56.85,Debit Card,Delivered
O004248,2025-01-16,C00297,P0194,2,0.1,235.23,Wallet,Delivered
O004249,2024-04-07,C00758,P0149,1,0.05,413.75,Debit Card,Delivered
O004250,2024-07-15,C00650,P0094,2,0.0,126.74,Cash on Delivery,Delivered
O004251,2024-11-25,C01280,P0057,2,0.15,412.88,UPI,Processing
O004251,2024-11-25,C01280,P0156,1,0.0,191.67,UPI,Cancelled
O004252,2025-12-24,C00741,P0241,4,0.05,47.25,UPI,Delivered
O004253,2025-06-14,C00912,P0049,1,0.05,161.6,UPI,Delivered
O004254,2025-05-08,C01162,P0161,1,0.1,71.7,Debit Card,Delivered
O004254,2025-05-08,C01162,P0043,2,0.0,345.56,Debit Card,Delivered
O004255,2025-11-09,C01384,P0166,2,0.05,209.27,UPI,Delivered
O004256,2025-07-24,C00393,P0206,1,0.1,167.42,UPI,Delivered
O004257,2025-06-10,C01249,P0173,3,0.1,117.73,Cash on Delivery,Delivered
O004258,2025-09-07,C00712,P0195,1,0.05,491.7,UPI,Shipped
O004259,2025-02-19,C00325,P0049,2,0.05,265.48,Credit Card,Delivered
O004260,2025-04-26,C00627,P0131,1,0.05,206.56,Credit Card,Delivered
O004260,2025-04-26,C00627,P0117,1,0.2,150.74,UPI,Delivered
O004261,2024-12-16,C00275,P0114,2,0.05,52.65,Credit Card,Cancelled
O004261,2024-12-16,C00275,P0152,1,0.05,435.28,UPI,Delivered
O004262,2025-01-28,C00963,P0028,1,0.0,432.97,Credit Card,Delivered
O004263,2026-03-17,C00601,P0216,1,0.1,48.21,Debit Card,Delivered
O004264,2025-11-12,C00960,P0147,1,0.1,35.8,Credit Card,Shipped
O004265,2024-09-24,C00175,P0044,1,0.1,82.17,Credit Card,Shipped
O004266,2026-02-12,C01337,P0108,1,0.05,442.27,UPI,Delivered
O004266,2026-02-12,C01337,P0180,1,0.2,430.75,UPI,Delivered
O004267,2026-03-27,C00068,P0159,3,0.05,455.93,Debit Card,Shipped
O004268,2025-06-11,C01407,P0060,3,0.2,486.5,Debit Card,Shipped
O004268,2025-06-11,C01407,P0048,1,0.05,428.81,UPI,Delivered
O004269,2026-02-08,C00325,P0135,1,0.0,351.93,Credit Card,Shipped
O004270,2025-05-05,C00492,P0090,2,0.15,410.4,Wallet,Shipped
O004271,2025-11-18,C00140,P0032,1,0.05,370.18,UPI,Delivered
O004271,2025-11-18,C00140,P0230,1,0.25,52.5,Credit Card,Delivered
O004272,2025-03-09,C00692,P0186,1,0.15,26.04,Cash on Delivery,Shipped
O004272,2025-03-09,C00692,P0245,3,0.15,145.23,Credit Card,Shipped
O004273,2025-11-08,C01187,P0208,1,0.1,31.31,Net Banking,Shipped
O004273,2025-11-08,C01187,P0061,2,0.1,100.21,Wallet,Processing
O004274,2024-10-23,C01497,P0189,1,0.1,305.46,Net Banking,Delivered
O004275,2025-03-10,C00861,P0132,1,0.15,241.88,UPI,Cancelled
O004276,2025-04-08,C01178,P0157,2,0.1,330.85,Wallet,Shipped
O004276,2025-04-08,C01178,P0165,1,0.15,139.52,Credit Card,Delivered
O004276,2025-04-08,C01178,P0100,1,0.2,272.31,Net Banking,Cancelled
O004277,2024-10-11,C00548,P0126,3,0.1,458.43,Wallet,Delivered
O004278,2026-01-21,C01446,P0235,1,0.1,254.28,Cash on Delivery,Processing
O004279,2025-06-01,C00730,P0239,2,0.1,477.59,Cash on Delivery,Cancelled
O004280,2024-05-28,C00050,P0066,1,0.05,347.13,Credit Card,Delivered
O004280,2024-05-28,C00050,P0045,1,0.05,475.9,Wallet,Delivered
O004281,2025-04-05,C00888,P0191,1,0.15,110.87,Net Banking,Delivered
O004281,2025-04-05,C00888,P0250,2,0.1,386.38,Debit Card,Delivered
O004282,2025-01-15,C00399,P0208,4,0.3,260.44,Debit Card,Delivered
O004283,2026-02-20,C00013,P0240,1,0.0,160.75,Cash on Delivery,Delivered
O004283,2026-02-20,C00013,P0186,1,0.0,180.06,Cash on Delivery,Delivered
O004284,2024-06-24,C01376,P0197,1,0.1,25.58,UPI,Processing
O004285,2025-03-11,C00454,P0044,1,0.0,232.41,Net Banking,Shipped
O004285,2025-03-11,C00454,P0031,3,0.1,391.54,Credit Card,Cancelled
O004285,2025-03-11,C00454,P0189,1,0.05,269.98,Wallet,Delivered
O004286,2024-11-14,C01073,P0017,1,0.15,26.96,Debit Card,Delivered
O004286,2024-11-14,C01073,P0237,1,0.15,489.67,Credit Card,Processing
O004286,2024-11-14,C01073,P0034,1,0.15,142.28,UPI,Processing
O004287,2024-06-30,C00140,P0106,2,0.15,129.85,UPI,Delivered
O004288,2024-05-15,C00815,P0049,1,0.2,165.74,Debit Card,Delivered
O004289,2024-07-30,C01133,P0229,1,0.2,42.0,Credit Card,Processing
O004290,2025-09-18,C00323,P0174,1,0.15,36.31,Credit Card,Cancelled
O004291,2024-07-30,C00186,P0139,1,0.2,96.52,Debit Card,Delivered
O004292,2025-05-26,C01210,P0028,1,0.1,116.42,Cash on Delivery,Processing
O004293,2024-06-08,C00261,P0243,2,0.1,376.35,UPI,Cancelled
O004294,2025-12-31,C01069,P0092,1,0.15,126.94,UPI,Delivered
O004295,2025-05-14,C01302,P0031,2,0.1,180.31,UPI,Delivered
O004295,2025-05-14,C01302,P0177,4,0.0,232.37,Net Banking,Delivered
O004296,2025-06-08,C00394,P0122,1,0.15,59.42,Wallet,Cancelled
O004296,2025-06-08,C00394,P0033,4,0.05,327.04,UPI,Processing
O004297,2024-07-10,C01121,P0244,1,0.15,496.68,Debit Card,Processing
O004297,2024-07-10,C01121,P0165,3,0.15,84.0,UPI,Delivered
O004297,2024-07-10,C01121,P0071,2,0.25,426.82,Cash on Delivery,Cancelled
O004298,2025-12-14,C01385,P0154,4,0.15,42.73,UPI,Delivered
O004299,2024-08-04,C01023,P0180,1,0.1,423.11,Cash on Delivery,Delivered
O004300,2025-05-26,C01151,P0199,1,0.0,50.24,Wallet,Shipped
O004301,2026-03-30,C00167,P0121,1,0.05,473.83,Credit Card,Delivered
O004302,2025-08-13,C00637,P0003,1,0.15,124.13,UPI,Delivered
O004302,2025-08-13,C00637,P0054,1,0.1,439.73,Net Banking,Shipped
O004303,2025-07-01,C00537,P0102,1,0.15,28.47,Debit Card,Delivered
O004303,2025-07-01,C00537,P0069,1,0.05,457.31,Credit Card,Cancelled
O004304,2025-09-16,C00466,P0061,1,0.1,172.58,Cash on Delivery,Delivered
O004304,2025-09-16,C00466,P0039,1,0.15,57.04,UPI,Delivered
O004304,2025-09-16,C00466,P0075,2,0.25,483.8,Debit Card,Delivered
O004305,2025-11-22,C01050,P0040,1,0.1,49.88,Credit Card,Delivered
O004306,2025-11-25,C00548,P0249,1,0.1,244.27,Debit Card,Shipped
O004307,2025-04-13,C00247,P0155,1,0.2,355.24,UPI,Processing
O004308,2024-10-13,C00175,P0049,2,0.25,240.5,UPI,Delivered
O004309,2026-02-15,C00825,P0008,2,0.15,262.46,UPI,Delivered
O004310,2024-09-04,C00791,P0154,2,0.05,26.0,Debit Card,Delivered
O004311,2025-11-06,C00770,P0117,2,0.0,143.96,Debit Card,Delivered
O004312,2024-09-30,C00611,P0047,1,0.0,147.52,Wallet,Delivered
O004312,2024-09-30,C00611,P0045,2,0.15,491.63,Credit Card,Delivered
O004313,2025-03-24,C01248,P0069,1,0.15,431.24,Debit Card,Delivered
O004314,2024-12-24,C00971,P0097,1,0.15,135.49,UPI,Cancelled
O004315,2025-10-08,C00939,P0249,1,0.1,135.3,Credit Card,Processing
O004316,2024-09-03,C00346,P0189,1,0.2,493.97,UPI,Delivered
O004317,2025-09-26,C00295,P0220,2,0.1,133.83,Debit Card,Processing
O004317,2025-09-26,C00295,P0075,1,0.1,139.18,Credit Card,Delivered
O004318,2025-08-16,C01136,P0197,1,0.2,390.27,Credit Card,Shipped
O004319,2025-12-09,C00186,P0201,1,0.1,118.26,UPI,Cancelled
O004319,2025-12-09,C00186,P0083,2,0.2,485.42,Wallet,Delivered
O004320,2024-06-21,C00174,P0247,2,0.1,56.3,Net Banking,Delivered
O004321,2024-12-07,C01049,P0210,2,0.05,110.3,Debit Card,Delivered
O004322,2025-04-28,C00808,P0231,1,0.25,329.86,UPI,Delivered
O004323,2024-04-04,C00175,P0061,1,0.15,435.29,UPI,Delivered
O004324,2024-12-27,C00128,P0244,1,0.15,436.06,Debit Card,Delivered
O004324,2024-12-27,C00128,P0222,1,0.0,355.31,Credit Card,Shipped
O004324,2024-12-27,C00128,P0130,2,0.1,240.77,Debit Card,Shipped
O004325,2025-10-03,C00318,P0229,1,0.15,325.52,UPI,Processing
O004326,2026-02-15,C01337,P0160,2,0.1,107.72,UPI,Shipped
O004327,2025-12-12,C00303,P0133,2,0.0,314.11,UPI,Shipped
O004327,2025-12-12,C00303,P0199,1,0.05,433.51,UPI,Shipped
O004328,2025-01-21,C01393,P0093,2,0.05,499.26,Net Banking,Delivered
O004329,2024-07-10,C00048,P0051,1,0.05,290.82,Credit Card,Delivered
O004330,2025-07-08,C00045,P0195,1,0.25,470.2,UPI,Processing
O004330,2025-07-08,C00045,P0137,1,0.1,255.6,Debit Card,Delivered
O004331,2024-04-24,C00796,P0175,1,0.0,133.99,UPI,Delivered
O004331,2024-04-24,C00796,P0089,3,0.05,146.22,Credit Card,Delivered
O004332,2026-01-18,C01486,P0066,1,0.0,76.13,Debit Card,Delivered
O004332,2026-01-18,C01486,P0006,1,0.2,324.59,Cash on Delivery,Delivered
O004333,2024-08-19,C00616,P0201,1,0.2,452.86,Credit Card,Processing
O004334,2026-02-19,C00435,P0110,2,0.1,198.57,Cash on Delivery,Delivered
O004334,2026-02-19,C00435,P0002,2,0.15,472.14,UPI,Processing
O004335,2024-09-14,C01055,P0121,1,0.1,384.54,Credit Card,Delivered
O004335,2024-09-14,C01055,P0140,1,0.1,110.95,UPI,Delivered
O004335,2024-09-14,C01055,P0153,1,0.1,376.93,Credit Card,Delivered
O004336,2024-08-18,C00169,P0106,1,0.1,437.85,Wallet,Processing
O004336,2024-08-18,C00169,P0010,2,0.25,232.6,UPI,Cancelled
O004337,2025-04-19,C00406,P0072,1,0.1,315.07,Cash on Delivery,Delivered
O004337,2025-04-19,C00406,P0227,1,0.0,295.37,Debit Card,Delivered
O004338,2024-12-25,C00719,P0057,4,0.15,87.46,Wallet,Delivered
O004338,2024-12-25,C00719,P0097,1,0.1,417.19,Credit Card,Delivered
O004339,2024-04-14,C00352,P0034,1,0.05,256.24,Credit Card,Delivered
O004339,2024-04-14,C00352,P0189,2,0.2,168.51,Credit Card,Processing
O004340,2025-05-26,C00993,P0197,1,0.25,126.87,UPI,Delivered
O004340,2025-05-26,C00993,P0162,2,0.0,106.26,UPI,Delivered
O004341,2025-04-03,C00244,P0022,1,0.15,399.34,Cash on Delivery,Delivered
O004342,2025-06-15,C01094,P0116,1,0.1,467.8,Cash on Delivery,Delivered
O004342,2025-06-15,C01094,P0108,1,0.15,79.61,Debit Card,Processing
O004343,2025-09-25,C00119,P0247,1,0.25,208.01,Debit Card,Delivered
O004344,2024-10-20,C00023,P0096,1,0.1,222.33,Credit Card,Delivered
O004345,2024-08-15,C00262,P0003,1,0.15,295.95,Net Banking,Delivered
O004345,2024-08-15,C00262,P0039,2,0.05,392.91,UPI,Delivered
O004346,2024-12-24,C00984,P0077,1,0.0,236.48,UPI,Delivered
O004346,2024-12-24,C00984,P0092,2,0.1,456.44,Credit Card,Cancelled
O004347,2025-02-05,C00866,P0145,4,0.05,243.49,UPI,Delivered
O004348,2024-05-31,C01031,P0030,1,0.05,91.26,UPI,Delivered
O004349,2025-05-15,C00897,P0130,1,0.1,474.92,Debit Card,Delivered
O004350,2024-04-05,C00281,P0103,1,0.15,225.45,UPI,Shipped
O004350,2024-04-05,C00281,P0102,1,0.05,191.26,Credit Card,Delivered
O004351,2024-07-11,C01126,P0108,1,0.1,452.04,UPI,Delivered
O004352,2024-04-02,C00443,P0246,1,0.05,475.48,Credit Card,Delivered
O004353,2025-04-12,C00847,P0187,1,0.1,377.05,Wallet,Processing
O004353,2025-04-12,C00847,P0152,2,0.0,259.15,Credit Card,Delivered
O004354,2025-08-27,C00063,P0060,1,0.1,351.49,Debit Card,Delivered
O004355,2026-03-15,C01030,P0063,2,0.0,61.43,Cash on Delivery,Shipped
O004355,2026-03-15,C01030,P0048,1,0.2,193.37,Cash on Delivery,Delivered
O004356,2024-04-16,C00578,P0126,1,0.1,197.17,UPI,Delivered
O004357,2024-06-25,C00845,P0082,1,0.1,52.23,Net Banking,Processing
O004358,2026-01-13,C01458,P0225,2,0.05,392.8,Credit Card,Delivered
O004358,2026-01-13,C01458,P0036,1,0.15,338.83,Debit Card,Shipped
O004359,2025-10-16,C00904,P0067,1,0.15,189.83,UPI,Delivered
O004359,2025-10-16,C00904,P0212,1,0.0,216.59,Credit Card,Delivered
O004359,2025-10-16,C00904,P0237,2,0.2,274.88,Credit Card,Delivered
O004360,2024-08-01,C00788,P0078,4,0.1,113.51,Debit Card,Cancelled
O004361,2024-06-21,C01297,P0096,1,0.1,201.29,UPI,Shipped
O004361,2024-06-21,C01297,P0201,2,0.25,216.47,Credit Card,Delivered
O004362,2025-05-19,C01018,P0097,3,0.2,286.19,Wallet,Delivered
O004362,2025-05-19,C01018,P0199,2,0.25,270.41,Debit Card,Delivered
O004363,2024-08-13,C00302,P0026,4,0.05,37.03,Debit Card,Delivered
O004364,2025-12-04,C01438,P0184,2,0.1,362.83,Net Banking,Delivered
O004365,2024-12-31,C00603,P0031,2,0.1,205.38,Credit Card,Shipped
O004366,2024-05-23,C00060,P0176,1,0.15,154.63,Credit Card,Shipped
O004367,2024-10-19,C01074,P0219,1,0.0,379.82,Credit Card,Delivered
O004368,2025-11-02,C01412,P0061,1,0.2,246.18,UPI,Shipped
O004369,2024-07-30,C00271,P0035,1,0.1,136.06,Debit Card,Delivered
O004370,2025-08-01,C00548,P0227,1,0.1,448.23,Cash on Delivery,Shipped
O004371,2025-02-14,C00631,P0107,1,0.25,34.59,UPI,Delivered
O004371,2025-02-14,C00631,P0034,1,0.2,373.48,Credit Card,Delivered
O004371,2025-02-14,C00631,P0246,1,0.25,368.93,UPI,Processing
O004372,2024-09-18,C01312,P0083,1,0.15,90.63,Wallet,Shipped
O004373,2025-01-03,C01343,P0060,2,0.1,308.57,Cash on Delivery,Shipped
O004373,2025-01-03,C01343,P0016,1,0.15,302.21,Debit Card,Delivered
O004374,2025-08-19,C00958,P0219,1,0.15,83.33,UPI,Delivered
O004374,2025-08-19,C00958,P0155,1,0.0,227.84,UPI,Delivered
O004375,2025-11-07,C00127,P0172,1,0.15,228.24,Debit Card,Delivered
O004376,2025-01-05,C01132,P0188,1,0.1,463.36,Debit Card,Delivered
O004376,2025-01-05,C01132,P0216,2,0.0,58.26,Credit Card,Delivered
O004377,2025-08-24,C00149,P0167,2,0.1,68.38,Credit Card,Delivered
O004378,2026-03-09,C00898,P0128,1,0.1,100.66,Cash on Delivery,Processing
O004378,2026-03-09,C00898,P0047,1,0.25,446.46,Wallet,Processing
O004378,2026-03-09,C00898,P0072,2,0.05,253.04,UPI,Delivered
O004379,2025-10-01,C00305,P0175,4,0.15,456.93,UPI,Delivered
O004379,2025-10-01,C00305,P0077,1,0.3,29.71,Wallet,Delivered
O004380,2025-03-26,C01150,P0166,1,0.1,185.77,UPI,Shipped
O004381,2025-11-13,C00756,P0025,2,0.0,64.52,Net Banking,Delivered
O004382,2025-02-21,C00869,P0132,2,0.15,475.61,Debit Card,Delivered
O004383,2025-05-08,C00281,P0042,2,0.05,497.12,Credit Card,Delivered
O004384,2025-11-17,C01251,P0103,1,0.15,377.19,Credit Card,Processing
O004384,2025-11-17,C01251,P0188,2,0.05,39.83,Net Banking,Delivered
O004385,2024-08-02,C00847,P0140,1,0.1,44.37,Debit Card,Cancelled
O004385,2024-08-02,C00847,P0046,2,0.15,159.27,Cash on Delivery,Shipped
O004386,2024-11-29,C00131,P0064,1,0.0,305.3,Credit Card,Shipped
O004387,2025-08-15,C00726,P0138,1,0.05,415.8,Credit Card,Delivered
O004388,2024-04-05,C00011,P0208,1,0.2,450.63,Debit Card,Delivered
O004388,2024-04-05,C00011,P0001,3,0.15,35.79,Credit Card,Processing
O004389,2024-05-11,C01011,P0041,1,0.2,392.49,Net Banking,Delivered
O004390,2024-10-01,C01214,P0162,1,0.05,387.96,UPI,Cancelled
O004391,2025-09-13,C00741,P0165,1,0.0,320.57,UPI,Delivered
O004392,2025-12-14,C00744,P0065,1,0.05,34.05,UPI,Delivered
O004393,2024-04-14,C00520,P0074,1,0.15,494.2,Credit Card,Shipped
O004394,2025-12-26,C00315,P0132,1,0.15,42.69,UPI,Delivered
O004394,2025-12-26,C00315,P0233,3,0.3,412.45,UPI,Cancelled
O004395,2024-12-17,C00096,P0032,1,0.0,487.74,Cash on Delivery,Cancelled
O004396,2024-04-13,C00289,P0114,1,0.0,346.71,UPI,Processing
O004396,2024-04-13,C00289,P0045,4,0.15,69.75,Credit Card,Delivered
O004397,2025-06-27,C01431,P0171,1,0.2,308.96,Net Banking,Shipped
O004398,2025-08-22,C00257,P0025,1,0.1,161.15,UPI,Delivered
O004399,2025-05-05,C00329,P0017,2,0.05,300.28,UPI,Processing
O004400,2026-01-05,C00424,P0015,1,0.05,256.96,Credit Card,Processing
O004401,2026-03-11,C00626,P0184,1,0.15,218.71,UPI,Shipped
O004402,2024-04-15,C01218,P0036,1,0.0,262.49,Credit Card,Cancelled
O004403,2025-02-08,C00446,P0077,1,0.25,231.59,UPI,Delivered
O004403,2025-02-08,C00446,P0173,1,0.1,119.98,Net Banking,Shipped
O004404,2024-07-02,C00697,P0009,1,0.05,408.46,UPI,Cancelled
O004405,2024-09-07,C00700,P0111,3,0.0,164.21,UPI,Shipped
O004405,2024-09-07,C00700,P0110,1,0.05,136.56,Debit Card,Cancelled
O004406,2024-12-02,C00403,P0094,2,0.1,458.44,UPI,Delivered
O004406,2024-12-02,C00403,P0101,2,0.1,407.29,UPI,Processing
O004407,2025-02-01,C00947,P0247,1,0.1,40.94,Net Banking,Delivered
O004408,2026-03-01,C01212,P0233,1,0.0,122.15,Debit Card,Processing
O004408,2026-03-01,C01212,P0169,2,0.0,170.04,Net Banking,Shipped
O004409,2025-04-01,C00685,P0245,1,0.05,472.59,Debit Card,Delivered
O004410,2024-05-02,C00996,P0124,1,0.0,116.24,Credit Card,Cancelled
O004411,2024-12-05,C01204,P0155,1,0.05,322.03,Wallet,Processing
O004412,2025-03-09,C00456,P0150,1,0.1,479.71,Credit Card,Delivered
O004413,2025-11-04,C00013,P0088,2,0.1,448.16,UPI,Delivered
O004414,2024-10-21,C01206,P0236,2,0.2,158.82,Debit Card,Delivered
O004415,2024-09-21,C00081,P0117,1,0.1,206.65,Credit Card,Cancelled
O004416,2025-02-28,C01395,P0002,1,0.0,60.64,UPI,Delivered
O004417,2024-10-20,C00267,P0018,4,0.15,433.67,Wallet,Delivered
O004418,2025-08-12,C01006,P0067,1,0.1,338.82,Credit Card,Shipped
O004419,2024-12-07,C00906,P0192,1,0.0,161.23,UPI,Delivered
O004420,2026-01-03,C01364,P0079,1,0.1,352.61,Debit Card,Delivered
O004421,2026-02-13,C00466,P0221,1,0.0,109.78,Debit Card,Cancelled
O004421,2026-02-13,C00466,P0139,1,0.05,352.9,Net Banking,Delivered
O004422,2025-05-23,C00149,P0227,1,0.0,491.25,UPI,Processing
O004423,2025-02-19,C01220,P0100,1,0.1,48.1,Wallet,Cancelled
O004424,2025-11-25,C00543,P0175,2,0.0,463.9,UPI,Delivered
O004425,2025-02-05,C00294,P0131,1,0.25,317.32,UPI,Delivered
O004425,2025-02-05,C00294,P0139,1,0.05,119.52,Debit Card,Delivered
O004425,2025-02-05,C00294,P0119,1,0.2,51.07,Cash on Delivery,Delivered
O004426,2025-03-10,C01453,P0167,1,0.25,376.76,Wallet,Delivered
O004426,2025-03-10,C01453,P0054,2,0.2,63.76,Debit Card,Delivered
O004426,2025-03-10,C01453,P0084,2,0.25,259.27,Net Banking,Delivered
O004427,2024-07-12,C00350,P0010,1,0.2,74.01,UPI,Processing
O004427,2024-07-12,C00350,P0056,1,0.15,447.22,UPI,Delivered
O004427,2024-07-12,C00350,P0104,4,0.1,312.5,UPI,Cancelled
O004428,2024-05-15,C01002,P0167,2,0.05,332.46,Debit Card,Delivered
O004428,2024-05-15,C01002,P0062,1,0.0,400.1,Cash on Delivery,Delivered
O004429,2025-08-13,C00276,P0111,1,0.1,237.06,Credit Card,Delivered
O004430,2026-02-24,C00714,P0023,1,0.15,243.89,UPI,Processing
O004431,2026-01-29,C00790,P0039,1,0.2,406.09,UPI,Delivered
O004431,2026-01-29,C00790,P0106,1,0.1,87.69,Net Banking,Cancelled
O004431,2026-01-29,C00790,P0133,3,0.15,182.55,Credit Card,Shipped
O004432,2026-03-18,C00353,P0005,1,0.1,87.17,Cash on Delivery,Delivered
O004433,2024-05-26,C00822,P0248,2,0.2,257.09,UPI,Delivered
O004434,2024-09-22,C01249,P0147,1,0.1,131.47,UPI,Delivered
O004435,2024-09-18,C00241,P0206,1,0.05,312.74,Cash on Delivery,Delivered
O004435,2024-09-18,C00241,P0143,3,0.1,179.43,UPI,Shipped
O004436,2025-03-10,C00978,P0026,2,0.2,164.57,Net Banking,Delivered
O004437,2024-07-20,C00813,P0140,1,0.1,429.5,UPI,Delivered
O004438,2024-07-06,C00429,P0236,1,0.15,212.33,Net Banking,Cancelled
O004439,2025-12-31,C00980,P0159,1,0.1,99.13,Debit Card,Delivered
O004439,2025-12-31,C00980,P0114,1,0.05,134.57,UPI,Processing
O004439,2025-12-31,C00980,P0065,2,0.1,155.58,Credit Card,Delivered
O004440,2024-05-03,C00285,P0207,1,0.1,303.75,Debit Card,Cancelled
O004440,2024-05-03,C00285,P0249,1,0.15,425.55,Credit Card,Delivered
O004441,2024-06-18,C00196,P0041,1,0.15,365.99,UPI,Processing
O004441,2024-06-18,C00196,P0189,1,0.0,239.14,Debit Card,Cancelled
O004442,2024-10-01,C01229,P0203,1,0.05,49.28,Credit Card,Delivered
O004442,2024-10-01,C01229,P0238,4,0.1,318.38,Net Banking,Processing
O004442,2024-10-01,C01229,P0123,1,0.0,100.27,Cash on Delivery,Delivered
O004443,2024-09-18,C01157,P0081,1,0.1,379.52,Debit Card,Shipped
O004443,2024-09-18,C01157,P0129,1,0.05,149.66,Cash on Delivery,Delivered
O004444,2024-07-24,C01141,P0063,2,0.2,358.66,Wallet,Cancelled
O004444,2024-07-24,C01141,P0227,3,0.05,314.43,UPI,Delivered
O004445,2025-04-04,C00797,P0061,2,0.0,31.0,Cash on Delivery,Cancelled
O004446,2024-04-06,C00191,P0180,1,0.05,336.8,Credit Card,Delivered
O004446,2024-04-06,C00191,P0130,1,0.0,448.0,UPI,Shipped
O004447,2025-08-05,C00478,P0029,1,0.05,204.54,Credit Card,Delivered
O004448,2025-07-23,C01364,P0005,2,0.1,394.18,Wallet,Delivered
O004448,2025-07-23,C01364,P0201,2,0.05,466.48,Credit Card,Delivered
O004448,2025-07-23,C01364,P0230,1,0.0,329.78,UPI,Processing
O004449,2024-11-08,C01228,P0004,1,0.1,302.75,Credit Card,Delivered
O004449,2024-11-08,C01228,P0235,1,0.1,150.38,Credit Card,Delivered
O004449,2024-11-08,C01228,P0093,1,0.1,461.2,Net Banking,Cancelled
O004450,2025-08-27,C00275,P0058,2,0.0,253.66,UPI,Delivered
O004450,2025-08-27,C00275,P0126,1,0.05,252.83,Credit Card,Shipped
O004450,2025-08-27,C00275,P0031,3,0.25,492.53,Debit Card,Delivered
O004451,2025-11-10,C01282,P0224,1,0.1,189.34,Cash on Delivery,Delivered
O004452,2024-07-07,C01333,P0054,1,0.2,193.63,UPI,Delivered
O004453,2025-02-17,C00980,P0097,3,0.05,89.16,Credit Card,Delivered
O004453,2025-02-17,C00980,P0222,2,0.25,385.89,Debit Card,Delivered
O004454,2025-05-16,C01268,P0149,3,0.15,115.23,UPI,Shipped
O004454,2025-05-16,C01268,P0185,2,0.1,461.88,Debit Card,Cancelled
O004455,2025-08-08,C00032,P0098,1,0.2,132.11,UPI,Delivered
O004456,2024-07-20,C00469,P0197,1,0.15,345.93,Credit Card,Processing
O004457,2024-06-01,C01123,P0060,2,0.1,304.09,Credit Card,Delivered
O004457,2024-06-01,C01123,P0151,1,0.15,213.61,Net Banking,Processing
O004458,2025-03-17,C00222,P0079,1,0.15,227.88,Credit Card,Delivered
O004459,2025-05-12,C00093,P0013,1,0.05,335.89,Cash on Delivery,Delivered
O004460,2025-04-09,C00491,P0104,1,0.0,51.05,UPI,Delivered
O004461,2026-03-10,C00700,P0170,1,0.15,67.19,UPI,Processing
O004461,2026-03-10,C00700,P0062,1,0.05,99.03,UPI,Delivered
O004461,2026-03-10,C00700,P0037,3,0.15,154.5,UPI,Delivered
O004462,2025-11-07,C01195,P0110,2,0.05,62.02,Debit Card,Shipped
O004463,2024-12-19,C01056,P0004,1,0.1,451.57,UPI,Delivered
O004464,2025-03-12,C01319,P0234,1,0.1,53.55,Credit Card,Shipped
O004465,2026-01-09,C01091,P0145,1,0.1,277.66,UPI,Delivered
O004466,2025-11-24,C00635,P0078,1,0.0,415.4,UPI,Processing
O004467,2025-04-05,C01295,P0223,1,0.1,76.63,Credit Card,Delivered
O004467,2025-04-05,C01295,P0156,1,0.15,443.57,UPI,Delivered
O004467,2025-04-05,C01295,P0014,2,0.1,496.94,UPI,Delivered
O004468,2024-12-31,C01323,P0148,1,0.1,243.77,Net Banking,Delivered
O004468,2024-12-31,C01323,P0222,3,0.1,40.38,Cash on Delivery,Delivered
O004468,2024-12-31,C01323,P0084,1,0.1,282.46,UPI,Delivered
O004469,2026-01-06,C00394,P0199,1,0.0,466.32,Credit Card,Delivered
O004470,2025-12-17,C00244,P0209,1,0.25,488.19,UPI,Delivered
O004471,2025-07-27,C01481,P0108,1,0.2,130.46,UPI,Delivered
O004472,2025-11-25,C01297,P0165,1,0.1,453.03,Debit Card,Delivered
O004473,2024-11-16,C00092,P0087,2,0.2,140.43,UPI,Cancelled
O004474,2024-05-10,C01221,P0167,2,0.05,89.65,Debit Card,Shipped
O004474,2024-05-10,C01221,P0207,1,0.1,338.64,Net Banking,Shipped
O004475,2025-07-13,C00606,P0224,3,0.2,172.32,Cash on Delivery,Shipped
O004475,2025-07-13,C00606,P0239,1,0.1,210.8,UPI,Delivered
O004475,2025-07-13,C00606,P0028,2,0.0,27.49,Cash on Delivery,Delivered
O004476,2026-03-13,C00989,P0213,2,0.1,126.14,Net Banking,Processing
O004477,2024-08-01,C00290,P0122,1,0.05,78.31,UPI,Processing
O004477,2024-08-01,C00290,P0113,1,0.0,312.82,Credit Card,Delivered
O004477,2024-08-01,C00290,P0099,2,0.05,49.18,Debit Card,Processing
O004478,2025-08-07,C01163,P0159,1,0.2,331.36,Net Banking,Shipped
O004479,2026-02-01,C00295,P0102,1,0.1,273.86,Wallet,Processing
O004480,2026-03-23,C01177,P0209,3,0.2,437.87,UPI,Delivered
O004480,2026-03-23,C01177,P0122,1,0.05,262.33,UPI,Delivered
O004481,2024-10-04,C00775,P0074,4,0.05,266.74,UPI,Delivered
O004482,2025-05-15,C01296,P0036,1,0.05,55.34,Debit Card,Processing
O004482,2025-05-15,C01296,P0186,1,0.25,70.57,Debit Card,Delivered
O004483,2024-12-15,C00447,P0138,1,0.15,81.4,UPI,Delivered
O004484,2024-12-02,C01104,P0045,1,0.15,394.01,Wallet,Delivered
O004485,2025-10-12,C00558,P0039,1,0.0,158.19,Net Banking,Delivered
O004485,2025-10-12,C00558,P0157,2,0.2,423.73,UPI,Shipped
O004486,2024-04-19,C01455,P0054,2,0.2,115.16,Credit Card,Cancelled
O004487,2024-08-22,C00351,P0215,3,0.15,352.89,Net Banking,Shipped
O004487,2024-08-22,C00351,P0201,1,0.15,171.32,UPI,Delivered
O004488,2024-04-24,C00343,P0143,1,0.15,330.54,Net Banking,Delivered
O004489,2025-04-29,C00829,P0202,2,0.2,187.63,Cash on Delivery,Processing
O004490,2024-11-28,C01334,P0158,1,0.0,400.88,Cash on Delivery,Processing
O004490,2024-11-28,C01334,P0144,3,0.2,249.29,Wallet,Shipped
O004491,2025-08-24,C00708,P0171,1,0.1,312.74,UPI,Delivered
O004491,2025-08-24,C00708,P0213,1,0.1,204.33,Cash on Delivery,Processing
O004491,2025-08-24,C00708,P0066,4,0.0,479.67,Net Banking,Delivered
O004492,2025-11-17,C00906,P0063,2,0.1,475.73,Credit Card,Delivered
O004492,2025-11-17,C00906,P0159,1,0.1,380.48,Cash on Delivery,Delivered
O004493,2025-05-15,C01015,P0216,1,0.1,314.65,Credit Card,Shipped
O004494,2025-11-28,C00857,P0017,2,0.1,455.81,UPI,Delivered
O004495,2025-03-02,C00528,P0137,1,0.15,458.91,Cash on Delivery,Cancelled
O004496,2025-06-04,C00591,P0151,4,0.05,286.06,Net Banking,Delivered
O004496,2025-06-04,C00591,P0063,1,0.15,315.08,Debit Card,Delivered
O004496,2025-06-04,C00591,P0098,1,0.05,486.33,Credit Card,Shipped
O004497,2024-08-28,C00281,P0223,1,0.15,382.92,Credit Card,Delivered
O004498,2024-10-07,C00001,P0018,3,0.1,400.06,Debit Card,Delivered
O004499,2024-09-16,C00060,P0038,2,0.0,258.36,Wallet,Delivered
O004499,2024-09-16,C00060,P0152,1,0.1,428.27,Credit Card,Delivered
O004500,2025-02-02,C00026,P0232,1,0.2,84.7,Debit Card,Cancelled
O004501,2025-09-08,C00351,P0038,1,0.15,114.35,Cash on Delivery,Delivered
O004501,2025-09-08,C00351,P0172,4,0.1,442.68,UPI,Delivered
O004501,2025-09-08,C00351,P0034,3,0.1,433.4,Cash on Delivery,Delivered
O004502,2025-03-06,C00331,P0073,2,0.2,492.5,Cash on Delivery,Delivered
O004502,2025-03-06,C00331,P0050,2,0.1,346.31,UPI,Cancelled
O004503,2025-02-10,C00164,P0019,1,0.1,186.87,Credit Card,Cancelled
O004503,2025-02-10,C00164,P0239,2,0.15,258.2,UPI,Delivered
O004504,2024-09-13,C00041,P0144,4,0.15,320.42,Credit Card,Delivered
O004505,2025-12-14,C00035,P0028,3,0.1,227.45,UPI,Processing
O004505,2025-12-14,C00035,P0146,1,0.1,99.95,Credit Card,Delivered
O004506,2024-07-12,C00734,P0083,1,0.15,436.67,Credit Card,Delivered
O004507,2024-12-23,C01310,P0205,1,0.1,315.48,Net Banking,Processing
O004508,2026-03-01,C00942,P0024,1,0.05,272.07,Cash on Delivery,Shipped
O004508,2026-03-01,C00942,P0052,1,0.1,145.06,UPI,Delivered
O004509,2024-08-31,C00367,P0227,1,0.2,384.26,UPI,Delivered
O004509,2024-08-31,C00367,P0137,1,0.1,478.64,UPI,Delivered
O004510,2026-03-08,C01261,P0200,1,0.25,312.44,UPI,Delivered
O004510,2026-03-08,C01261,P0234,1,0.1,280.11,Net Banking,Processing
O004511,2025-08-02,C01471,P0139,1,0.2,167.35,Credit Card,Delivered
O004512,2024-04-25,C01374,P0127,3,0.15,341.01,UPI,Delivered
O004513,2024-06-05,C01339,P0247,1,0.0,454.22,UPI,Delivered
O004514,2024-07-17,C01183,P0036,1,0.15,294.31,Cash on Delivery,Delivered
O004515,2025-05-25,C01230,P0119,2,0.15,412.35,Wallet,Delivered
O004516,2025-01-20,C00578,P0215,1,0.15,215.66,UPI,Delivered
O004517,2025-01-08,C00120,P0205,1,0.0,144.32,UPI,Delivered
O004518,2026-02-14,C00041,P0233,2,0.05,90.21,Credit Card,Delivered
O004518,2026-02-14,C00041,P0013,1,0.0,490.48,Net Banking,Delivered
O004519,2024-05-10,C00249,P0201,1,0.15,369.6,UPI,Delivered
O004519,2024-05-10,C00249,P0198,1,0.2,168.69,Debit Card,Delivered
O004520,2024-10-17,C00599,P0204,1,0.2,219.64,Credit Card,Processing
O004521,2024-11-16,C00552,P0197,1,0.2,175.05,Debit Card,Cancelled
O004522,2024-12-26,C01004,P0126,1,0.1,478.39,Credit Card,Shipped
O004522,2024-12-26,C01004,P0233,1,0.05,429.63,Wallet,Delivered
O004522,2024-12-26,C01004,P0116,1,0.25,482.96,UPI,Processing
O004523,2025-10-02,C00628,P0064,1,0.1,416.66,UPI,Delivered
O004524,2025-02-15,C00893,P0049,1,0.05,254.06,UPI,Processing
O004525,2026-01-01,C01340,P0170,1,0.15,444.09,Net Banking,Shipped
O004526,2024-07-02,C00176,P0001,1,0.25,99.95,Wallet,Shipped
O004527,2025-01-16,C00226,P0044,1,0.1,321.66,Wallet,Cancelled
O004527,2025-01-16,C00226,P0159,1,0.15,170.26,UPI,Delivered
O004528,2024-12-05,C00719,P0066,2,0.15,254.69,Wallet,Delivered
O004528,2024-12-05,C00719,P0142,1,0.1,253.79,Net Banking,Delivered
O004529,2024-05-16,C00936,P0142,3,0.1,481.28,Debit Card,Shipped
O004530,2025-10-06,C01472,P0172,2,0.05,161.04,UPI,Delivered
O004530,2025-10-06,C01472,P0191,1,0.2,86.85,UPI,Cancelled
O004531,2025-10-23,C01048,P0041,2,0.15,103.37,Debit Card,Cancelled
O004532,2024-07-16,C00475,P0052,2,0.0,215.44,UPI,Processing
O004532,2024-07-16,C00475,P0155,1,0.15,475.24,Credit Card,Delivered
O004532,2024-07-16,C00475,P0188,2,0.1,179.4,Credit Card,Processing
O004533,2024-07-19,C01300,P0169,2,0.15,436.32,Debit Card,Delivered
O004534,2025-12-28,C01079,P0027,4,0.05,478.86,Credit Card,Delivered
O004535,2025-10-16,C01429,P0247,1,0.05,377.51,UPI,Delivered
O004536,2024-10-06,C00635,P0071,1,0.1,99.94,Credit Card,Shipped
O004536,2024-10-06,C00635,P0199,1,0.15,226.41,UPI,Delivered
O004537,2024-10-28,C00024,P0062,1,0.05,290.7,UPI,Delivered
O004538,2025-04-27,C00132,P0195,1,0.1,439.55,Wallet,Cancelled
O004539,2024-11-08,C00350,P0078,2,0.0,306.95,UPI,Processing
O004539,2024-11-08,C00350,P0058,2,0.0,160.7,Credit Card,Shipped
O004539,2024-11-08,C00350,P0034,2,0.0,467.57,Wallet,Cancelled
O004540,2024-12-22,C00267,P0162,2,0.15,388.53,Debit Card,Delivered
O004541,2024-04-04,C00765,P0076,2,0.1,205.51,UPI,Delivered
O004541,2024-04-04,C00765,P0021,1,0.15,272.88,Credit Card,Processing
O004542,2024-12-18,C00511,P0004,3,0.1,306.42,Wallet,Delivered
O004543,2026-03-23,C00540,P0115,3,0.05,93.99,UPI,Delivered
O004544,2025-05-17,C00798,P0240,1,0.0,199.26,Cash on Delivery,Processing
O004545,2026-01-07,C01332,P0244,1,0.1,338.4,Cash on Delivery,Delivered
O004546,2026-03-23,C01424,P0127,2,0.15,308.94,UPI,Delivered
O004546,2026-03-23,C01424,P0246,1,0.0,80.95,Debit Card,Delivered
O004546,2026-03-23,C01424,P0237,1,0.1,407.17,Debit Card,Processing
O004547,2026-01-09,C00012,P0129,1,0.1,139.37,UPI,Delivered
O004547,2026-01-09,C00012,P0008,2,0.0,407.06,Cash on Delivery,Processing
O004548,2026-03-11,C00652,P0207,2,0.15,31.96,Credit Card,Delivered
O004549,2024-08-24,C00701,P0078,1,0.1,450.48,Wallet,Delivered
O004550,2024-07-02,C01417,P0150,3,0.25,154.34,Credit Card,Delivered
O004550,2024-07-02,C01417,P0128,1,0.05,231.74,Debit Card,Cancelled
O004551,2024-11-22,C01097,P0195,2,0.25,280.14,Wallet,Delivered
O004552,2026-03-30,C00212,P0199,2,0.1,341.01,UPI,Delivered
O004553,2026-02-02,C01239,P0121,1,0.2,289.76,Debit Card,Delivered
O004554,2025-07-02,C01386,P0042,1,0.05,160.92,UPI,Delivered
O004554,2025-07-02,C01386,P0041,2,0.2,378.42,UPI,Shipped
O004555,2024-04-28,C01142,P0213,1,0.15,488.1,Wallet,Shipped
O004556,2025-05-15,C00610,P0209,2,0.1,111.77,Debit Card,Delivered
O004557,2024-12-03,C00020,P0238,2,0.2,455.81,UPI,Shipped
O004557,2024-12-03,C00020,P0205,1,0.0,216.21,Debit Card,Shipped
O004558,2026-01-10,C01477,P0008,3,0.2,256.77,Net Banking,Shipped
O004559,2025-12-21,C00140,P0125,4,0.25,204.32,Credit Card,Shipped
O004560,2025-12-06,C00572,P0054,2,0.0,338.69,Credit Card,Delivered
O004561,2025-11-08,C00824,P0249,1,0.15,85.64,UPI,Delivered
O004561,2025-11-08,C00824,P0123,1,0.1,456.99,Wallet,Delivered
O004562,2025-10-27,C01325,P0132,1,0.1,373.38,Net Banking,Processing
O004562,2025-10-27,C01325,P0124,1,0.05,387.96,Wallet,Delivered
O004563,2025-01-21,C01176,P0153,2,0.1,417.7,Cash on Delivery,Delivered
O004564,2024-09-12,C00544,P0233,1,0.1,132.83,UPI,Cancelled
O004564,2024-09-12,C00544,P0046,1,0.15,286.37,Wallet,Delivered
O004565,2024-10-31,C00594,P0057,1,0.15,279.54,Credit Card,Delivered
O004566,2025-06-14,C00171,P0246,1,0.05,411.8,Credit Card,Processing
O004566,2025-06-14,C00171,P0180,2,0.1,165.86,Credit Card,Delivered
O004567,2026-02-07,C00036,P0137,3,0.15,438.01,Wallet,Shipped
O004568,2025-04-16,C01181,P0247,3,0.1,124.43,Credit Card,Delivered
O004569,2026-02-18,C00380,P0101,1,0.05,97.44,Cash on Delivery,Delivered
O004570,2026-01-02,C00085,P0084,1,0.1,305.22,UPI,Delivered
O004570,2026-01-02,C00085,P0247,1,0.2,399.11,UPI,Delivered
O004571,2026-03-28,C00908,P0096,1,0.15,326.52,Credit Card,Delivered
O004572,2025-12-02,C01276,P0139,2,0.1,77.91,Debit Card,Shipped
O004573,2024-10-08,C01298,P0072,1,0.1,243.28,Debit Card,Delivered
O004573,2024-10-08,C01298,P0036,1,0.15,296.32,UPI,Delivered
O004574,2024-09-02,C00312,P0071,1,0.15,119.68,Cash on Delivery,Delivered
O004575,2026-03-21,C01460,P0110,1,0.05,186.59,UPI,Processing
O004576,2025-05-16,C00137,P0128,1,0.05,180.15,UPI,Cancelled
O004577,2025-09-13,C00720,P0009,1,0.1,40.36,Wallet,Delivered
O004578,2024-11-03,C00272,P0221,1,0.15,91.99,UPI,Delivered
O004578,2024-11-03,C00272,P0134,1,0.05,430.23,Credit Card,Delivered
O004578,2024-11-03,C00272,P0100,1,0.05,208.65,UPI,Delivered
O004579,2025-04-24,C00944,P0098,2,0.15,205.15,UPI,Processing
O004579,2025-04-24,C00944,P0212,1,0.0,264.59,Wallet,Delivered
O004579,2025-04-24,C00944,P0147,2,0.15,66.02,Wallet,Processing
O004580,2024-06-24,C00924,P0132,1,0.05,90.99,Credit Card,Cancelled
O004581,2024-09-16,C00392,P0120,3,0.2,42.0,Debit Card,Processing
O004582,2024-09-22,C00546,P0078,2,0.2,483.96,Net Banking,Delivered
O004582,2024-09-22,C00546,P0026,2,0.15,372.98,UPI,Processing
O004583,2024-10-10,C00096,P0174,1,0.0,326.79,Credit Card,Processing
O004583,2024-10-10,C00096,P0111,1,0.15,28.21,Cash on Delivery,Delivered
O004584,2025-10-12,C00640,P0157,1,0.1,83.14,UPI,Delivered
O004584,2025-10-12,C00640,P0090,1,0.15,335.04,Wallet,Delivered
O004585,2026-02-11,C00263,P0097,1,0.15,226.94,UPI,Delivered
O004586,2025-12-05,C00078,P0243,1,0.05,405.44,UPI,Processing
O004586,2025-12-05,C00078,P0115,1,0.0,350.6,UPI,Delivered
O004587,2025-10-04,C01233,P0211,4,0.0,485.47,Cash on Delivery,Delivered
O004588,2025-04-13,C00985,P0021,1,0.05,235.26,UPI,Cancelled
O004588,2025-04-13,C00985,P0240,1,0.25,131.17,Wallet,Processing
O004588,2025-04-13,C00985,P0236,1,0.15,319.97,Cash on Delivery,Shipped
O004589,2025-12-08,C00197,P0106,1,0.25,220.04,UPI,Delivered
O004590,2026-01-28,C01159,P0135,1,0.1,395.29,Wallet,Shipped
O004591,2026-03-14,C01498,P0177,1,0.0,474.08,UPI,Cancelled
O004592,2026-03-02,C00430,P0117,1,0.05,135.94,Net Banking,Delivered
O004593,2026-03-07,C00507,P0112,1,0.1,180.01,Debit Card,Delivered
O004594,2025-10-29,C00831,P0233,4,0.15,141.62,UPI,Delivered
O004594,2025-10-29,C00831,P0130,1,0.15,100.29,Debit Card,Delivered
O004595,2024-06-02,C00601,P0179,2,0.15,344.62,Cash on Delivery,Cancelled
O004595,2024-06-02,C00601,P0248,1,0.05,471.54,Credit Card,Cancelled
O004596,2024-12-07,C01443,P0154,1,0.05,56.88,UPI,Delivered
O004597,2025-11-13,C00195,P0227,1,0.2,347.46,UPI,Shipped
O004597,2025-11-13,C00195,P0094,1,0.25,69.97,Debit Card,Shipped
O004598,2024-05-30,C00314,P0026,1,0.15,220.03,Credit Card,Delivered
O004599,2024-07-25,C01143,P0191,1,0.0,436.55,Debit Card,Processing
O004599,2024-07-25,C01143,P0138,4,0.2,317.85,Cash on Delivery,Delivered
O004599,2024-07-25,C01143,P0250,2,0.1,100.56,Net Banking,Processing
O004600,2025-05-21,C00673,P0094,1,0.1,122.13,UPI,Cancelled
O004601,2025-01-12,C01266,P0161,3,0.05,234.88,Credit Card,Cancelled
O004602,2024-05-18,C00734,P0115,1,0.15,50.49,UPI,Delivered
O004603,2025-01-08,C00877,P0141,1,0.2,476.54,Credit Card,Delivered
O004604,2025-11-20,C00127,P0112,1,0.2,218.43,UPI,Delivered
O004605,2025-07-22,C00645,P0099,1,0.1,260.69,UPI,Delivered
O004606,2024-04-05,C01461,P0134,3,0.2,385.26,Credit Card,Delivered
O004607,2024-10-13,C00021,P0012,1,0.15,170.4,UPI,Delivered
O004608,2025-05-25,C00684,P0097,1,0.1,221.74,Wallet,Cancelled
O004609,2024-07-19,C01240,P0014,1,0.05,460.1,Net Banking,Shipped
O004610,2024-12-12,C01078,P0086,2,0.0,221.51,UPI,Delivered
O004611,2025-06-13,C00813,P0151,1,0.05,326.64,UPI,Delivered
O004611,2025-06-13,C00813,P0057,3,0.15,269.44,Debit Card,Delivered
O004612,2024-05-28,C00319,P0169,1,0.0,79.18,Credit Card,Delivered
O004613,2025-02-19,C00105,P0080,1,0.15,493.2,Debit Card,Processing
O004614,2024-10-08,C00551,P0020,2,0.15,481.75,Debit Card,Delivered
O004615,2026-01-02,C00776,P0034,1,0.1,53.5,Wallet,Delivered
O004615,2026-01-02,C00776,P0239,1,0.05,48.34,UPI,Delivered
O004615,2026-01-02,C00776,P0052,1,0.15,112.73,Net Banking,Delivered
O004616,2026-01-08,C01298,P0068,1,0.1,378.32,UPI,Delivered
O004616,2026-01-08,C01298,P0020,1,0.0,139.01,Debit Card,Shipped
O004617,2024-11-21,C00758,P0177,1,0.15,354.76,Credit Card,Delivered
O004617,2024-11-21,C00758,P0152,1,0.1,41.68,Net Banking,Shipped
O004618,2025-12-13,C00196,P0046,1,0.2,200.9,Debit Card,Cancelled
O004619,2024-09-25,C00741,P0168,1,0.05,64.99,Net Banking,Delivered
O004619,2024-09-25,C00741,P0056,1,0.1,214.82,UPI,Cancelled
O004620,2024-08-14,C00081,P0054,1,0.15,58.58,UPI,Cancelled
O004621,2025-03-01,C00431,P0010,1,0.05,61.85,Net Banking,Delivered
O004622,2025-05-26,C01279,P0117,1,0.0,178.68,Credit Card,Delivered
O004623,2026-02-24,C00057,P0183,1,0.3,462.06,Cash on Delivery,Shipped
O004623,2026-02-24,C00057,P0236,1,0.1,180.92,Net Banking,Processing
O004624,2025-11-11,C01303,P0176,1,0.1,319.87,Net Banking,Delivered
O004625,2025-03-01,C00645,P0086,3,0.1,244.36,UPI,Shipped
O004626,2024-07-27,C01364,P0246,1,0.0,328.73,UPI,Shipped
O004627,2025-01-09,C00422,P0119,2,0.1,130.09,Debit Card,Delivered
O004628,2025-02-23,C00631,P0139,1,0.0,175.75,Credit Card,Processing
O004628,2025-02-23,C00631,P0119,1,0.05,344.25,Credit Card,Delivered
O004628,2025-02-23,C00631,P0161,1,0.1,454.15,UPI,Delivered
O004629,2025-03-05,C00839,P0190,1,0.05,162.92,Credit Card,Delivered
O004629,2025-03-05,C00839,P0208,1,0.1,363.75,Debit Card,Delivered
O004630,2025-10-05,C00581,P0140,1,0.2,325.85,Wallet,Delivered
O004631,2026-01-24,C01359,P0057,2,0.0,184.53,Cash on Delivery,Processing
O004632,2024-05-12,C00776,P0206,3,0.05,52.58,Wallet,Delivered
O004633,2025-10-18,C00639,P0030,1,0.2,393.08,Debit Card,Shipped
O004633,2025-10-18,C00639,P0083,1,0.2,147.05,Cash on Delivery,Delivered
O004634,2025-09-22,C00284,P0157,1,0.1,356.79,Net Banking,Delivered
O004635,2024-04-28,C00832,P0053,1,0.1,41.97,UPI,Delivered
O004635,2024-04-28,C00832,P0073,1,0.1,313.37,Wallet,Shipped
O004636,2025-04-13,C00674,P0016,1,0.2,393.6,UPI,Delivered
O004637,2024-05-05,C01260,P0106,2,0.2,497.74,UPI,Delivered
O004638,2025-06-23,C00947,P0096,2,0.1,69.91,UPI,Cancelled
O004638,2025-06-23,C00947,P0145,1,0.1,454.07,Debit Card,Delivered
O004638,2025-06-23,C00947,P0174,1,0.05,454.98,Cash on Delivery,Delivered
O004639,2025-05-22,C01037,P0084,3,0.1,165.02,Credit Card,Shipped
O004640,2024-06-30,C01321,P0240,1,0.1,388.01,Credit Card,Shipped
O004640,2024-06-30,C01321,P0197,1,0.15,328.17,Credit Card,Processing
O004641,2025-10-12,C01303,P0006,1,0.1,405.81,UPI,Delivered
O004641,2025-10-12,C01303,P0069,3,0.05,209.8,Credit Card,Delivered
O004642,2024-07-15,C01026,P0001,1,0.25,412.6,Cash on Delivery,Delivered
O004643,2025-06-02,C00409,P0006,1,0.15,279.24,UPI,Processing
O004644,2024-06-11,C00052,P0185,1,0.0,232.5,Net Banking,Delivered
O004645,2025-07-05,C01076,P0139,1,0.15,333.87,Cash on Delivery,Shipped
O004645,2025-07-05,C01076,P0196,2,0.15,165.43,Credit Card,Delivered
O004646,2025-09-13,C00585,P0107,1,0.05,407.06,Cash on Delivery,Delivered
O004646,2025-09-13,C00585,P0128,3,0.2,54.26,UPI,Delivered
O004647,2026-03-22,C00914,P0007,1,0.15,400.06,Cash on Delivery,Delivered
O004647,2026-03-22,C00914,P0163,2,0.05,95.66,Debit Card,Delivered
O004648,2024-08-15,C00548,P0112,1,0.15,47.49,Wallet,Delivered
O004649,2024-04-29,C00058,P0174,1,0.1,48.51,Credit Card,Cancelled
O004649,2024-04-29,C00058,P0030,2,0.25,420.05,Debit Card,Processing
O004650,2026-01-16,C00741,P0173,1,0.15,459.66,Debit Card,Delivered
O004651,2025-01-04,C00556,P0037,2,0.05,135.06,UPI,Delivered
O004652,2024-10-28,C00642,P0002,1,0.15,49.82,UPI,Cancelled
O004653,2024-04-26,C00431,P0073,1,0.05,476.23,Credit Card,Shipped
O004654,2026-01-29,C01472,P0243,1,0.1,135.11,UPI,Delivered
O004654,2026-01-29,C01472,P0159,4,0.2,445.29,Cash on Delivery,Delivered
O004655,2024-08-02,C00312,P0146,3,0.2,200.19,Wallet,Shipped
O004656,2025-02-09,C00773,P0188,1,0.0,203.23,Debit Card,Delivered
O004656,2025-02-09,C00773,P0106,2,0.1,392.36,Cash on Delivery,Cancelled
O004657,2025-04-13,C01413,P0009,1,0.15,467.55,Credit Card,Delivered
O004658,2025-12-16,C01487,P0138,1,0.25,312.42,UPI,Cancelled
O004659,2025-07-05,C00090,P0248,1,0.05,25.2,Credit Card,Delivered
O004660,2024-12-29,C01355,P0051,2,0.2,440.77,Debit Card,Delivered
O004661,2025-12-30,C00352,P0163,2,0.05,317.69,UPI,Shipped
O004661,2025-12-30,C00352,P0204,1,0.1,402.28,Credit Card,Shipped
O004662,2024-06-16,C01143,P0143,1,0.05,67.36,Cash on Delivery,Delivered
O004663,2024-08-02,C00397,P0180,4,0.0,26.44,UPI,Delivered
O004663,2024-08-02,C00397,P0250,1,0.0,320.13,Net Banking,Delivered
O004664,2025-11-03,C00023,P0069,1,0.1,305.97,Debit Card,Delivered
O004665,2024-10-01,C00876,P0177,1,0.0,132.37,Credit Card,Delivered
O004666,2025-10-09,C01105,P0069,2,0.05,340.32,Debit Card,Delivered
O004667,2026-01-07,C01043,P0056,1,0.1,194.23,UPI,Delivered
O004667,2026-01-07,C01043,P0008,3,0.2,41.88,Cash on Delivery,Delivered
O004668,2024-05-26,C00334,P0192,4,0.1,329.93,Net Banking,Processing
O004669,2024-12-15,C00686,P0027,1,0.1,380.82,UPI,Delivered
O004669,2024-12-15,C00686,P0231,1,0.15,43.16,Debit Card,Delivered
O004670,2025-07-09,C01415,P0107,1,0.1,99.78,Wallet,Cancelled
O004670,2025-07-09,C01415,P0187,1,0.2,141.88,Net Banking,Processing
O004671,2024-08-25,C00837,P0213,2,0.0,403.74,Wallet,Cancelled
O004672,2024-11-08,C01472,P0012,1,0.1,29.18,Cash on Delivery,Delivered
O004673,2024-11-06,C01102,P0016,1,0.1,375.84,Credit Card,Cancelled
O004674,2025-10-31,C00244,P0197,1,0.1,114.41,Credit Card,Delivered
O004674,2025-10-31,C00244,P0171,2,0.1,64.83,Cash on Delivery,Delivered
O004675,2025-07-13,C00189,P0243,1,0.25,265.07,Debit Card,Delivered
O004675,2025-07-13,C00189,P0078,1,0.05,282.98,Cash on Delivery,Delivered
O004675,2025-07-13,C00189,P0001,3,0.05,479.66,Wallet,Delivered
O004676,2025-07-23,C00643,P0053,1,0.0,386.48,Net Banking,Delivered
O004677,2024-11-22,C00808,P0047,2,0.1,226.59,Credit Card,Cancelled
O004678,2025-09-20,C00528,P0162,2,0.15,41.79,Cash on Delivery,Processing
O004678,2025-09-20,C00528,P0195,1,0.1,412.29,UPI,Delivered
O004679,2026-03-18,C00300,P0002,4,0.1,380.22,Debit Card,Delivered
O004680,2026-03-12,C00729,P0011,2,0.1,195.6,Debit Card,Delivered
O004680,2026-03-12,C00729,P0239,1,0.15,36.06,Cash on Delivery,Delivered
O004681,2024-05-22,C00203,P0197,2,0.1,56.41,Cash on Delivery,Delivered
O004682,2024-07-23,C00794,P0050,2,0.15,215.09,UPI,Cancelled
O004683,2024-06-04,C00606,P0182,4,0.15,274.93,Credit Card,Shipped
O004684,2025-06-17,C01420,P0225,1,0.1,190.86,Net Banking,Delivered
O004685,2025-08-12,C00376,P0009,1,0.0,371.19,Net Banking,Processing
O004685,2025-08-12,C00376,P0022,2,0.1,52.83,UPI,Delivered
O004686,2025-08-09,C00432,P0053,1,0.25,108.58,Wallet,Delivered
O004686,2025-08-09,C00432,P0009,4,0.0,192.35,UPI,Shipped
O004687,2024-08-05,C00437,P0159,1,0.1,200.98,Net Banking,Delivered
O004687,2024-08-05,C00437,P0086,1,0.05,109.27,Credit Card,Processing
O004688,2024-07-07,C00133,P0159,1,0.1,113.96,UPI,Processing
O004689,2025-03-13,C01440,P0184,3,0.05,476.0,Debit Card,Shipped
O004689,2025-03-13,C01440,P0152,1,0.1,384.9,Cash on Delivery,Processing
O004690,2025-05-26,C00592,P0116,1,0.1,120.73,Debit Card,Shipped
O004690,2025-05-26,C00592,P0070,1,0.1,46.9,Cash on Delivery,Delivered
O004691,2024-07-15,C01058,P0087,1,0.05,305.47,Cash on Delivery,Shipped
O004691,2024-07-15,C01058,P0133,1,0.15,126.93,Debit Card,Shipped
O004691,2024-07-15,C01058,P0160,1,0.2,141.31,UPI,Delivered
O004692,2025-03-16,C01108,P0147,1,0.15,270.44,Wallet,Shipped
O004693,2026-03-01,C00592,P0014,1,0.05,167.94,Net Banking,Delivered
O004694,2024-06-26,C00295,P0072,1,0.05,478.51,Debit Card,Delivered
O004695,2024-10-09,C00960,P0226,1,0.0,206.05,Cash on Delivery,Delivered
O004696,2026-01-24,C01308,P0078,2,0.15,436.53,Credit Card,Delivered
O004697,2026-01-15,C01301,P0036,1,0.0,344.58,Credit Card,Delivered
O004697,2026-01-15,C01301,P0037,1,0.25,239.02,UPI,Delivered
O004697,2026-01-15,C01301,P0122,1,0.05,451.9,Wallet,Delivered
O004698,2026-03-07,C00017,P0132,1,0.0,470.08,UPI,Delivered
O004699,2024-05-18,C00437,P0060,1,0.15,432.8,Debit Card,Shipped
O004700,2024-11-27,C00999,P0106,2,0.15,68.76,Cash on Delivery,Cancelled
O004701,2025-09-08,C01229,P0162,1,0.2,56.43,Credit Card,Delivered
O004702,2024-05-27,C00126,P0240,2,0.1,253.62,UPI,Delivered
O004703,2024-04-09,C01076,P0137,1,0.05,29.47,UPI,Delivered
O004703,2024-04-09,C01076,P0134,3,0.2,403.97,UPI,Delivered
O004703,2024-04-09,C01076,P0095,1,0.15,293.19,Credit Card,Delivered
O004704,2025-11-10,C00812,P0079,2,0.05,266.51,Net Banking,Delivered
O004704,2025-11-10,C00812,P0097,2,0.1,71.25,Credit Card,Delivered
O004705,2024-12-29,C00196,P0183,1,0.15,185.56,Cash on Delivery,Delivered
O004706,2026-01-22,C00379,P0235,1,0.2,467.6,Debit Card,Delivered
O004707,2026-02-12,C01473,P0064,2,0.15,157.92,UPI,Cancelled
O004708,2025-09-10,C01284,P0072,2,0.1,299.34,Credit Card,Delivered
O004708,2025-09-10,C01284,P0179,2,0.1,113.98,UPI,Shipped
O004709,2024-11-19,C01184,P0041,2,0.0,119.52,Credit Card,Delivered
O004709,2024-11-19,C01184,P0037,1,0.0,44.69,Cash on Delivery,Delivered
O004710,2024-11-27,C00060,P0003,1,0.05,36.0,Credit Card,Cancelled
O004711,2024-12-04,C01443,P0213,1,0.1,318.14,Cash on Delivery,Processing
O004712,2025-09-16,C00888,P0187,2,0.0,196.18,Credit Card,Shipped
O004713,2025-09-02,C00610,P0102,1,0.1,158.28,Net Banking,Cancelled
O004714,2026-02-27,C00356,P0054,4,0.3,389.34,UPI,Delivered
O004714,2026-02-27,C00356,P0138,1,0.1,202.49,UPI,Shipped
O004715,2025-10-03,C00235,P0013,2,0.1,379.15,Wallet,Delivered
O004715,2025-10-03,C00235,P0183,2,0.0,396.4,UPI,Delivered
O004716,2024-08-02,C00404,P0027,2,0.0,347.55,UPI,Shipped
O004716,2024-08-02,C00404,P0009,1,0.15,112.71,Credit Card,Shipped
O004717,2026-03-14,C00265,P0044,1,0.1,189.93,Cash on Delivery,Delivered
O004717,2026-03-14,C00265,P0031,1,0.15,167.88,Credit Card,Delivered
O004718,2025-01-28,C00251,P0201,1,0.15,398.74,Cash on Delivery,Shipped
O004719,2025-01-31,C01143,P0128,2,0.15,40.8,Net Banking,Delivered
O004720,2026-02-17,C01378,P0230,2,0.0,379.28,UPI,Delivered
O004721,2025-05-25,C01432,P0108,1,0.1,352.92,Debit Card,Delivered
O004722,2025-03-07,C01210,P0166,2,0.1,352.77,Cash on Delivery,Processing
O004723,2024-07-06,C00422,P0024,4,0.0,481.34,Credit Card,Delivered
O004723,2024-07-06,C00422,P0176,1,0.05,90.33,Credit Card,Shipped
O004724,2024-05-15,C01423,P0011,1,0.1,384.13,Credit Card,Delivered
O004725,2024-09-30,C00434,P0246,1,0.05,331.87,Debit Card,Delivered
O004726,2024-10-28,C00739,P0097,1,0.0,226.62,UPI,Delivered
O004726,2024-10-28,C00739,P0082,1,0.1,357.94,Debit Card,Shipped
O004726,2024-10-28,C00739,P0058,2,0.05,242.04,Cash on Delivery,Delivered
O004727,2024-10-30,C00957,P0184,2,0.2,292.89,Credit Card,Delivered
O004727,2024-10-30,C00957,P0108,1,0.1,453.01,Net Banking,Delivered
O004728,2024-08-07,C00583,P0202,1,0.15,201.22,Cash on Delivery,Delivered
O004729,2025-04-28,C01348,P0076,2,0.1,71.4,UPI,Delivered
O004730,2024-07-28,C00054,P0133,1,0.1,145.21,UPI,Delivered
O004730,2024-07-28,C00054,P0007,1,0.1,298.27,Credit Card,Delivered
O004731,2026-02-21,C00633,P0195,2,0.0,429.82,Debit Card,Delivered
O004731,2026-02-21,C00633,P0166,3,0.0,362.24,Credit Card,Delivered
O004731,2026-02-21,C00633,P0076,1,0.15,192.15,UPI,Cancelled
O004732,2024-08-16,C00200,P0178,1,0.05,89.41,Debit Card,Delivered
O004733,2025-04-07,C00367,P0162,1,0.1,471.25,Net Banking,Processing
O004733,2025-04-07,C00367,P0056,1,0.25,485.73,Cash on Delivery,Delivered
O004734,2025-06-08,C01289,P0194,1,0.1,136.29,UPI,Delivered
O004735,2024-06-30,C00664,P0101,2,0.2,370.42,UPI,Delivered
O004736,2024-08-09,C00704,P0191,1,0.1,228.53,Debit Card,Processing
O004737,2025-01-31,C00603,P0121,1,0.0,97.94,Credit Card,Shipped
O004738,2025-04-06,C01072,P0103,1,0.0,176.58,Net Banking,Delivered
O004738,2025-04-06,C01072,P0181,1,0.1,260.35,Wallet,Cancelled
O004739,2026-02-27,C00417,P0120,1,0.15,486.42,UPI,Cancelled
O004740,2026-03-28,C01121,P0069,1,0.2,261.42,Wallet,Shipped
O004740,2026-03-28,C01121,P0014,2,0.05,245.82,Debit Card,Delivered
O004740,2026-03-28,C01121,P0208,1,0.1,113.67,Credit Card,Processing
O004741,2024-06-09,C00829,P0233,2,0.1,153.92,UPI,Delivered
O004741,2024-06-09,C00829,P0101,1,0.05,65.87,UPI,Delivered
O004741,2024-06-09,C00829,P0081,1,0.05,493.67,Cash on Delivery,Shipped
O004742,2024-06-30,C01402,P0007,2,0.0,353.71,Cash on Delivery,Delivered
O004743,2024-06-20,C00640,P0019,1,0.15,494.18,UPI,Delivered
O004744,2025-06-12,C00008,P0031,1,0.1,96.86,UPI,Delivered
O004745,2024-12-05,C00448,P0142,1,0.1,414.16,Cash on Delivery,Processing
O004746,2024-07-29,C01059,P0186,2,0.1,389.17,Debit Card,Delivered
O004747,2024-05-27,C01452,P0182,2,0.1,370.55,UPI,Delivered
O004747,2024-05-27,C01452,P0051,1,0.25,412.14,UPI,Shipped
O004748,2026-03-29,C00351,P0048,1,0.05,126.56,Credit Card,Delivered
O004749,2024-05-19,C00135,P0026,1,0.0,289.07,UPI,Processing
O004749,2024-05-19,C00135,P0245,2,0.05,59.99,Credit Card,Delivered
O004750,2025-02-21,C01181,P0033,1,0.1,318.7,UPI,Shipped
O004751,2024-09-20,C00191,P0246,1,0.15,408.97,Debit Card,Shipped
O004751,2024-09-20,C00191,P0231,1,0.15,219.73,Cash on Delivery,Cancelled
O004752,2025-09-18,C01224,P0021,3,0.0,331.85,Net Banking,Delivered
O004753,2026-02-16,C01471,P0089,3,0.25,176.83,UPI,Shipped
O004754,2024-06-21,C00991,P0022,4,0.15,290.0,UPI,Shipped
O004755,2025-11-27,C00644,P0239,3,0.0,279.03,Credit Card,Processing
O004756,2025-10-29,C01038,P0200,1,0.2,45.92,Credit Card,Delivered
O004756,2025-10-29,C01038,P0093,1,0.05,320.92,UPI,Processing
O004757,2026-02-22,C01101,P0245,1,0.15,443.3,Cash on Delivery,Delivered
O004757,2026-02-22,C01101,P0033,2,0.1,294.8,UPI,Delivered
O004758,2025-09-25,C00636,P0208,1,0.05,268.04,Debit Card,Delivered
O004758,2025-09-25,C00636,P0138,1,0.1,489.38,UPI,Delivered
O004759,2025-06-28,C00066,P0188,1,0.0,309.79,Credit Card,Delivered
O004759,2025-06-28,C00066,P0116,1,0.0,293.33,Debit Card,Delivered
O004760,2024-11-22,C01339,P0195,1,0.05,109.97,Credit Card,Cancelled
O004761,2024-09-09,C00052,P0054,1,0.2,232.55,UPI,Shipped
O004762,2025-08-24,C01306,P0131,4,0.0,311.68,UPI,Delivered
O004763,2024-05-01,C00263,P0060,1,0.1,474.35,UPI,Delivered
O004764,2024-04-26,C00850,P0084,2,0.2,301.51,Credit Card,Shipped
O004764,2024-04-26,C00850,P0140,2,0.1,439.74,Debit Card,Delivered
O004765,2025-11-26,C01496,P0068,1,0.1,372.95,Credit Card,Cancelled
O004766,2024-04-04,C01197,P0081,2,0.05,438.78,Wallet,Delivered
O004767,2024-04-06,C00274,P0131,1,0.1,263.99,Net Banking,Delivered
O004767,2024-04-06,C00274,P0153,1,0.1,197.13,UPI,Processing
O004768,2024-05-06,C00772,P0040,2,0.1,368.39,UPI,Cancelled
O004769,2025-05-30,C00679,P0064,1,0.1,409.45,UPI,Shipped
O004770,2025-11-11,C00025,P0037,1,0.0,161.31,UPI,Delivered
O004770,2025-11-11,C00025,P0237,1,0.1,157.14,Credit Card,Shipped
O004771,2024-12-12,C00416,P0233,1,0.15,395.05,UPI,Delivered
O004772,2024-09-12,C01150,P0089,1,0.15,447.17,Wallet,Processing
O004772,2024-09-12,C01150,P0191,1,0.2,233.52,Credit Card,Cancelled
O004773,2024-10-02,C00087,P0058,3,0.2,186.71,UPI,Cancelled
O004774,2024-10-03,C01135,P0099,2,0.2,333.11,UPI,Processing
O004775,2026-01-17,C00208,P0054,1,0.3,275.56,Credit Card,Delivered
O004776,2026-02-21,C00772,P0089,2,0.05,342.49,Net Banking,Delivered
O004776,2026-02-21,C00772,P0055,2,0.2,245.52,UPI,Delivered
O004776,2026-02-21,C00772,P0143,1,0.15,265.28,Credit Card,Cancelled
O004777,2025-11-10,C00356,P0077,2,0.0,299.12,Cash on Delivery,Delivered
O004777,2025-11-10,C00356,P0024,2,0.25,345.74,Net Banking,Delivered
O004778,2024-07-04,C01306,P0240,1,0.0,206.25,UPI,Delivered
O004779,2024-10-28,C01301,P0108,1,0.2,407.55,UPI,Delivered
O004779,2024-10-28,C01301,P0040,1,0.05,54.86,Cash on Delivery,Cancelled
O004780,2024-08-11,C01209,P0074,2,0.05,263.87,Net Banking,Shipped
O004781,2026-01-12,C00466,P0080,1,0.1,43.57,Cash on Delivery,Delivered
O004781,2026-01-12,C00466,P0243,1,0.0,476.38,Debit Card,Delivered
O004781,2026-01-12,C00466,P0235,3,0.1,80.06,UPI,Delivered
O004782,2024-07-27,C01349,P0202,3,0.1,219.74,Cash on Delivery,Delivered
O004783,2026-01-21,C00577,P0187,2,0.1,491.76,Debit Card,Processing
O004783,2026-01-21,C00577,P0205,4,0.1,127.51,UPI,Cancelled
O004783,2026-01-21,C00577,P0201,1,0.05,91.58,UPI,Delivered
O004784,2025-09-16,C01077,P0102,1,0.15,273.04,Wallet,Delivered
O004785,2024-08-01,C00420,P0045,2,0.1,297.29,Cash on Delivery,Processing
O004785,2024-08-01,C00420,P0177,1,0.2,311.25,Debit Card,Delivered
O004786,2024-05-10,C01054,P0185,1,0.2,402.86,Net Banking,Delivered
O004787,2024-05-06,C00712,P0081,2,0.1,199.98,Debit Card,Delivered
O004787,2024-05-06,C00712,P0043,2,0.1,78.23,Credit Card,Cancelled
O004788,2024-08-10,C01426,P0119,1,0.1,181.32,UPI,Shipped
O004789,2025-01-31,C01264,P0106,2,0.0,145.79,Credit Card,Delivered
O004789,2025-01-31,C01264,P0076,1,0.1,491.83,Net Banking,Shipped
O004790,2025-11-07,C01182,P0015,1,0.25,192.92,Debit Card,Delivered
O004791,2024-05-23,C01080,P0090,1,0.15,145.58,Net Banking,Delivered
O004792,2025-11-29,C00798,P0174,1,0.1,172.4,Credit Card,Delivered
O004793,2025-10-27,C01018,P0010,1,0.1,144.88,Net Banking,Cancelled
O004794,2025-02-17,C00321,P0003,1,0.1,225.83,Credit Card,Shipped
O004794,2025-02-17,C00321,P0124,1,0.1,470.61,Credit Card,Delivered
O004795,2024-12-23,C00152,P0014,3,0.15,449.96,Debit Card,Delivered
O004796,2024-11-11,C00118,P0007,2,0.1,458.57,Debit Card,Shipped
O004796,2024-11-11,C00118,P0164,3,0.25,321.46,Debit Card,Delivered
O004797,2026-01-20,C00161,P0245,1,0.1,467.31,Debit Card,Processing
O004798,2026-02-19,C00061,P0118,1,0.2,415.88,UPI,Delivered
O004799,2025-07-23,C00275,P0194,1,0.1,484.31,UPI,Delivered
O004800,2024-06-01,C00356,P0083,1,0.15,489.94,Net Banking,Delivered
O004800,2024-06-01,C00356,P0008,1,0.05,61.2,Wallet,Shipped
O004801,2025-04-06,C01376,P0080,1,0.0,266.4,Cash on Delivery,Cancelled
O004802,2025-12-08,C00948,P0021,1,0.05,493.71,UPI,Delivered
O004802,2025-12-08,C00948,P0184,1,0.15,281.46,Credit Card,Delivered
O004803,2025-03-20,C01250,P0135,1,0.1,276.21,UPI,Processing
O004804,2025-03-10,C00875,P0026,2,0.25,365.83,UPI,Cancelled
O004804,2025-03-10,C00875,P0075,1,0.05,220.29,Cash on Delivery,Delivered
O004804,2025-03-10,C00875,P0147,1,0.15,135.86,Net Banking,Delivered
O004805,2025-09-28,C00586,P0246,1,0.1,226.66,Debit Card,Delivered
O004806,2026-01-22,C00961,P0166,1,0.0,385.98,Debit Card,Delivered
O004807,2024-05-30,C00192,P0246,1,0.25,219.5,UPI,Delivered
O004807,2024-05-30,C00192,P0127,1,0.05,404.87,Net Banking,Processing
O004808,2024-11-04,C01327,P0218,1,0.0,215.17,Debit Card,Shipped
O004808,2024-11-04,C01327,P0231,2,0.05,493.19,Credit Card,Shipped
O004809,2024-12-01,C00027,P0032,1,0.15,399.94,Net Banking,Delivered
O004809,2024-12-01,C00027,P0209,1,0.2,371.24,UPI,Cancelled
O004809,2024-12-01,C00027,P0090,2,0.15,364.71,Cash on Delivery,Delivered
O004810,2024-09-04,C00549,P0155,2,0.0,305.8,Wallet,Shipped
O004811,2024-04-02,C00368,P0157,2,0.2,462.08,UPI,Cancelled
O004812,2024-04-24,C01467,P0248,3,0.1,421.5,Credit Card,Delivered
O004813,2025-08-05,C00867,P0023,1,0.1,41.72,Debit Card,Delivered
O004813,2025-08-05,C00867,P0132,4,0.0,496.42,Credit Card,Processing
O004814,2026-01-25,C00842,P0107,1,0.0,188.67,Wallet,Delivered
O004814,2026-01-25,C00842,P0102,2,0.05,353.94,UPI,Delivered
O004815,2025-10-15,C01224,P0014,1,0.15,430.17,Debit Card,Delivered
O004816,2025-11-18,C00843,P0047,1,0.0,470.71,Net Banking,Delivered
O004816,2025-11-18,C00843,P0086,2,0.1,332.61,Net Banking,Delivered
O004817,2025-03-29,C01183,P0055,2,0.1,457.27,UPI,Shipped
O004818,2024-12-18,C00692,P0008,1,0.0,393.06,UPI,Shipped
O004819,2024-09-20,C00364,P0137,2,0.1,84.38,Credit Card,Delivered
O004820,2026-02-01,C01010,P0185,1,0.15,25.99,Credit Card,Delivered
O004820,2026-02-01,C01010,P0050,1,0.2,119.7,Debit Card,Delivered
O004821,2024-08-11,C00190,P0156,1,0.15,212.27,Credit Card,Processing
O004822,2024-07-07,C01420,P0092,4,0.2,291.8,Cash on Delivery,Delivered
O004822,2024-07-07,C01420,P0106,1,0.0,425.42,Credit Card,Delivered
O004822,2024-07-07,C01420,P0012,1,0.0,128.76,Credit Card,Processing
O004823,2025-05-05,C01341,P0052,2,0.1,96.72,Wallet,Delivered
O004824,2024-08-08,C00338,P0173,1,0.1,193.06,Cash on Delivery,Processing
O004825,2024-04-26,C00037,P0077,1,0.05,339.84,UPI,Shipped
O004825,2024-04-26,C00037,P0217,2,0.15,254.72,Net Banking,Cancelled
O004825,2024-04-26,C00037,P0061,1,0.0,258.65,Wallet,Cancelled
O004826,2024-05-29,C01160,P0067,1,0.15,190.2,UPI,Delivered
O004827,2025-04-26,C00348,P0140,1,0.15,425.26,Cash on Delivery,Delivered
O004827,2025-04-26,C00348,P0234,1,0.1,345.23,Net Banking,Cancelled
O004828,2024-12-21,C01472,P0119,1,0.1,58.12,UPI,Delivered
O004828,2024-12-21,C01472,P0029,1,0.15,253.8,Debit Card,Cancelled
O004829,2025-08-24,C00469,P0246,3,0.0,163.06,Debit Card,Delivered
O004830,2024-05-16,C00562,P0159,1,0.1,328.85,Debit Card,Delivered
O004831,2025-06-22,C00613,P0076,1,0.1,178.3,UPI,Delivered
O004832,2026-03-03,C01195,P0105,1,0.0,242.73,UPI,Delivered
O004832,2026-03-03,C01195,P0097,1,0.0,80.9,Credit Card,Delivered
O004832,2026-03-03,C01195,P0220,1,0.1,312.72,Debit Card,Delivered
O004833,2024-07-02,C01319,P0025,2,0.25,36.58,Net Banking,Cancelled
O004834,2025-09-29,C01430,P0121,2,0.2,283.47,Wallet,Delivered
O004835,2025-02-24,C01061,P0047,1,0.25,120.86,Wallet,Cancelled
O004835,2025-02-24,C01061,P0245,1,0.1,275.47,Credit Card,Delivered
O004836,2024-04-20,C01101,P0080,1,0.15,232.3,UPI,Cancelled
O004837,2026-03-13,C00899,P0030,1,0.1,366.29,Net Banking,Cancelled
O004838,2025-08-26,C00011,P0094,1,0.15,494.4,Credit Card,Delivered
O004838,2025-08-26,C00011,P0195,1,0.15,35.56,Wallet,Delivered
O004839,2024-12-14,C01246,P0214,2,0.1,82.23,Net Banking,Delivered
O004840,2025-08-04,C01209,P0033,1,0.1,459.61,Net Banking,Shipped
O004841,2024-04-17,C01110,P0115,1,0.1,400.21,UPI,Delivered
O004841,2024-04-17,C01110,P0031,2,0.1,394.13,UPI,Shipped
O004841,2024-04-17,C01110,P0157,1,0.0,223.94,Net Banking,Delivered
O004842,2025-06-09,C00291,P0067,1,0.0,396.66,Cash on Delivery,Delivered
O004843,2024-08-11,C00642,P0076,1,0.0,221.15,Net Banking,Delivered
O004844,2025-09-04,C00090,P0177,4,0.25,302.09,Credit Card,Cancelled
O004844,2025-09-04,C00090,P0204,1,0.1,429.02,UPI,Processing
O004845,2025-08-11,C01461,P0114,3,0.05,476.21,Cash on Delivery,Delivered
O004846,2025-03-01,C01174,P0032,1,0.1,270.67,Debit Card,Delivered
O004847,2025-12-21,C00607,P0144,2,0.1,150.65,UPI,Delivered
O004848,2025-08-20,C00834,P0238,2,0.1,160.25,Credit Card,Delivered
O004849,2025-06-20,C01071,P0064,1,0.15,207.49,Wallet,Delivered
O004849,2025-06-20,C01071,P0097,1,0.15,239.23,Cash on Delivery,Delivered
O004850,2024-08-15,C01110,P0188,2,0.05,290.6,Net Banking,Delivered
O004851,2025-05-22,C01456,P0030,2,0.3,117.59,Wallet,Delivered
O004852,2024-09-17,C01159,P0213,1,0.1,45.84,Debit Card,Cancelled
O004853,2026-01-08,C00558,P0150,1,0.0,490.25,Cash on Delivery,Delivered
O004853,2026-01-08,C00558,P0167,1,0.05,351.27,Debit Card,Delivered
O004854,2025-06-16,C00860,P0215,1,0.05,384.35,UPI,Delivered
O004855,2025-10-25,C01004,P0201,1,0.0,238.13,Net Banking,Delivered
O004856,2024-06-23,C00552,P0105,1,0.1,498.63,Debit Card,Processing
O004857,2025-06-24,C01385,P0126,1,0.0,394.96,UPI,Cancelled
O004858,2024-05-28,C01395,P0015,2,0.0,151.47,Wallet,Delivered
O004859,2024-06-29,C01298,P0022,1,0.15,34.47,UPI,Delivered
O004860,2025-12-04,C00043,P0194,2,0.1,249.09,Net Banking,Processing
O004861,2025-04-19,C01218,P0122,1,0.2,61.65,UPI,Delivered
O004862,2024-04-28,C00416,P0078,1,0.15,266.96,Credit Card,Delivered
O004863,2024-08-15,C01007,P0234,1,0.1,422.2,UPI,Processing
O004863,2024-08-15,C01007,P0207,1,0.05,276.03,Credit Card,Delivered
O004864,2025-06-08,C00098,P0108,2,0.05,351.52,Cash on Delivery,Delivered
O004865,2025-07-07,C00414,P0066,1,0.2,168.89,Net Banking,Shipped
O004865,2025-07-07,C00414,P0046,2,0.0,282.57,UPI,Delivered
O004866,2025-05-10,C01112,P0099,1,0.0,208.6,UPI,Delivered
O004867,2025-03-15,C00010,P0067,1,0.1,138.05,Credit Card,Delivered
O004867,2025-03-15,C00010,P0093,3,0.0,29.54,Cash on Delivery,Delivered
O004868,2026-02-12,C01361,P0103,2,0.05,130.86,Credit Card,Delivered
O004868,2026-02-12,C01361,P0250,1,0.25,33.65,Credit Card,Delivered
O004869,2024-11-07,C00705,P0211,1,0.15,103.95,Credit Card,Shipped
O004870,2024-10-08,C01006,P0168,3,0.05,346.43,Cash on Delivery,Delivered
O004870,2024-10-08,C01006,P0124,2,0.05,119.11,UPI,Delivered
O004871,2024-06-05,C01383,P0179,1,0.0,486.8,Cash on Delivery,Cancelled
O004872,2024-10-28,C00645,P0130,1,0.0,53.49,UPI,Cancelled
O004873,2024-07-15,C00086,P0191,1,0.1,112.02,Wallet,Cancelled
O004874,2026-03-09,C01051,P0004,1,0.15,397.67,Net Banking,Delivered
O004875,2024-08-06,C01293,P0201,1,0.05,111.23,UPI,Delivered
O004876,2025-09-25,C01098,P0087,1,0.25,91.15,UPI,Delivered
O004876,2025-09-25,C01098,P0123,1,0.15,230.56,UPI,Delivered
O004877,2025-04-13,C00285,P0131,1,0.1,221.05,UPI,Delivered
O004877,2025-04-13,C00285,P0200,1,0.1,42.48,Net Banking,Processing
O004878,2025-10-07,C01271,P0246,1,0.1,64.65,Credit Card,Delivered
O004878,2025-10-07,C01271,P0224,3,0.1,155.41,UPI,Delivered
O004879,2025-10-23,C00216,P0004,1,0.0,274.0,UPI,Processing
O004880,2025-06-07,C00772,P0134,1,0.2,94.36,Net Banking,Delivered
O004880,2025-06-07,C00772,P0055,1,0.1,176.92,UPI,Processing
O004880,2025-06-07,C00772,P0133,1,0.15,250.11,UPI,Delivered
O004881,2025-10-17,C01466,P0019,1,0.15,325.83,Debit Card,Delivered
O004881,2025-10-17,C01466,P0104,3,0.0,229.25,Debit Card,Processing
O004882,2024-10-17,C00311,P0029,1,0.1,476.24,UPI,Delivered
O004883,2024-07-04,C00374,P0130,1,0.1,144.97,UPI,Processing
O004883,2024-07-04,C00374,P0155,1,0.1,204.79,UPI,Delivered
O004883,2024-07-04,C00374,P0122,1,0.1,250.8,Wallet,Cancelled
O004884,2024-08-27,C00761,P0101,1,0.0,45.87,Credit Card,Delivered
O004884,2024-08-27,C00761,P0045,1,0.1,105.84,UPI,Delivered
O004885,2025-05-17,C00384,P0048,1,0.15,449.19,Net Banking,Delivered
O004886,2026-02-26,C00368,P0128,1,0.0,420.99,Cash on Delivery,Shipped
O004886,2026-02-26,C00368,P0112,2,0.15,243.06,UPI,Delivered
O004887,2024-07-30,C01154,P0164,1,0.0,269.87,UPI,Delivered
O004887,2024-07-30,C01154,P0087,2,0.15,160.53,UPI,Cancelled
O004888,2025-11-01,C00899,P0079,1,0.15,141.08,UPI,Delivered
O004889,2026-03-13,C01123,P0089,2,0.15,456.5,Credit Card,Processing
O004889,2026-03-13,C01123,P0171,1,0.05,304.87,UPI,Delivered
O004889,2026-03-13,C01123,P0172,1,0.05,132.89,UPI,Delivered
O004890,2024-08-12,C00522,P0146,1,0.1,259.22,Cash on Delivery,Cancelled
O004890,2024-08-12,C00522,P0124,1,0.15,240.52,UPI,Delivered
O004891,2024-07-18,C01212,P0198,2,0.1,498.14,UPI,Delivered
O004891,2024-07-18,C01212,P0163,2,0.0,33.25,Cash on Delivery,Delivered
O004892,2025-12-25,C01448,P0175,1,0.05,28.21,Wallet,Cancelled
O004893,2025-10-25,C01352,P0201,1,0.25,136.22,UPI,Delivered
O004893,2025-10-25,C01352,P0106,1,0.1,305.67,Credit Card,Cancelled
O004894,2024-10-16,C00286,P0146,2,0.15,278.17,UPI,Delivered
O004894,2024-10-16,C00286,P0145,1,0.1,284.93,Credit Card,Shipped
O004895,2025-12-29,C00624,P0045,1,0.25,371.82,Net Banking,Delivered
O004895,2025-12-29,C00624,P0163,1,0.25,85.86,Debit Card,Delivered
O004896,2026-02-14,C01271,P0087,1,0.15,25.73,Debit Card,Cancelled
O004896,2026-02-14,C01271,P0142,1,0.2,162.47,UPI,Cancelled
O004897,2025-01-01,C00099,P0069,2,0.05,315.96,Credit Card,Delivered
O004898,2025-12-25,C00214,P0220,1,0.05,44.77,UPI,Cancelled
O004899,2024-04-18,C00273,P0160,2,0.1,324.79,Credit Card,Delivered
O004899,2024-04-18,C00273,P0115,1,0.2,144.95,UPI,Delivered
O004900,2025-10-02,C01019,P0094,1,0.25,194.03,Cash on Delivery,Delivered
O004901,2025-11-20,C00212,P0244,1,0.2,182.09,Wallet,Delivered
O004902,2026-02-26,C00525,P0160,1,0.3,75.04,Credit Card,Cancelled
O004902,2026-02-26,C00525,P0135,1,0.05,239.28,UPI,Shipped
O004903,2026-03-18,C01100,P0079,3,0.0,384.75,UPI,Processing
O004904,2025-10-05,C01362,P0106,2,0.0,90.92,Credit Card,Cancelled
O004905,2025-10-03,C00535,P0174,4,0.1,208.31,UPI,Cancelled
O004905,2025-10-03,C00535,P0237,3,0.2,124.73,Credit Card,Delivered
O004906,2024-10-30,C00600,P0129,1,0.05,100.15,Cash on Delivery,Cancelled
O004907,2025-05-30,C00574,P0028,1,0.2,65.94,Wallet,Delivered
O004908,2025-08-19,C00161,P0073,2,0.05,233.12,Debit Card,Delivered
O004908,2025-08-19,C00161,P0020,1,0.05,328.41,UPI,Processing
O004908,2025-08-19,C00161,P0113,1,0.2,357.98,Cash on Delivery,Delivered
O004909,2025-06-27,C01097,P0070,1,0.1,59.2,UPI,Delivered
O004910,2024-04-05,C00185,P0043,2,0.1,323.83,Debit Card,Shipped
O004911,2025-10-04,C01477,P0206,1,0.05,401.0,UPI,Delivered
O004912,2025-04-10,C01231,P0178,1,0.15,409.71,Debit Card,Delivered
O004912,2025-04-10,C01231,P0143,4,0.1,456.99,Debit Card,Delivered
O004912,2025-04-10,C01231,P0055,1,0.15,115.02,Cash on Delivery,Delivered
O004913,2025-10-21,C00374,P0016,2,0.05,290.45,UPI,Processing
O004914,2024-10-14,C00340,P0247,1,0.05,408.75,UPI,Delivered
O004915,2024-06-17,C01475,P0049,1,0.05,447.94,UPI,Delivered
O004916,2025-05-05,C01058,P0119,3,0.05,406.37,Cash on Delivery,Cancelled
O004917,2024-06-09,C00479,P0031,1,0.0,381.83,UPI,Processing
O004918,2026-03-02,C00839,P0170,3,0.05,416.22,UPI,Delivered
O004919,2025-01-08,C00190,P0004,1,0.2,112.51,Credit Card,Delivered
O004919,2025-01-08,C00190,P0177,1,0.05,301.3,Debit Card,Shipped
O004920,2024-05-29,C00559,P0178,1,0.15,310.59,Credit Card,Delivered
O004921,2024-09-10,C01039,P0128,2,0.15,187.05,Debit Card,Processing
O004922,2024-04-10,C00825,P0029,1,0.25,140.72,Wallet,Cancelled
O004923,2025-07-07,C00437,P0121,1,0.1,257.61,UPI,Delivered
O004924,2025-05-02,C00168,P0038,1,0.15,381.82,Debit Card,Delivered
O004925,2025-05-29,C01248,P0042,2,0.05,224.63,UPI,Shipped
O004926,2024-08-31,C00075,P0036,1,0.0,334.72,UPI,Cancelled
O004927,2025-09-15,C00399,P0059,1,0.1,201.8,Credit Card,Processing
O004928,2025-05-19,C01157,P0216,1,0.15,64.87,Net Banking,Delivered
O004928,2025-05-19,C01157,P0170,1,0.2,145.64,UPI,Shipped
O004929,2025-06-27,C00998,P0223,2,0.05,119.22,Credit Card,Delivered
O004929,2025-06-27,C00998,P0023,1,0.2,65.32,Credit Card,Shipped
O004930,2025-12-12,C00479,P0040,2,0.3,438.06,UPI,Delivered
O004930,2025-12-12,C00479,P0214,4,0.15,304.13,UPI,Delivered
O004931,2026-03-23,C01357,P0074,1,0.0,340.26,UPI,Delivered
O004932,2024-12-12,C00583,P0201,1,0.25,427.48,Credit Card,Cancelled
O004933,2026-03-05,C00477,P0153,1,0.1,101.47,UPI,Cancelled
O004934,2025-11-12,C00734,P0091,2,0.1,262.91,Debit Card,Delivered
O004935,2024-06-27,C00171,P0070,1,0.1,355.64,UPI,Delivered
O004935,2024-06-27,C00171,P0115,1,0.2,289.88,Net Banking,Cancelled
O004936,2025-12-13,C00240,P0230,2,0.1,262.69,Credit Card,Delivered
O004937,2025-01-11,C01445,P0218,2,0.15,366.42,Debit Card,Delivered
O004938,2025-09-01,C00527,P0214,1,0.05,87.21,Wallet,Processing
O004939,2025-06-17,C01014,P0040,1,0.05,373.85,UPI,Processing
O004940,2024-06-06,C00963,P0123,2,0.1,305.16,UPI,Delivered
O004940,2024-06-06,C00963,P0050,1,0.15,219.51,Debit Card,Shipped
O004941,2025-05-01,C00474,P0016,1,0.0,311.9,Credit Card,Delivered
O004942,2025-04-11,C01455,P0086,1,0.25,202.95,UPI,Delivered
O004942,2025-04-11,C01455,P0029,1,0.15,415.63,Cash on Delivery,Processing
O004942,2025-04-11,C01455,P0105,1,0.25,228.0,Debit Card,Cancelled
O004943,2024-04-17,C00255,P0189,1,0.15,366.53,Credit Card,Delivered
O004944,2024-08-06,C01431,P0230,1,0.05,56.89,Credit Card,Processing
O004945,2024-10-19,C00841,P0116,1,0.1,239.56,UPI,Delivered
O004945,2024-10-19,C00841,P0095,1,0.25,476.6,Cash on Delivery,Delivered
O004946,2025-03-03,C00236,P0070,1,0.15,311.9,Net Banking,Delivered
O004946,2025-03-03,C00236,P0238,1,0.1,498.06,Cash on Delivery,Cancelled
O004947,2026-03-12,C00557,P0103,1,0.1,185.02,UPI,Delivered
O004947,2026-03-12,C00557,P0200,1,0.1,294.69,UPI,Delivered
O004948,2026-02-20,C00379,P0184,1,0.15,214.43,Credit Card,Shipped
O004949,2025-04-18,C00546,P0193,2,0.1,186.88,UPI,Processing
O004949,2025-04-18,C00546,P0031,2,0.0,234.42,Credit Card,Delivered
O004950,2025-02-14,C00204,P0185,3,0.0,133.85,Credit Card,Cancelled
O004951,2025-05-12,C01435,P0206,4,0.1,220.64,UPI,Delivered
O004951,2025-05-12,C01435,P0075,1,0.2,489.71,Net Banking,Delivered
O004952,2025-03-20,C00135,P0031,1,0.1,221.54,UPI,Delivered
O004953,2025-03-03,C00948,P0219,3,0.0,273.8,Debit Card,Delivered
O004953,2025-03-03,C00948,P0169,1,0.0,324.82,Cash on Delivery,Cancelled
O004953,2025-03-03,C00948,P0099,3,0.1,318.83,Credit Card,Processing
O004954,2025-10-16,C01056,P0215,2,0.05,410.79,Credit Card,Processing
O004954,2025-10-16,C01056,P0053,1,0.05,69.82,UPI,Delivered
O004955,2025-02-21,C00859,P0011,2,0.1,255.37,UPI,Shipped
O004955,2025-02-21,C00859,P0200,1,0.05,162.42,Debit Card,Delivered
O004956,2025-05-22,C00481,P0189,1,0.1,104.7,Wallet,Delivered
O004957,2026-02-10,C00169,P0180,1,0.1,89.08,Credit Card,Delivered
O004957,2026-02-10,C00169,P0117,1,0.1,260.48,Credit Card,Delivered
O004958,2025-03-18,C00604,P0010,1,0.1,83.83,Cash on Delivery,Delivered
O004959,2025-10-15,C00597,P0171,1,0.0,238.6,Credit Card,Delivered
O004959,2025-10-15,C00597,P0237,1,0.15,462.28,UPI,Delivered
O004960,2024-04-15,C00920,P0010,1,0.1,419.26,Cash on Delivery,Delivered
O004961,2024-04-22,C01046,P0183,2,0.15,271.6,UPI,Delivered
O004962,2025-08-26,C00728,P0102,2,0.0,303.23,Cash on Delivery,Delivered
O004963,2026-02-28,C00419,P0137,1,0.15,383.42,UPI,Shipped
O004964,2025-09-08,C01011,P0221,2,0.1,126.44,Debit Card,Delivered
O004964,2025-09-08,C01011,P0133,3,0.15,493.52,Net Banking,Delivered
O004965,2026-03-11,C01094,P0090,2,0.1,102.09,UPI,Delivered
O004966,2025-04-11,C00577,P0100,2,0.1,465.73,UPI,Shipped
O004966,2025-04-11,C00577,P0214,1,0.1,119.41,Cash on Delivery,Shipped
O004967,2024-10-16,C00619,P0195,2,0.15,235.66,Net Banking,Processing
O004967,2024-10-16,C00619,P0043,4,0.1,389.52,Debit Card,Processing
O004968,2024-06-10,C00927,P0166,1,0.05,261.03,Net Banking,Delivered
O004969,2026-02-07,C01239,P0057,1,0.15,303.02,Wallet,Shipped
O004970,2024-04-15,C00166,P0097,1,0.0,484.47,Credit Card,Delivered
O004970,2024-04-15,C00166,P0036,2,0.05,449.82,UPI,Cancelled
O004970,2024-04-15,C00166,P0037,1,0.15,435.9,Cash on Delivery,Delivered
O004971,2024-12-17,C00806,P0038,1,0.15,387.69,Net Banking,Shipped
O004972,2024-12-23,C01179,P0027,1,0.15,459.59,Cash on Delivery,Delivered
O004973,2025-08-05,C01276,P0057,2,0.1,394.35,Net Banking,Delivered
O004974,2025-07-12,C00772,P0015,1,0.05,46.09,Credit Card,Processing
O004975,2025-02-04,C00390,P0005,1,0.1,125.51,UPI,Delivered
O004976,2025-05-22,C00519,P0212,2,0.1,156.99,Net Banking,Delivered
O004977,2025-05-31,C00436,P0094,1,0.25,445.65,Wallet,Delivered
O004978,2025-10-16,C00430,P0117,1,0.1,417.51,Debit Card,Cancelled
O004979,2025-03-19,C00224,P0123,1,0.1,113.48,Credit Card,Delivered
O004979,2025-03-19,C00224,P0049,1,0.1,134.82,Credit Card,Processing
O004980,2025-05-05,C00486,P0162,2,0.1,456.06,Wallet,Processing
O004981,2024-08-19,C00752,P0009,1,0.05,221.26,Debit Card,Delivered
O004981,2024-08-19,C00752,P0110,2,0.0,131.89,UPI,Delivered
O004981,2024-08-19,C00752,P0212,4,0.25,72.35,Net Banking,Delivered
O004982,2025-08-04,C00287,P0019,1,0.15,34.23,UPI,Delivered
O004982,2025-08-04,C00287,P0008,1,0.1,295.97,UPI,Delivered
O004983,2024-04-06,C00319,P0074,2,0.1,372.44,UPI,Delivered
O004983,2024-04-06,C00319,P0024,2,0.1,110.93,Net Banking,Shipped
O004984,2024-04-25,C00700,P0247,1,0.1,287.75,Credit Card,Delivered
O004985,2025-02-24,C01359,P0058,1,0.0,226.71,UPI,Delivered
O004985,2025-02-24,C01359,P0056,3,0.15,442.99,Credit Card,Shipped
O004985,2025-02-24,C01359,P0162,1,0.2,479.01,Credit Card,Processing
O004986,2025-12-04,C00432,P0172,1,0.1,402.09,Credit Card,Processing
O004986,2025-12-04,C00432,P0194,1,0.0,370.62,UPI,Shipped
O004987,2025-01-01,C01380,P0046,1,0.2,255.15,Debit Card,Delivered
O004988,2024-04-25,C01351,P0176,1,0.1,120.76,Debit Card,Shipped
O004988,2024-04-25,C01351,P0063,1,0.2,489.81,UPI,Shipped
O004988,2024-04-25,C01351,P0212,1,0.15,228.17,UPI,Processing
O004989,2024-05-21,C01262,P0005,1,0.0,245.92,Credit Card,Cancelled
O004989,2024-05-21,C01262,P0088,1,0.1,438.04,UPI,Delivered
O004990,2025-03-26,C00091,P0204,1,0.1,405.31,Debit Card,Shipped
O004990,2025-03-26,C00091,P0051,1,0.05,179.03,UPI,Cancelled
O004991,2025-10-03,C01245,P0195,1,0.05,381.24,Cash on Delivery,Delivered
O004991,2025-10-03,C01245,P0122,2,0.15,409.12,Debit Card,Cancelled
O004992,2025-07-04,C00421,P0011,2,0.15,72.94,Debit Card,Delivered
O004993,2025-03-16,C00524,P0138,1,0.15,212.74,Debit Card,Shipped
O004994,2026-03-15,C01251,P0025,1,0.1,102.11,Credit Card,Delivered
O004995,2025-04-29,C01135,P0191,1,0.0,484.23,Wallet,Shipped
O004996,2024-07-26,C00757,P0177,1,0.25,392.29,Cash on Delivery,Delivered
O004997,2024-06-07,C00515,P0140,1,0.15,486.37,Debit Card,Processing
O004998,2026-02-23,C00276,P0224,1,0.25,298.13,UPI,Processing
O004999,2025-06-10,C01001,P0098,1,0.0,239.99,UPI,Delivered
O005000,2025-08-11,C00923,P0196,1,0.0,259.97,UPI,Delivered
O005001,2025-09-03,C00180,P0208,1,0.0,29.15,UPI,Delivered
O005002,2025-08-28,C00626,P0167,2,0.05,81.99,Debit Card,Cancelled
O005003,2025-06-01,C00032,P0238,2,0.25,244.55,Wallet,Delivered
O005003,2025-06-01,C00032,P0220,2,0.25,466.65,UPI,Delivered
O005003,2025-06-01,C00032,P0006,2,0.1,30.31,UPI,Delivered
O005004,2024-12-20,C00446,P0194,1,0.1,498.76,UPI,Delivered
O005005,2025-10-05,C01309,P0091,2,0.15,109.24,Debit Card,Delivered
O005005,2025-10-05,C01309,P0052,1,0.15,239.83,UPI,Cancelled
O005005,2025-10-05,C01309,P0055,1,0.1,404.48,UPI,Delivered
O005006,2025-03-28,C00202,P0207,3,0.15,228.06,Net Banking,Delivered
O005007,2026-02-26,C01168,P0206,1,0.1,104.66,UPI,Delivered
O005008,2025-06-22,C01067,P0011,1,0.15,91.66,Wallet,Delivered
O005009,2024-05-06,C00673,P0127,1,0.1,449.42,UPI,Delivered
O005009,2024-05-06,C00673,P0146,1,0.1,146.8,Net Banking,Shipped
O005009,2024-05-06,C00673,P0135,1,0.0,344.94,Credit Card,Delivered
O005010,2024-10-17,C00380,P0186,1,0.2,169.08,Net Banking,Cancelled
O005011,2025-03-06,C00699,P0134,3,0.2,324.25,Debit Card,Delivered
O005011,2025-03-06,C00699,P0047,2,0.2,121.82,UPI,Delivered
O005012,2024-08-12,C00259,P0088,1,0.1,320.54,UPI,Processing
O005013,2025-11-12,C00514,P0180,3,0.15,96.37,Debit Card,Delivered
O005014,2025-11-23,C01181,P0092,2,0.05,443.53,Wallet,Delivered
O005014,2025-11-23,C01181,P0165,2,0.05,348.11,UPI,Delivered
O005014,2025-11-23,C01181,P0181,1,0.1,266.42,Net Banking,Delivered
O005015,2024-12-28,C00877,P0025,2,0.0,53.34,Credit Card,Shipped
O005015,2024-12-28,C00877,P0038,3,0.05,236.05,Debit Card,Delivered
O005015,2024-12-28,C00877,P0102,2,0.05,389.39,UPI,Delivered
O005016,2024-12-03,C00429,P0025,1,0.2,121.52,Net Banking,Delivered
O005016,2024-12-03,C00429,P0147,2,0.0,78.99,Debit Card,Delivered
O005016,2024-12-03,C00429,P0015,1,0.2,374.15,Credit Card,Delivered
O005017,2025-11-28,C00041,P0106,1,0.0,111.78,Debit Card,Delivered
O005018,2025-10-24,C00500,P0162,1,0.0,164.87,UPI,Cancelled
O005018,2025-10-24,C00500,P0171,1,0.05,315.21,UPI,Shipped
O005019,2025-11-03,C00709,P0250,3,0.05,401.75,UPI,Shipped
O005019,2025-11-03,C00709,P0174,1,0.1,498.44,UPI,Delivered
O005019,2025-11-03,C00709,P0125,1,0.05,301.11,Cash on Delivery,Delivered
O005020,2026-02-24,C00308,P0144,2,0.05,222.16,UPI,Delivered
O005021,2024-11-25,C00304,P0130,2,0.1,325.59,Credit Card,Processing
O005022,2025-01-24,C00357,P0030,2,0.2,430.15,Cash on Delivery,Delivered
O005023,2025-11-11,C00081,P0249,1,0.05,105.83,Debit Card,Cancelled
O005024,2025-06-23,C00120,P0198,2,0.15,404.72,Debit Card,Delivered
O005024,2025-06-23,C00120,P0096,1,0.1,265.3,UPI,Processing
O005025,2025-05-21,C00698,P0054,1,0.1,304.86,UPI,Shipped
O005025,2025-05-21,C00698,P0077,2,0.1,457.42,Credit Card,Delivered
O005026,2024-07-26,C00368,P0175,1,0.05,213.12,Credit Card,Shipped
O005027,2024-12-01,C01331,P0128,1,0.2,259.59,UPI,Delivered
O005028,2024-04-27,C00926,P0023,2,0.15,213.45,UPI,Shipped
O005029,2025-08-13,C01234,P0145,1,0.1,61.04,Debit Card,Delivered
O005030,2025-06-17,C00161,P0006,1,0.25,451.59,Debit Card,Delivered
O005031,2025-04-01,C00142,P0245,1,0.1,161.3,Wallet,Delivered
O005032,2024-09-28,C01400,P0105,2,0.25,228.47,UPI,Delivered
O005033,2024-10-05,C00914,P0076,1,0.05,90.0,Debit Card,Processing
O005033,2024-10-05,C00914,P0083,1,0.2,229.91,UPI,Delivered
O005034,2025-07-05,C01138,P0191,1,0.1,477.1,Credit Card,Delivered
O005034,2025-07-05,C01138,P0100,1,0.15,243.77,Net Banking,Processing
O005035,2026-01-17,C00211,P0231,1,0.05,32.24,Cash on Delivery,Cancelled
O005036,2024-10-08,C01284,P0105,1,0.15,86.99,UPI,Processing
O005036,2024-10-08,C01284,P0136,1,0.15,90.63,UPI,Processing
O005037,2025-03-21,C01273,P0199,1,0.3,162.76,UPI,Cancelled
O005037,2025-03-21,C01273,P0170,4,0.15,404.6,Net Banking,Shipped
O005038,2024-12-17,C00118,P0162,4,0.1,171.9,UPI,Delivered
O005038,2024-12-17,C00118,P0130,1,0.1,114.54,Cash on Delivery,Delivered
O005038,2024-12-17,C00118,P0175,3,0.25,387.76,UPI,Cancelled
O005039,2025-10-23,C01213,P0168,2,0.2,145.8,UPI,Delivered
O005040,2024-07-19,C00856,P0222,1,0.1,306.75,UPI,Processing
O005040,2024-07-19,C00856,P0181,1,0.2,153.29,UPI,Delivered
O005041,2025-12-27,C00012,P0160,4,0.1,422.8,UPI,Shipped
O005042,2025-09-09,C00850,P0099,1,0.15,396.56,Debit Card,Delivered
O005042,2025-09-09,C00850,P0177,1,0.05,153.29,Wallet,Delivered
O005043,2025-06-07,C00294,P0008,1,0.1,292.22,Debit Card,Delivered
O005044,2025-04-25,C00130,P0245,1,0.1,432.78,UPI,Cancelled
O005045,2025-10-18,C01085,P0032,1,0.2,374.61,UPI,Shipped
O005046,2024-10-16,C00805,P0075,3,0.1,209.83,Debit Card,Shipped
O005046,2024-10-16,C00805,P0164,2,0.0,109.0,UPI,Delivered
O005047,2025-05-02,C00661,P0082,1,0.05,28.09,Credit Card,Delivered
O005048,2025-12-02,C00534,P0036,1,0.05,393.96,UPI,Delivered
O005049,2025-03-14,C00845,P0191,2,0.0,86.4,Net Banking,Delivered
O005049,2025-03-14,C00845,P0127,2,0.0,277.43,Cash on Delivery,Processing
O005050,2025-01-17,C00074,P0021,2,0.25,175.32,Wallet,Shipped
O005050,2025-01-17,C00074,P0134,2,0.1,93.16,Cash on Delivery,Processing
O005050,2025-01-17,C00074,P0116,1,0.05,35.57,UPI,Delivered
O005051,2026-01-08,C00859,P0185,1,0.1,280.3,Credit Card,Processing
O005052,2024-06-08,C01441,P0068,2,0.25,202.12,Debit Card,Delivered
O005053,2025-03-05,C00150,P0008,1,0.2,232.56,UPI,Shipped
O005054,2026-03-30,C00070,P0093,1,0.0,407.99,Debit Card,Delivered
O005054,2026-03-30,C00070,P0099,1,0.0,112.35,UPI,Processing
O005055,2026-01-24,C00514,P0099,1,0.1,465.4,Wallet,Delivered
O005056,2024-05-15,C00678,P0236,1,0.2,268.65,UPI,Delivered
O005057,2026-02-27,C00754,P0114,1,0.15,103.83,Debit Card,Cancelled
O005057,2026-02-27,C00754,P0118,2,0.1,108.47,Credit Card,Delivered
O005058,2025-05-03,C00030,P0178,1,0.25,402.29,UPI,Delivered
O005058,2025-05-03,C00030,P0097,1,0.05,179.21,Credit Card,Delivered
O005059,2025-03-28,C00370,P0243,1,0.05,322.82,Debit Card,Delivered
O005060,2025-02-11,C00856,P0193,1,0.3,103.26,UPI,Delivered
O005061,2025-02-07,C00280,P0038,2,0.1,415.67,UPI,Delivered
O005061,2025-02-07,C00280,P0234,2,0.0,135.43,Credit Card,Delivered
O005062,2025-12-11,C01056,P0036,1,0.0,108.37,Credit Card,Delivered
O005063,2024-08-30,C01357,P0057,1,0.0,240.77,Credit Card,Delivered
O005064,2025-05-12,C00932,P0241,1,0.0,231.44,Debit Card,Delivered
O005064,2025-05-12,C00932,P0054,1,0.0,308.31,Credit Card,Cancelled
O005065,2024-04-29,C01161,P0069,2,0.1,255.38,UPI,Delivered
O005066,2024-08-29,C00815,P0054,1,0.1,479.97,Debit Card,Delivered
O005066,2024-08-29,C00815,P0236,1,0.15,103.38,UPI,Delivered
O005067,2025-08-19,C00039,P0194,2,0.1,204.74,Net Banking,Processing
O005067,2025-08-19,C00039,P0044,2,0.15,333.71,UPI,Delivered
O005068,2025-02-14,C00116,P0213,1,0.0,170.55,UPI,Cancelled
O005069,2025-10-07,C00921,P0105,2,0.15,90.17,Net Banking,Delivered
O005069,2025-10-07,C00921,P0149,2,0.05,78.6,Debit Card,Delivered
O005070,2024-08-17,C01170,P0089,3,0.1,422.69,UPI,Delivered
O005071,2025-03-27,C01302,P0012,3,0.1,140.79,UPI,Cancelled
O005072,2026-01-03,C00820,P0145,1,0.05,148.1,Credit Card,Delivered
O005072,2026-01-03,C00820,P0179,2,0.1,264.1,Debit Card,Processing
O005073,2024-06-12,C01296,P0119,4,0.0,287.42,Credit Card,Delivered
O005073,2024-06-12,C01296,P0005,1,0.15,402.02,Cash on Delivery,Cancelled
O005074,2024-11-27,C01257,P0216,1,0.15,95.93,UPI,Shipped
O005074,2024-11-27,C01257,P0238,1,0.05,106.84,UPI,Shipped
O005075,2024-07-16,C01308,P0011,1,0.2,463.44,UPI,Delivered
O005076,2024-04-15,C00146,P0141,1,0.1,188.96,Wallet,Delivered
O005077,2025-12-14,C00482,P0151,1,0.05,218.73,Credit Card,Delivered
O005078,2026-03-07,C00366,P0203,1,0.1,120.14,UPI,Cancelled
O005078,2026-03-07,C00366,P0182,4,0.0,425.11,UPI,Processing
O005079,2025-09-09,C01415,P0115,1,0.0,359.62,UPI,Shipped
O005080,2025-04-03,C01378,P0177,1,0.05,475.39,Credit Card,Delivered
O005081,2025-11-18,C01170,P0097,1,0.05,214.2,Cash on Delivery,Delivered
O005081,2025-11-18,C01170,P0054,3,0.05,424.59,UPI,Cancelled
O005082,2025-02-23,C00298,P0206,1,0.1,328.36,UPI,Delivered
O005082,2025-02-23,C00298,P0141,2,0.1,175.28,UPI,Delivered
O005083,2024-09-26,C00607,P0129,1,0.15,31.27,Credit Card,Processing
O005084,2024-12-18,C00200,P0108,2,0.1,255.08,UPI,Delivered
O005085,2025-05-22,C01325,P0242,1,0.0,38.15,Credit Card,Cancelled
O005086,2024-04-03,C00359,P0020,1,0.1,386.85,Cash on Delivery,Delivered
O005087,2025-07-01,C01349,P0043,1,0.1,298.64,Cash on Delivery,Processing
O005087,2025-07-01,C01349,P0205,1,0.0,173.28,Wallet,Processing
O005088,2024-06-04,C01268,P0188,1,0.1,288.13,UPI,Delivered
O005089,2025-09-05,C00574,P0183,2,0.05,289.31,Debit Card,Shipped
O005089,2025-09-05,C00574,P0153,4,0.2,77.15,UPI,Delivered
O005089,2025-09-05,C00574,P0125,1,0.0,445.59,UPI,Delivered
O005090,2025-10-26,C00844,P0205,1,0.05,448.76,UPI,Cancelled
O005091,2026-02-03,C00383,P0066,1,0.0,348.57,UPI,Delivered
O005092,2024-04-30,C00071,P0094,1,0.15,147.24,UPI,Delivered
O005093,2025-11-12,C01108,P0031,3,0.1,146.06,Cash on Delivery,Delivered
O005094,2026-01-11,C00520,P0159,1,0.15,494.65,Wallet,Processing
O005094,2026-01-11,C00520,P0211,2,0.05,458.88,UPI,Delivered
O005095,2024-10-22,C00902,P0111,1,0.2,108.93,Credit Card,Delivered
O005096,2025-02-23,C00191,P0212,3,0.0,223.94,UPI,Delivered
O005097,2024-06-22,C01383,P0192,3,0.1,382.12,Wallet,Delivered
O005098,2024-08-12,C00399,P0199,1,0.05,252.52,Credit Card,Shipped
O005099,2024-06-14,C00863,P0060,2,0.0,220.48,UPI,Processing
O005100,2026-03-26,C00050,P0151,1,0.25,443.06,UPI,Delivered
O005101,2026-02-09,C00085,P0031,4,0.15,432.09,Cash on Delivery,Delivered
O005102,2026-03-16,C00871,P0074,3,0.1,269.15,Debit Card,Delivered
O005103,2025-08-08,C01457,P0199,1,0.1,296.42,Cash on Delivery,Processing
O005104,2024-07-29,C01225,P0091,1,0.05,431.08,UPI,Delivered
O005105,2026-01-03,C00952,P0229,1,0.1,424.88,Credit Card,Processing
O005106,2024-12-04,C00796,P0028,2,0.25,292.79,Cash on Delivery,Delivered
O005106,2024-12-04,C00796,P0140,1,0.1,67.55,Cash on Delivery,Cancelled
O005107,2025-11-25,C00648,P0098,1,0.0,473.79,Credit Card,Delivered
O005108,2025-09-22,C00884,P0216,2,0.0,254.97,Credit Card,Delivered
O005109,2026-01-30,C00599,P0128,1,0.1,66.1,Credit Card,Processing
O005110,2024-09-23,C00577,P0023,1,0.05,215.3,UPI,Shipped
O005110,2024-09-23,C00577,P0101,1,0.1,418.31,UPI,Shipped
O005110,2024-09-23,C00577,P0075,1,0.15,201.59,Debit Card,Delivered
O005111,2025-03-21,C00402,P0153,1,0.15,70.35,Credit Card,Delivered
O005111,2025-03-21,C00402,P0126,1,0.25,85.72,Debit Card,Shipped
O005112,2025-11-17,C00832,P0026,2,0.0,317.57,Credit Card,Delivered
O005113,2024-09-13,C00678,P0246,1,0.2,239.88,UPI,Cancelled
O005114,2025-07-29,C00880,P0139,2,0.05,324.69,UPI,Delivered
O005115,2025-10-01,C01363,P0136,2,0.05,456.34,UPI,Processing
O005115,2025-10-01,C01363,P0044,1,0.0,145.76,Credit Card,Delivered
O005116,2025-12-17,C00564,P0234,3,0.2,44.12,Net Banking,Shipped
O005117,2025-04-06,C01045,P0098,2,0.1,258.88,Net Banking,Delivered
O005118,2024-04-13,C00086,P0035,1,0.1,384.58,Credit Card,Shipped
O005119,2025-05-10,C01260,P0117,2,0.1,317.59,Wallet,Delivered
O005119,2025-05-10,C01260,P0052,1,0.3,453.07,Net Banking,Processing
O005120,2025-03-28,C00339,P0190,4,0.05,255.04,UPI,Delivered
O005121,2024-07-20,C00677,P0008,2,0.1,445.53,Debit Card,Cancelled
O005121,2024-07-20,C00677,P0088,1,0.1,444.03,UPI,Processing
O005122,2026-02-26,C00728,P0078,1,0.1,219.93,Net Banking,Cancelled
O005123,2024-06-03,C01334,P0198,3,0.2,484.65,UPI,Delivered
O005124,2024-05-18,C01050,P0202,1,0.1,207.3,Credit Card,Cancelled
O005125,2025-11-01,C00118,P0236,2,0.05,324.84,UPI,Shipped
O005126,2024-11-26,C00551,P0067,2,0.1,193.81,UPI,Delivered
O005127,2025-02-26,C01475,P0183,1,0.2,385.44,Credit Card,Shipped
O005127,2025-02-26,C01475,P0148,2,0.2,233.05,Debit Card,Delivered
O005128,2024-05-26,C01451,P0061,1,0.3,228.84,Cash on Delivery,Delivered
O005129,2024-05-13,C00855,P0240,1,0.15,376.4,Debit Card,Processing
O005129,2024-05-13,C00855,P0083,1,0.15,75.78,Credit Card,Delivered
O005130,2024-06-17,C01017,P0149,1,0.15,474.11,Credit Card,Cancelled
O005130,2024-06-17,C01017,P0099,2,0.1,61.96,Net Banking,Delivered
O005131,2025-09-01,C00446,P0204,1,0.05,404.91,Debit Card,Delivered
O005131,2025-09-01,C00446,P0122,2,0.2,163.35,Wallet,Shipped
O005131,2025-09-01,C00446,P0201,1,0.1,98.37,Debit Card,Delivered
O005132,2025-09-21,C00446,P0039,2,0.25,170.2,Net Banking,Shipped
O005132,2025-09-21,C00446,P0246,1,0.1,295.9,UPI,Delivered
O005133,2024-07-30,C00198,P0186,2,0.0,412.61,Credit Card,Cancelled
O005134,2024-07-26,C00955,P0060,1,0.05,335.41,Debit Card,Delivered
O005135,2026-03-04,C00894,P0053,3,0.1,388.43,Cash on Delivery,Delivered
O005136,2025-07-18,C01092,P0047,2,0.2,408.19,Debit Card,Delivered
O005137,2025-06-16,C00622,P0099,1,0.0,244.01,UPI,Delivered
O005138,2024-04-20,C00365,P0224,1,0.05,31.7,UPI,Delivered
O005138,2024-04-20,C00365,P0002,3,0.0,215.77,UPI,Delivered
O005139,2024-04-24,C01282,P0084,1,0.05,231.03,UPI,Delivered
O005140,2024-10-23,C01113,P0124,1,0.05,426.42,Debit Card,Delivered
O005141,2024-09-27,C00314,P0209,2,0.1,331.6,UPI,Delivered
O005142,2025-04-07,C01340,P0225,4,0.0,385.89,Credit Card,Delivered
O005142,2025-04-07,C01340,P0026,3,0.1,376.71,Debit Card,Shipped
O005143,2024-06-05,C00109,P0124,1,0.0,180.23,Cash on Delivery,Delivered
O005144,2024-09-06,C01002,P0101,2,0.0,259.84,Debit Card,Delivered
O005145,2025-06-04,C00902,P0060,1,0.2,261.2,UPI,Delivered
O005146,2024-08-20,C00064,P0190,1,0.1,409.75,Debit Card,Cancelled
O005147,2024-10-15,C01235,P0095,1,0.05,438.95,UPI,Shipped
O005147,2024-10-15,C01235,P0224,1,0.05,355.72,UPI,Delivered
O005148,2024-10-07,C00481,P0237,1,0.1,117.08,UPI,Shipped
O005148,2024-10-07,C00481,P0089,2,0.05,142.17,Credit Card,Delivered
O005149,2025-02-26,C00391,P0069,2,0.1,110.98,UPI,Delivered
O005150,2025-12-06,C01121,P0103,1,0.1,51.96,Cash on Delivery,Cancelled
O005151,2024-07-29,C00652,P0032,1,0.0,142.01,Debit Card,Cancelled
O005152,2024-06-09,C01354,P0089,2,0.2,403.71,Debit Card,Delivered
O005152,2024-06-09,C01354,P0233,1,0.15,59.36,Debit Card,Cancelled
O005152,2024-06-09,C01354,P0220,3,0.1,31.9,UPI,Cancelled
O005153,2025-10-21,C00283,P0176,1,0.0,154.67,UPI,Delivered
O005154,2025-10-16,C01340,P0132,1,0.0,204.62,Credit Card,Cancelled
O005155,2024-08-15,C01395,P0115,1,0.1,43.75,UPI,Delivered
O005155,2024-08-15,C01395,P0003,1,0.25,324.88,Wallet,Delivered
O005156,2025-02-16,C00467,P0189,1,0.1,472.14,UPI,Delivered
O005156,2025-02-16,C00467,P0093,1,0.05,446.12,UPI,Cancelled
O005157,2026-01-14,C00381,P0133,3,0.05,139.72,UPI,Delivered
O005157,2026-01-14,C00381,P0242,1,0.15,290.31,UPI,Delivered
O005158,2025-07-23,C00305,P0093,1,0.0,466.5,Credit Card,Shipped
O005159,2024-10-19,C00635,P0032,1,0.1,417.54,UPI,Shipped
O005160,2024-08-05,C01123,P0200,1,0.1,153.54,Debit Card,Shipped
O005161,2024-04-06,C00547,P0110,1,0.1,430.61,Credit Card,Shipped
O005162,2024-07-27,C00124,P0065,2,0.1,157.92,Debit Card,Cancelled
O005163,2024-07-01,C00350,P0164,2,0.0,223.78,Credit Card,Shipped
O005163,2024-07-01,C00350,P0180,1,0.15,158.91,UPI,Delivered
O005164,2026-02-21,C00937,P0149,1,0.15,285.7,Credit Card,Processing
O005164,2026-02-21,C00937,P0116,3,0.0,373.19,Cash on Delivery,Shipped
O005165,2025-08-05,C00075,P0040,1,0.15,331.93,UPI,Delivered
O005166,2025-12-16,C00787,P0030,4,0.1,69.36,Cash on Delivery,Shipped
O005166,2025-12-16,C00787,P0106,4,0.2,188.53,Net Banking,Processing
O005167,2025-08-07,C00943,P0037,2,0.0,353.55,Credit Card,Shipped
O005168,2024-05-26,C00964,P0030,1,0.1,130.48,Cash on Delivery,Processing
O005168,2024-05-26,C00964,P0181,3,0.1,426.45,UPI,Delivered
O005169,2024-10-04,C00875,P0247,2,0.1,226.28,UPI,Delivered
O005170,2026-01-01,C00907,P0094,1,0.1,186.12,UPI,Delivered
O005170,2026-01-01,C00907,P0099,2,0.05,255.45,UPI,Shipped
O005171,2025-11-23,C01272,P0002,2,0.2,358.79,Credit Card,Cancelled
O005171,2025-11-23,C01272,P0133,2,0.1,186.29,Cash on Delivery,Delivered
O005172,2025-08-16,C01339,P0087,1,0.15,366.8,Cash on Delivery,Shipped
O005173,2025-09-10,C00667,P0078,2,0.1,54.41,Debit Card,Processing
O005173,2025-09-10,C00667,P0212,1,0.0,124.31,Debit Card,Cancelled
O005174,2024-08-27,C00851,P0218,1,0.05,472.93,Debit Card,Delivered
O005175,2024-04-27,C01404,P0231,2,0.1,454.77,Debit Card,Delivered
O005176,2024-07-19,C01163,P0118,1,0.1,325.86,UPI,Shipped
O005177,2024-08-25,C01167,P0017,4,0.15,354.69,Cash on Delivery,Delivered
O005178,2025-03-28,C00595,P0083,1,0.25,110.54,UPI,Processing
O005179,2024-04-07,C01162,P0149,1,0.1,484.1,Debit Card,Delivered
O005180,2024-10-22,C00097,P0140,2,0.0,85.23,Credit Card,Shipped
O005181,2025-04-26,C00922,P0230,2,0.1,301.08,Cash on Delivery,Delivered
O005181,2025-04-26,C00922,P0024,1,0.2,184.69,UPI,Shipped
O005182,2024-06-29,C00785,P0157,1,0.1,365.79,UPI,Delivered
O005182,2024-06-29,C00785,P0129,1,0.1,261.41,UPI,Delivered
O005183,2024-09-26,C01118,P0022,1,0.2,184.89,Cash on Delivery,Cancelled
O005184,2024-06-18,C00316,P0194,1,0.0,137.62,Credit Card,Cancelled
O005184,2024-06-18,C00316,P0210,1,0.1,196.79,Debit Card,Delivered
O005184,2024-06-18,C00316,P0015,2,0.0,65.32,UPI,Processing
O005185,2024-09-12,C01025,P0186,2,0.05,218.4,Credit Card,Delivered
O005186,2025-04-30,C00207,P0041,1,0.1,186.61,Net Banking,Cancelled
O005187,2025-08-08,C00577,P0111,2,0.1,443.93,Net Banking,Delivered
O005188,2024-04-23,C01303,P0215,1,0.25,77.89,UPI,Processing
O005188,2024-04-23,C01303,P0123,1,0.1,462.2,UPI,Delivered
O005189,2025-03-15,C01166,P0231,1,0.05,378.03,Credit Card,Shipped
O005189,2025-03-15,C01166,P0037,1,0.15,77.41,UPI,Delivered
O005190,2025-04-09,C00631,P0169,1,0.1,106.74,UPI,Delivered
O005191,2026-02-16,C00392,P0173,2,0.2,298.33,Credit Card,Delivered
O005192,2025-09-12,C00855,P0169,1,0.1,399.74,Net Banking,Delivered
O005192,2025-09-12,C00855,P0060,1,0.0,303.07,Debit Card,Delivered
O005193,2025-10-20,C00270,P0246,1,0.0,76.48,Cash on Delivery,Delivered
O005194,2024-07-30,C01499,P0040,1,0.05,34.99,Credit Card,Delivered
O005195,2025-11-27,C01243,P0016,1,0.1,286.6,Debit Card,Delivered
O005195,2025-11-27,C01243,P0122,1,0.2,420.87,Credit Card,Delivered
O005196,2024-05-03,C01093,P0019,2,0.1,359.17,Credit Card,Delivered
O005197,2024-10-26,C01371,P0192,1,0.1,126.08,UPI,Delivered
O005197,2024-10-26,C01371,P0231,3,0.0,183.25,Debit Card,Delivered
O005198,2024-10-20,C00165,P0074,4,0.15,91.53,Credit Card,Delivered
O005198,2024-10-20,C00165,P0226,4,0.1,279.41,Net Banking,Delivered
O005199,2026-03-16,C00099,P0225,2,0.0,433.54,UPI,Processing
O005199,2026-03-16,C00099,P0243,2,0.15,447.46,Net Banking,Delivered
O005199,2026-03-16,C00099,P0169,2,0.1,45.76,Cash on Delivery,Shipped
O005200,2025-01-21,C00898,P0164,1,0.05,201.38,Wallet,Processing
O005201,2024-07-08,C00399,P0009,2,0.05,277.27,Credit Card,Processing
O005202,2025-01-03,C00072,P0188,1,0.15,340.39,UPI,Delivered
O005203,2025-05-20,C00092,P0086,1,0.1,66.44,UPI,Delivered
O005204,2024-07-10,C01093,P0002,1,0.2,438.19,Debit Card,Shipped
O005205,2025-12-24,C01192,P0051,3,0.15,152.5,Net Banking,Shipped
O005206,2025-04-09,C01114,P0213,1,0.15,209.14,UPI,Delivered
O005206,2025-04-09,C01114,P0125,1,0.2,129.95,Debit Card,Cancelled
O005207,2024-06-30,C00505,P0245,1,0.1,301.06,UPI,Delivered
O005207,2024-06-30,C00505,P0189,2,0.1,145.04,UPI,Delivered
O005208,2024-07-17,C01362,P0222,1,0.05,68.39,UPI,Processing
O005208,2024-07-17,C01362,P0074,1,0.05,388.96,Cash on Delivery,Processing
O005209,2024-08-26,C00778,P0080,1,0.1,52.39,Debit Card,Cancelled
O005209,2024-08-26,C00778,P0155,1,0.0,237.95,Wallet,Delivered
O005210,2025-09-27,C00679,P0060,1,0.2,183.03,Credit Card,Delivered
O005210,2025-09-27,C00679,P0145,2,0.05,351.16,Debit Card,Delivered
O005211,2024-04-18,C00590,P0065,1,0.25,486.18,UPI,Delivered
O005212,2024-04-03,C00994,P0049,2,0.1,236.17,Debit Card,Delivered
O005213,2025-07-24,C00769,P0217,2,0.15,132.39,UPI,Cancelled
O005214,2025-02-19,C00306,P0079,1,0.1,121.53,Cash on Delivery,Delivered
O005215,2024-05-18,C01335,P0060,2,0.25,350.45,Wallet,Shipped
O005216,2025-03-13,C01286,P0056,1,0.15,212.91,Debit Card,Cancelled
O005217,2025-11-05,C01186,P0185,1,0.1,475.85,Credit Card,Delivered
O005218,2024-11-27,C00550,P0066,1,0.15,419.15,Wallet,Delivered
O005219,2025-10-22,C00998,P0053,2,0.0,34.45,Wallet,Delivered
O005219,2025-10-22,C00998,P0232,1,0.05,453.88,UPI,Cancelled
O005220,2025-05-17,C00409,P0138,4,0.1,241.78,Wallet,Processing
O005220,2025-05-17,C00409,P0048,1,0.1,81.08,Credit Card,Delivered
O005220,2025-05-17,C00409,P0088,3,0.0,343.67,UPI,Processing
O005221,2025-08-22,C00243,P0132,2,0.15,225.92,UPI,Cancelled
O005222,2026-03-06,C00629,P0102,4,0.15,71.67,Wallet,Delivered
O005222,2026-03-06,C00629,P0110,1,0.1,207.75,UPI,Cancelled
O005222,2026-03-06,C00629,P0218,1,0.25,494.08,Debit Card,Processing
O005223,2025-07-08,C00660,P0217,1,0.15,75.74,UPI,Delivered
O005223,2025-07-08,C00660,P0059,1,0.05,103.21,Net Banking,Cancelled
O005223,2025-07-08,C00660,P0088,1,0.15,468.43,UPI,Delivered
O005224,2025-08-12,C00781,P0037,1,0.1,58.84,Wallet,Delivered
O005225,2024-10-18,C01362,P0155,2,0.25,32.56,Credit Card,Delivered
O005226,2024-07-09,C00681,P0027,1,0.05,387.45,Net Banking,Delivered
O005227,2025-08-17,C00020,P0040,1,0.15,376.33,Credit Card,Delivered
O005228,2025-05-28,C00994,P0038,2,0.1,185.59,UPI,Shipped
O005228,2025-05-28,C00994,P0208,1,0.25,261.69,Cash on Delivery,Cancelled
O005229,2024-12-09,C01489,P0036,2,0.05,167.68,Net Banking,Delivered
O005229,2024-12-09,C01489,P0060,1,0.1,194.46,Net Banking,Delivered
O005229,2024-12-09,C01489,P0211,3,0.0,144.75,UPI,Delivered
O005230,2025-11-26,C00259,P0074,2,0.15,288.17,Cash on Delivery,Processing
O005231,2024-10-13,C00413,P0028,2,0.2,264.56,UPI,Delivered
O005232,2025-09-26,C01275,P0012,1,0.15,414.6,Credit Card,Delivered
O005233,2026-03-16,C00759,P0126,1,0.15,416.29,Wallet,Delivered
O005234,2025-09-18,C01335,P0191,1,0.0,97.74,UPI,Shipped
O005235,2024-08-28,C00145,P0072,1,0.0,95.22,Net Banking,Shipped
O005236,2025-04-29,C00444,P0018,1,0.15,101.58,Net Banking,Processing
O005237,2026-01-06,C01466,P0250,1,0.0,54.8,UPI,Delivered
O005238,2025-02-06,C00977,P0086,1,0.0,284.45,Cash on Delivery,Delivered
O005239,2024-07-13,C00075,P0167,1,0.0,304.65,Cash on Delivery,Delivered
O005239,2024-07-13,C00075,P0010,1,0.1,331.49,Debit Card,Delivered
O005239,2024-07-13,C00075,P0141,1,0.1,275.83,Wallet,Processing
O005240,2026-02-10,C00662,P0040,1,0.1,359.7,Debit Card,Delivered
O005241,2025-01-27,C00760,P0065,1,0.2,194.83,Credit Card,Delivered
O005242,2025-03-08,C00710,P0149,2,0.05,385.1,UPI,Delivered
O005243,2025-03-20,C00592,P0247,1,0.2,389.84,Net Banking,Delivered
O005243,2025-03-20,C00592,P0047,2,0.0,318.42,Debit Card,Cancelled
O005244,2024-06-07,C01182,P0245,3,0.1,485.01,Net Banking,Shipped
O005245,2025-09-02,C00607,P0248,1,0.0,73.29,UPI,Delivered
O005245,2025-09-02,C00607,P0139,1,0.15,446.58,Wallet,Cancelled
O005246,2024-07-12,C01429,P0134,4,0.1,333.95,UPI,Delivered
O005246,2024-07-12,C01429,P0024,1,0.0,61.42,UPI,Delivered
O005247,2025-05-06,C01454,P0152,1,0.0,378.06,Credit Card,Shipped
O005247,2025-05-06,C01454,P0016,1,0.0,435.05,Cash on Delivery,Delivered
O005248,2026-01-19,C01484,P0249,2,0.0,493.94,UPI,Delivered
O005248,2026-01-19,C01484,P0073,1,0.1,61.77,Credit Card,Delivered
O005249,2025-06-09,C01421,P0018,1,0.0,393.19,UPI,Delivered
O005249,2025-06-09,C01421,P0037,1,0.1,76.35,Cash on Delivery,Processing
O005250,2025-02-22,C00960,P0046,1,0.1,351.79,Debit Card,Delivered
O005251,2025-10-08,C00426,P0225,2,0.05,103.94,Debit Card,Delivered
O005252,2025-12-25,C01297,P0118,2,0.2,396.65,UPI,Delivered
O005253,2025-09-20,C00350,P0205,2,0.25,405.49,Credit Card,Cancelled
O005253,2025-09-20,C00350,P0174,1,0.2,76.17,UPI,Delivered
O005254,2026-01-20,C01452,P0067,3,0.05,342.69,Credit Card,Cancelled
O005255,2025-08-12,C00626,P0056,1,0.05,359.11,Credit Card,Delivered
O005256,2025-06-22,C00841,P0187,1,0.0,93.35,Credit Card,Shipped
O005257,2024-12-22,C01217,P0123,4,0.1,93.96,UPI,Delivered
O005258,2024-08-26,C00858,P0015,1,0.15,353.83,UPI,Processing
O005259,2024-05-06,C00135,P0107,2,0.0,108.55,Cash on Delivery,Cancelled
O005260,2024-11-18,C00342,P0133,1,0.1,78.88,Wallet,Processing
O005261,2025-12-16,C00002,P0004,2,0.15,117.01,UPI,Processing
O005261,2025-12-16,C00002,P0242,1,0.1,307.01,Credit Card,Processing
O005261,2025-12-16,C00002,P0236,1,0.0,467.88,Cash on Delivery,Delivered
O005262,2025-09-11,C01488,P0010,2,0.05,187.25,UPI,Processing
O005262,2025-09-11,C01488,P0233,1,0.0,155.03,UPI,Shipped
O005263,2025-02-13,C00525,P0048,1,0.1,269.76,Debit Card,Shipped
O005263,2025-02-13,C00525,P0212,1,0.0,263.28,Credit Card,Processing
O005264,2024-07-09,C00551,P0119,1,0.15,464.27,Debit Card,Processing
O005264,2024-07-09,C00551,P0118,1,0.0,342.27,Credit Card,Processing
O005265,2024-09-29,C00905,P0084,2,0.2,376.45,Cash on Delivery,Processing
O005266,2025-01-25,C00850,P0020,3,0.1,281.12,Debit Card,Delivered
O005267,2024-08-01,C01174,P0160,1,0.15,100.51,UPI,Delivered
O005267,2024-08-01,C01174,P0196,3,0.2,38.84,Credit Card,Cancelled
O005268,2025-02-16,C00922,P0209,1,0.05,62.85,Debit Card,Delivered
O005269,2024-08-27,C01125,P0177,1,0.15,186.85,UPI,Delivered
O005269,2024-08-27,C01125,P0241,1,0.1,177.61,Net Banking,Cancelled
O005270,2025-04-12,C01187,P0109,1,0.2,53.37,Credit Card,Shipped
O005271,2025-11-06,C00414,P0049,1,0.15,313.19,UPI,Shipped
O005272,2024-10-15,C00203,P0194,4,0.05,192.47,Credit Card,Processing
O005272,2024-10-15,C00203,P0214,1,0.05,370.06,UPI,Cancelled
O005273,2025-10-20,C00777,P0093,1,0.15,134.78,Debit Card,Delivered
O005274,2025-07-14,C00176,P0058,1,0.1,229.43,Net Banking,Delivered
O005274,2025-07-14,C00176,P0132,2,0.1,495.0,Credit Card,Cancelled
O005274,2025-07-14,C00176,P0158,1,0.3,429.11,Credit Card,Delivered
O005275,2025-06-23,C00238,P0193,2,0.0,274.8,Credit Card,Delivered
O005275,2025-06-23,C00238,P0037,2,0.1,67.26,UPI,Delivered
O005276,2024-06-11,C00121,P0127,1,0.1,92.98,UPI,Delivered
O005277,2025-05-17,C00587,P0229,1,0.05,317.58,Net Banking,Delivered
O005278,2026-03-29,C01423,P0056,1,0.1,472.98,Net Banking,Shipped
O005279,2025-03-05,C01495,P0022,1,0.05,461.12,Cash on Delivery,Delivered
O005280,2024-05-03,C01387,P0185,1,0.1,223.05,UPI,Delivered
O005281,2024-04-20,C00774,P0213,3,0.1,426.23,UPI,Delivered
O005281,2024-04-20,C00774,P0157,1,0.0,263.03,Debit Card,Delivered
O005281,2024-04-20,C00774,P0117,1,0.1,52.93,Credit Card,Processing
O005282,2024-05-06,C00477,P0023,1,0.0,42.81,UPI,Delivered
O005282,2024-05-06,C00477,P0242,1,0.0,391.91,Credit Card,Shipped
O005283,2025-10-10,C00151,P0225,1,0.05,314.29,Debit Card,Delivered
O005284,2025-04-06,C00960,P0126,2,0.2,48.01,Credit Card,Delivered
O005285,2026-01-08,C00561,P0109,3,0.1,389.36,Credit Card,Processing
O005286,2025-03-28,C01109,P0006,1,0.15,35.52,Debit Card,Delivered
O005287,2024-10-23,C00103,P0055,2,0.1,135.33,Net Banking,Processing
O005288,2025-02-28,C00255,P0238,1,0.05,433.24,Credit Card,Processing
O005288,2025-02-28,C00255,P0211,4,0.15,211.77,Cash on Delivery,Delivered
O005288,2025-02-28,C00255,P0118,2,0.15,149.6,Cash on Delivery,Shipped
O005289,2024-11-16,C00957,P0239,1,0.0,241.36,Credit Card,Delivered
O005289,2024-11-16,C00957,P0157,4,0.1,339.78,Cash on Delivery,Cancelled
O005290,2025-12-22,C01262,P0197,1,0.05,303.29,Net Banking,Delivered
O005290,2025-12-22,C01262,P0140,2,0.1,35.55,Debit Card,Processing
O005290,2025-12-22,C01262,P0092,1,0.1,322.66,Credit Card,Processing
O005291,2024-10-04,C00832,P0211,1,0.1,232.07,Net Banking,Shipped
O005291,2024-10-04,C00832,P0144,2,0.05,199.73,UPI,Delivered
O005291,2024-10-04,C00832,P0060,2,0.0,259.9,Credit Card,Delivered
O005292,2024-07-25,C00619,P0150,1,0.1,486.22,Net Banking,Processing
O005293,2025-02-26,C01078,P0091,1,0.2,253.13,UPI,Delivered
O005294,2025-01-24,C00085,P0148,1,0.05,256.11,Debit Card,Processing
O005294,2025-01-24,C00085,P0053,1,0.2,423.91,Cash on Delivery,Cancelled
O005295,2025-01-20,C00455,P0004,2,0.1,386.04,Cash on Delivery,Delivered
O005296,2025-11-14,C00367,P0135,2,0.15,121.24,Credit Card,Cancelled
O005297,2024-07-20,C01285,P0200,3,0.05,318.06,Wallet,Delivered
O005298,2025-09-20,C00721,P0209,1,0.15,459.96,Cash on Delivery,Shipped
O005299,2024-05-22,C00436,P0189,2,0.1,134.26,Wallet,Processing
O005299,2024-05-22,C00436,P0248,1,0.1,104.2,Debit Card,Delivered
O005299,2024-05-22,C00436,P0233,1,0.15,229.04,UPI,Shipped
O005300,2024-11-04,C01474,P0069,1,0.05,277.41,Credit Card,Cancelled
O005301,2025-02-18,C01030,P0063,2,0.25,387.81,Cash on Delivery,Delivered
O005302,2024-07-21,C00534,P0118,1,0.2,199.24,Cash on Delivery,Processing
O005302,2024-07-21,C00534,P0238,1,0.05,192.47,UPI,Delivered
O005303,2025-10-24,C00321,P0207,3,0.05,120.21,UPI,Delivered
O005304,2025-10-29,C01174,P0046,2,0.15,116.29,Credit Card,Delivered
O005305,2024-06-08,C01297,P0037,1,0.15,173.82,Wallet,Delivered
O005305,2024-06-08,C01297,P0152,2,0.25,75.78,UPI,Delivered
O005306,2025-01-01,C01234,P0065,4,0.2,186.18,UPI,Delivered
O005307,2024-05-22,C00531,P0063,1,0.05,334.27,Debit Card,Delivered
O005308,2024-10-24,C00129,P0151,3,0.05,277.36,UPI,Processing
O005309,2024-06-29,C01288,P0085,2,0.15,411.44,UPI,Processing
O005310,2025-10-30,C00064,P0249,4,0.25,66.3,Cash on Delivery,Delivered
O005311,2024-06-06,C00446,P0109,1,0.3,494.5,UPI,Processing
O005312,2025-10-07,C01427,P0013,1,0.1,269.97,Credit Card,Delivered
O005312,2025-10-07,C01427,P0164,1,0.05,52.3,Debit Card,Delivered
O005312,2025-10-07,C01427,P0178,1,0.1,171.06,Wallet,Delivered
O005313,2025-09-29,C00760,P0241,2,0.1,475.23,Debit Card,Processing
O005314,2025-03-13,C01066,P0111,1,0.0,468.87,Net Banking,Delivered
O005315,2025-11-28,C01418,P0008,1,0.0,203.54,Cash on Delivery,Delivered
O005315,2025-11-28,C01418,P0078,1,0.3,105.92,UPI,Processing
O005316,2024-05-04,C00335,P0243,2,0.15,250.09,Credit Card,Delivered
O005316,2024-05-04,C00335,P0091,3,0.1,264.05,Debit Card,Delivered
O005317,2025-06-17,C00808,P0063,1,0.15,77.01,Wallet,Delivered
O005318,2025-12-12,C00287,P0239,2,0.0,78.11,Debit Card,Shipped
O005319,2025-09-11,C01471,P0245,1,0.25,206.48,Debit Card,Delivered
O005319,2025-09-11,C01471,P0129,1,0.1,44.48,Credit Card,Delivered
O005319,2025-09-11,C01471,P0239,1,0.1,492.44,UPI,Shipped
O005320,2024-09-06,C00551,P0245,1,0.1,336.83,UPI,Delivered
O005321,2025-06-10,C00471,P0182,1,0.15,205.44,UPI,Delivered
O005322,2025-12-12,C01321,P0102,1,0.05,129.07,UPI,Processing
O005323,2024-06-03,C00669,P0146,1,0.05,137.71,Wallet,Delivered
O005324,2025-10-16,C00086,P0104,2,0.05,219.64,UPI,Delivered
O005325,2024-10-06,C00529,P0137,1,0.0,210.63,Wallet,Delivered
O005325,2024-10-06,C00529,P0193,1,0.0,102.77,Debit Card,Delivered
O005326,2025-11-02,C00346,P0121,3,0.2,463.55,Credit Card,Shipped
O005327,2026-01-03,C00418,P0034,2,0.25,141.01,Debit Card,Shipped
O005327,2026-01-03,C00418,P0109,1,0.1,367.52,Credit Card,Delivered
O005328,2026-02-04,C00179,P0010,1,0.1,332.43,Credit Card,Shipped
O005328,2026-02-04,C00179,P0053,1,0.0,183.24,UPI,Processing
O005329,2025-09-14,C01264,P0025,1,0.2,442.25,Credit Card,Cancelled
O005330,2026-01-01,C01356,P0153,3,0.1,283.37,Debit Card,Delivered
O005331,2025-10-28,C00947,P0090,2,0.05,102.8,Net Banking,Processing
O005332,2025-10-02,C01078,P0228,1,0.1,118.51,Credit Card,Delivered
O005332,2025-10-02,C01078,P0057,2,0.2,382.99,Wallet,Delivered
O005333,2024-09-02,C00868,P0104,2,0.1,409.39,Cash on Delivery,Cancelled
O005333,2024-09-02,C00868,P0047,1,0.1,344.02,UPI,Delivered
O005334,2024-04-20,C00714,P0029,2,0.1,375.37,Debit Card,Delivered
O005335,2025-06-21,C01483,P0238,1,0.1,300.51,Credit Card,Delivered
O005336,2025-01-04,C01237,P0058,2,0.0,385.19,Credit Card,Cancelled
O005336,2025-01-04,C01237,P0151,1,0.2,397.62,Credit Card,Delivered
O005337,2025-06-10,C00927,P0060,2,0.1,78.47,Debit Card,Processing
O005337,2025-06-10,C00927,P0196,1,0.25,429.32,Credit Card,Processing
O005338,2024-06-17,C01117,P0096,1,0.05,412.84,Net Banking,Delivered
O005339,2025-11-28,C00534,P0183,2,0.15,106.24,Cash on Delivery,Processing
O005340,2025-06-21,C00267,P0203,2,0.0,110.99,Cash on Delivery,Processing
O005340,2025-06-21,C00267,P0220,2,0.2,73.23,Cash on Delivery,Cancelled
O005341,2024-11-23,C01493,P0190,1,0.0,366.93,Net Banking,Shipped
O005341,2024-11-23,C01493,P0237,2,0.15,488.02,UPI,Shipped
O005342,2025-02-08,C00977,P0180,1,0.1,227.44,Credit Card,Delivered
O005343,2024-10-31,C01181,P0018,4,0.15,302.57,Net Banking,Cancelled
O005344,2025-05-15,C00048,P0243,1,0.0,268.19,Credit Card,Processing
O005344,2025-05-15,C00048,P0103,1,0.15,491.5,UPI,Cancelled
O005345,2024-07-20,C00981,P0034,1,0.25,222.98,Credit Card,Delivered
O005345,2024-07-20,C00981,P0190,1,0.25,453.9,Wallet,Delivered
O005346,2024-06-23,C01053,P0050,2,0.05,362.54,UPI,Processing
O005346,2024-06-23,C01053,P0183,3,0.25,277.49,UPI,Shipped
O005346,2024-06-23,C01053,P0156,2,0.15,293.13,UPI,Delivered
O005347,2024-08-07,C00028,P0070,1,0.0,228.35,Credit Card,Delivered
O005348,2024-07-24,C00204,P0164,3,0.15,373.15,Credit Card,Delivered
O005349,2025-10-04,C01151,P0169,1,0.25,209.27,UPI,Delivered
O005350,2026-02-15,C01181,P0241,3,0.0,234.12,Net Banking,Processing
O005350,2026-02-15,C01181,P0166,1,0.0,37.29,Net Banking,Cancelled
O005351,2025-10-24,C00757,P0216,4,0.3,264.04,Debit Card,Delivered
O005352,2025-05-10,C01218,P0231,1,0.15,63.89,Cash on Delivery,Processing
O005353,2025-09-23,C00122,P0092,1,0.2,296.46,Net Banking,Delivered
O005354,2025-04-08,C00763,P0228,1,0.1,323.78,Credit Card,Delivered
O005354,2025-04-08,C00763,P0176,1,0.1,93.11,Credit Card,Delivered
O005355,2025-12-13,C01425,P0123,1,0.2,286.57,UPI,Cancelled
O005356,2025-08-24,C00137,P0162,1,0.15,363.06,Credit Card,Delivered
O005356,2025-08-24,C00137,P0107,4,0.1,400.08,Credit Card,Shipped
O005357,2025-09-24,C00266,P0219,1,0.2,35.83,Credit Card,Cancelled
O005358,2025-11-17,C00766,P0146,1,0.05,262.39,Cash on Delivery,Processing
O005359,2024-07-25,C00728,P0235,1,0.1,335.46,UPI,Delivered
O005359,2024-07-25,C00728,P0092,2,0.1,127.9,UPI,Delivered
O005360,2025-12-02,C01373,P0003,1,0.05,82.6,Wallet,Shipped
O005361,2025-02-27,C01113,P0116,1,0.0,298.87,UPI,Delivered
O005362,2024-08-18,C01389,P0184,1,0.1,62.53,UPI,Processing
O005363,2024-11-01,C00723,P0041,1,0.05,175.95,Credit Card,Processing
O005364,2024-07-26,C01155,P0164,1,0.15,414.25,UPI,Delivered
O005364,2024-07-26,C01155,P0224,4,0.05,43.78,Cash on Delivery,Delivered
O005364,2024-07-26,C01155,P0110,1,0.0,388.09,Credit Card,Cancelled
O005365,2024-06-20,C00003,P0224,1,0.2,207.08,Cash on Delivery,Delivered
O005366,2024-05-24,C00408,P0085,1,0.15,437.75,Net Banking,Delivered
O005367,2024-08-05,C00870,P0154,1,0.1,183.39,UPI,Processing
O005367,2024-08-05,C00870,P0028,1,0.15,118.96,UPI,Shipped
O005368,2024-11-30,C00659,P0076,3,0.0,367.03,UPI,Delivered
O005369,2025-01-26,C00514,P0128,2,0.05,218.85,Credit Card,Delivered
O005369,2025-01-26,C00514,P0102,1,0.05,464.24,Credit Card,Delivered
O005370,2025-12-28,C00645,P0073,1,0.1,349.73,Credit Card,Delivered
O005371,2025-10-04,C00385,P0131,1,0.25,209.71,Net Banking,Delivered
O005371,2025-10-04,C00385,P0004,1,0.1,459.65,UPI,Delivered
O005371,2025-10-04,C00385,P0180,2,0.05,244.8,UPI,Delivered
O005372,2025-07-05,C00841,P0130,2,0.1,128.93,Net Banking,Delivered
O005373,2025-03-21,C00817,P0144,1,0.0,203.45,Debit Card,Delivered
O005373,2025-03-21,C00817,P0096,2,0.0,143.09,Cash on Delivery,Delivered
O005374,2025-02-13,C01096,P0135,1,0.0,198.25,UPI,Cancelled
O005374,2025-02-13,C01096,P0049,2,0.15,387.04,UPI,Delivered
O005375,2025-09-27,C01369,P0125,1,0.1,448.4,Credit Card,Delivered
O005376,2024-07-24,C00052,P0243,1,0.05,316.02,UPI,Cancelled
O005377,2025-05-20,C01500,P0083,2,0.1,467.07,Net Banking,Delivered
O005378,2024-07-16,C00279,P0218,3,0.05,54.91,Wallet,Delivered
O005379,2024-07-18,C00351,P0110,1,0.0,168.18,Debit Card,Delivered
O005380,2024-06-12,C01417,P0125,2,0.1,257.4,Debit Card,Processing
O005381,2024-12-03,C01122,P0112,2,0.1,360.47,Debit Card,Delivered
O005382,2025-04-09,C00301,P0204,2,0.1,37.49,Debit Card,Delivered
O005382,2025-04-09,C00301,P0236,1,0.1,413.67,Net Banking,Delivered
O005383,2024-04-25,C01359,P0001,2,0.0,317.32,UPI,Delivered
O005384,2025-09-27,C00172,P0183,1,0.2,176.79,Wallet,Delivered
O005385,2025-01-14,C00093,P0160,1,0.0,176.73,Debit Card,Delivered
O005386,2024-07-29,C00578,P0204,1,0.0,55.28,Wallet,Processing
O005386,2024-07-29,C00578,P0223,1,0.05,170.19,UPI,Delivered
O005387,2024-05-24,C00081,P0024,1,0.15,440.86,Cash on Delivery,Delivered
O005387,2024-05-24,C00081,P0069,1,0.0,472.39,Wallet,Delivered
O005388,2025-08-16,C00743,P0002,3,0.1,144.56,UPI,Shipped
O005388,2025-08-16,C00743,P0105,1,0.1,364.78,Wallet,Delivered
O005389,2026-03-07,C01431,P0159,1,0.15,320.16,Debit Card,Delivered
O005390,2025-08-08,C01032,P0039,2,0.0,69.9,Credit Card,Delivered
O005391,2025-05-26,C01191,P0012,1,0.1,411.58,Wallet,Delivered
O005391,2025-05-26,C01191,P0003,1,0.25,123.4,UPI,Cancelled
O005392,2024-05-14,C00885,P0073,3,0.05,486.44,Net Banking,Delivered
O005393,2024-08-15,C01209,P0041,1,0.1,105.1,Credit Card,Cancelled
O005394,2025-08-07,C01436,P0207,2,0.1,106.27,Wallet,Shipped
O005394,2025-08-07,C01436,P0173,1,0.05,305.78,UPI,Delivered
O005395,2025-09-09,C01350,P0224,1,0.25,218.75,Credit Card,Processing
O005396,2025-05-14,C01360,P0034,1,0.1,357.21,Wallet,Delivered
O005397,2024-08-30,C01054,P0156,1,0.0,401.03,Debit Card,Delivered
O005398,2025-10-23,C00632,P0041,2,0.0,448.99,Debit Card,Processing
O005399,2026-01-08,C01429,P0090,1,0.1,380.59,Net Banking,Shipped
O005400,2025-01-22,C00988,P0076,1,0.15,156.66,Credit Card,Cancelled
O005401,2024-12-17,C00711,P0048,1,0.2,65.08,UPI,Delivered
O005402,2026-02-01,C00055,P0017,1,0.0,406.15,Net Banking,Delivered
O005403,2025-11-04,C00882,P0010,4,0.1,308.16,UPI,Delivered
O005404,2025-04-17,C01110,P0051,2,0.05,69.43,Debit Card,Processing
O005405,2025-02-01,C00423,P0010,1,0.15,201.91,UPI,Cancelled
O005405,2025-02-01,C00423,P0205,3,0.2,451.1,Cash on Delivery,Delivered
O005406,2024-09-06,C00407,P0089,3,0.1,69.99,UPI,Delivered
O005407,2025-09-15,C00684,P0145,2,0.05,178.78,Debit Card,Delivered
O005407,2025-09-15,C00684,P0074,1,0.0,59.73,Wallet,Cancelled
O005408,2025-11-05,C00638,P0116,2,0.0,433.12,Cash on Delivery,Delivered
O005409,2024-08-19,C00662,P0250,1,0.15,219.43,Debit Card,Delivered
O005410,2024-10-11,C00188,P0160,2,0.2,492.65,Debit Card,Delivered
O005410,2024-10-11,C00188,P0063,1,0.05,179.25,UPI,Processing
O005411,2025-03-02,C00367,P0200,2,0.05,92.17,Debit Card,Delivered
O005412,2025-02-02,C00818,P0188,2,0.15,375.67,Net Banking,Delivered
O005413,2025-06-19,C00216,P0047,1,0.05,42.35,Credit Card,Delivered
O005413,2025-06-19,C00216,P0093,1,0.1,388.46,Net Banking,Delivered
O005414,2026-02-03,C01373,P0204,1,0.0,367.26,UPI,Delivered
O005415,2024-09-24,C01121,P0217,1,0.2,423.4,Net Banking,Delivered
O005416,2025-10-07,C00331,P0178,1,0.05,199.1,Debit Card,Delivered
O005416,2025-10-07,C00331,P0025,2,0.2,133.38,Debit Card,Cancelled
O005417,2025-01-19,C00206,P0060,1,0.0,363.3,Credit Card,Delivered
O005418,2025-11-02,C00840,P0097,2,0.0,390.49,Debit Card,Delivered
O005419,2025-03-14,C00672,P0060,1,0.15,37.93,UPI,Delivered
O005420,2024-09-25,C01334,P0147,1,0.0,32.3,Debit Card,Delivered
O005420,2024-09-25,C01334,P0108,1,0.0,193.83,Debit Card,Shipped
O005421,2025-11-11,C00574,P0099,1,0.15,31.86,UPI,Delivered
O005421,2025-11-11,C00574,P0152,3,0.15,67.27,Credit Card,Delivered
O005422,2025-08-31,C01006,P0041,4,0.15,213.17,UPI,Delivered
O005423,2025-05-30,C00526,P0060,2,0.1,413.62,Cash on Delivery,Cancelled
O005424,2024-10-24,C00482,P0071,1,0.1,312.42,UPI,Delivered
O005424,2024-10-24,C00482,P0207,2,0.1,319.85,UPI,Delivered
O005424,2024-10-24,C00482,P0075,1,0.1,240.35,Debit Card,Cancelled
O005425,2024-07-23,C00667,P0084,2,0.1,283.93,UPI,Shipped
O005426,2024-11-02,C00704,P0132,1,0.15,278.71,UPI,Delivered
O005426,2024-11-02,C00704,P0069,1,0.15,186.82,Net Banking,Cancelled
O005426,2024-11-02,C00704,P0242,1,0.1,372.96,Debit Card,Processing
O005427,2024-05-02,C01475,P0172,1,0.15,205.14,UPI,Shipped
O005428,2024-07-10,C00005,P0069,1,0.1,432.95,Wallet,Shipped
O005429,2025-09-27,C01269,P0058,1,0.05,419.26,Net Banking,Delivered
O005430,2025-07-20,C00135,P0037,1,0.15,56.93,UPI,Processing
O005431,2024-12-18,C00952,P0071,1,0.05,452.22,Wallet,Delivered
O005431,2024-12-18,C00952,P0140,1,0.15,295.03,Cash on Delivery,Processing
O005432,2025-02-08,C00217,P0080,2,0.0,95.34,Net Banking,Delivered
O005433,2025-10-10,C00219,P0226,2,0.0,205.38,Credit Card,Processing
O005434,2025-02-27,C00697,P0113,1,0.05,369.83,Credit Card,Shipped
O005434,2025-02-27,C00697,P0028,1,0.05,430.44,Debit Card,Delivered
O005434,2025-02-27,C00697,P0153,1,0.3,115.48,UPI,Delivered
O005435,2025-06-04,C00174,P0107,2,0.1,369.41,Debit Card,Delivered
O005436,2024-10-27,C00213,P0061,1,0.15,254.17,Credit Card,Delivered
O005437,2026-01-15,C00205,P0180,2,0.05,26.52,Credit Card,Processing
O005438,2025-01-22,C01086,P0117,1,0.2,261.42,Wallet,Delivered
O005438,2025-01-22,C01086,P0169,1,0.0,242.0,Net Banking,Delivered
O005439,2024-05-21,C01496,P0248,1,0.25,469.1,UPI,Delivered
O005440,2025-11-16,C01357,P0182,1,0.1,325.48,UPI,Delivered
O005441,2024-05-09,C00397,P0020,1,0.1,487.04,Credit Card,Cancelled
O005442,2024-05-23,C00686,P0006,2,0.0,400.89,Wallet,Delivered
O005443,2026-03-12,C00101,P0073,1,0.0,301.63,Net Banking,Cancelled
O005444,2024-04-15,C00942,P0049,1,0.05,53.68,Wallet,Delivered
O005445,2025-06-30,C00438,P0053,2,0.05,197.57,Net Banking,Shipped
O005446,2025-11-07,C00679,P0228,1,0.05,156.44,UPI,Delivered
O005446,2025-11-07,C00679,P0133,2,0.25,57.42,UPI,Delivered
O005447,2024-12-07,C00335,P0229,3,0.1,374.6,Credit Card,Cancelled
O005448,2025-11-26,C01194,P0064,1,0.0,381.79,Wallet,Delivered
O005448,2025-11-26,C01194,P0027,1,0.25,105.68,Debit Card,Delivered
O005449,2026-02-19,C01120,P0140,2,0.2,163.59,UPI,Processing
O005449,2026-02-19,C01120,P0161,2,0.1,273.95,UPI,Delivered
O005450,2024-04-29,C01407,P0006,2,0.15,330.59,UPI,Delivered
O005451,2024-12-02,C00726,P0122,1,0.25,205.23,Cash on Delivery,Shipped
O005451,2024-12-02,C00726,P0242,2,0.1,309.97,Net Banking,Delivered
O005452,2025-09-30,C00650,P0084,1,0.1,146.96,UPI,Cancelled
O005452,2025-09-30,C00650,P0107,2,0.15,324.89,UPI,Delivered
O005453,2024-10-08,C00371,P0079,2,0.15,483.36,Debit Card,Shipped
O005454,2025-10-13,C00285,P0174,3,0.05,164.03,Credit Card,Delivered
O005454,2025-10-13,C00285,P0058,1,0.0,82.46,UPI,Cancelled
O005455,2025-06-18,C00126,P0138,1,0.1,98.23,UPI,Delivered
O005456,2024-04-10,C00631,P0233,3,0.0,296.4,UPI,Delivered
O005456,2024-04-10,C00631,P0061,1,0.05,288.26,UPI,Processing
O005456,2024-04-10,C00631,P0128,1,0.25,131.13,Credit Card,Shipped
O005457,2026-02-23,C00314,P0173,1,0.15,197.7,Wallet,Delivered
O005458,2024-10-03,C01100,P0039,1,0.05,381.46,Debit Card,Shipped
O005458,2024-10-03,C01100,P0198,1,0.1,274.15,Debit Card,Delivered
O005458,2024-10-03,C01100,P0110,1,0.1,172.83,UPI,Delivered
O005459,2024-12-06,C00449,P0180,1,0.0,42.31,UPI,Delivered
O005459,2024-12-06,C00449,P0155,1,0.05,88.45,Credit Card,Delivered
O005460,2024-09-19,C00462,P0105,2,0.1,96.03,Debit Card,Delivered
O005461,2024-12-23,C00302,P0219,1,0.15,336.39,Wallet,Shipped
O005462,2025-07-15,C00982,P0029,1,0.2,216.13,Credit Card,Shipped
O005462,2025-07-15,C00982,P0103,2,0.0,492.77,Credit Card,Delivered
O005462,2025-07-15,C00982,P0056,3,0.1,305.09,Cash on Delivery,Delivered
O005463,2025-08-18,C00974,P0030,3,0.05,344.95,UPI,Processing
O005464,2024-05-31,C01025,P0220,1,0.15,160.51,Debit Card,Delivered
O005465,2024-09-04,C01294,P0170,2,0.1,481.3,UPI,Cancelled
O005466,2025-02-11,C00276,P0094,1,0.0,313.13,UPI,Delivered
O005467,2025-11-22,C01409,P0078,4,0.1,404.68,Cash on Delivery,Delivered
O005468,2025-06-24,C00216,P0151,1,0.1,406.87,UPI,Delivered
O005468,2025-06-24,C00216,P0035,1,0.2,385.82,UPI,Delivered
O005468,2025-06-24,C00216,P0134,2,0.1,56.02,Credit Card,Processing
O005469,2025-09-01,C00069,P0020,1,0.05,158.31,Credit Card,Shipped
O005469,2025-09-01,C00069,P0072,3,0.05,363.7,UPI,Delivered
O005470,2026-01-08,C00373,P0197,2,0.0,225.44,UPI,Delivered
O005470,2026-01-08,C00373,P0185,3,0.1,247.93,UPI,Delivered
O005471,2025-03-12,C01235,P0214,2,0.05,370.48,Cash on Delivery,Delivered
O005472,2025-08-04,C00354,P0229,1,0.1,212.23,Credit Card,Cancelled
O005473,2024-11-17,C00183,P0129,1,0.25,319.81,UPI,Delivered
O005474,2025-01-14,C00358,P0096,1,0.05,111.54,Credit Card,Cancelled
O005475,2024-08-06,C01386,P0008,1,0.0,359.06,Debit Card,Delivered
O005476,2025-09-07,C00997,P0127,2,0.0,419.72,Debit Card,Shipped
O005476,2025-09-07,C00997,P0088,1,0.0,397.62,UPI,Delivered
O005477,2026-01-15,C00660,P0031,1,0.1,49.23,Wallet,Shipped
O005477,2026-01-15,C00660,P0169,1,0.1,264.36,UPI,Delivered
O005478,2024-11-26,C00661,P0158,1,0.05,265.73,UPI,Shipped
O005479,2025-06-14,C01032,P0090,1,0.05,159.95,UPI,Processing
O005479,2025-06-14,C01032,P0224,1,0.0,292.62,Wallet,Delivered
O005480,2025-09-13,C01064,P0018,1,0.05,76.5,UPI,Delivered
O005481,2026-03-09,C01008,P0131,2,0.15,282.16,Net Banking,Processing
O005482,2025-06-27,C01024,P0037,1,0.0,397.13,UPI,Delivered
O005482,2025-06-27,C01024,P0042,2,0.2,190.32,UPI,Delivered
O005483,2024-10-09,C00880,P0063,2,0.2,202.12,Cash on Delivery,Delivered
O005484,2026-03-26,C00332,P0217,1,0.15,137.48,UPI,Processing
O005485,2025-10-16,C00174,P0032,2,0.15,304.56,UPI,Delivered
O005485,2025-10-16,C00174,P0021,2,0.1,295.71,Net Banking,Delivered
O005486,2025-07-14,C00613,P0071,1,0.15,193.34,Cash on Delivery,Delivered
O005486,2025-07-14,C00613,P0125,4,0.05,415.77,UPI,Delivered
O005486,2025-07-14,C00613,P0067,1,0.15,316.11,UPI,Cancelled
O005487,2025-10-31,C00873,P0112,1,0.15,299.17,UPI,Cancelled
O005488,2025-01-02,C00260,P0051,2,0.0,239.8,Cash on Delivery,Cancelled
O005489,2024-06-12,C00652,P0239,1,0.2,425.3,Cash on Delivery,Shipped
O005489,2024-06-12,C00652,P0245,1,0.0,290.84,UPI,Processing
O005489,2024-06-12,C00652,P0198,1,0.15,51.69,UPI,Delivered
O005490,2024-08-05,C00116,P0177,1,0.15,115.94,Credit Card,Delivered
O005490,2024-08-05,C00116,P0245,1,0.25,281.31,Credit Card,Delivered
O005491,2025-10-24,C01058,P0187,1,0.1,451.8,Wallet,Shipped
O005492,2024-12-20,C00668,P0139,2,0.0,332.18,Debit Card,Cancelled
O005492,2024-12-20,C00668,P0051,2,0.0,54.26,UPI,Delivered
O005493,2025-08-16,C00469,P0116,2,0.05,103.78,Credit Card,Delivered
O005494,2025-10-28,C00239,P0236,1,0.25,435.25,Debit Card,Delivered
O005494,2025-10-28,C00239,P0125,4,0.2,393.57,UPI,Delivered
O005495,2025-12-16,C00629,P0129,1,0.0,207.67,Net Banking,Processing
O005496,2024-12-03,C00640,P0144,3,0.1,116.19,Net Banking,Shipped
O005496,2024-12-03,C00640,P0218,1,0.1,70.22,Debit Card,Cancelled
O005497,2024-12-16,C00913,P0155,2,0.2,27.14,UPI,Processing
O005498,2024-08-09,C01204,P0129,1,0.25,338.86,Credit Card,Shipped
O005498,2024-08-09,C01204,P0105,1,0.05,125.29,Debit Card,Delivered
O005499,2025-07-08,C01482,P0232,2,0.05,197.52,UPI,Delivered
O005500,2025-01-18,C01355,P0161,1,0.2,336.18,Credit Card,Delivered
O005500,2025-01-18,C01355,P0126,4,0.05,192.37,Credit Card,Delivered
O005501,2025-10-09,C00261,P0125,1,0.1,216.28,Net Banking,Delivered
O005502,2025-04-02,C00773,P0066,1,0.1,487.94,Credit Card,Delivered
O005503,2025-10-08,C01107,P0183,1,0.05,208.99,Cash on Delivery,Delivered
O005504,2026-03-15,C00367,P0153,2,0.3,447.73,Credit Card,Delivered
O005504,2026-03-15,C00367,P0201,1,0.15,404.37,Cash on Delivery,Shipped
O005505,2026-01-28,C01247,P0201,1,0.15,349.36,Debit Card,Delivered
O005506,2024-09-07,C00867,P0047,2,0.05,150.44,Credit Card,Delivered
O005506,2024-09-07,C00867,P0024,1,0.25,43.93,Net Banking,Delivered
O005507,2024-12-19,C00418,P0194,1,0.05,300.21,UPI,Shipped
O005508,2024-11-04,C01105,P0014,1,0.1,120.51,UPI,Delivered
O005508,2024-11-04,C01105,P0196,1,0.1,105.89,UPI,Shipped
O005509,2025-07-14,C00159,P0002,2,0.1,275.55,UPI,Shipped
O005510,2024-06-11,C00601,P0206,1,0.15,390.47,Net Banking,Delivered
O005511,2025-05-24,C00563,P0232,1,0.2,109.25,UPI,Shipped
O005511,2025-05-24,C00563,P0220,1,0.1,218.83,Debit Card,Cancelled
O005511,2025-05-24,C00563,P0128,2,0.25,439.19,Cash on Delivery,Shipped
O005512,2026-01-27,C00512,P0190,1,0.2,152.59,Net Banking,Delivered
O005513,2025-08-01,C00064,P0199,1,0.25,498.81,Credit Card,Shipped
O005514,2025-08-27,C01451,P0098,1,0.1,208.69,UPI,Delivered
O005515,2024-09-15,C00910,P0106,1,0.0,377.37,UPI,Shipped
O005515,2024-09-15,C00910,P0242,1,0.15,334.87,Credit Card,Delivered
O005516,2026-02-19,C00743,P0099,1,0.1,240.52,Wallet,Shipped
O005517,2024-07-21,C00363,P0167,1,0.15,380.36,Net Banking,Delivered
O005518,2026-01-29,C01138,P0072,1,0.15,394.98,Credit Card,Delivered
O005518,2026-01-29,C01138,P0005,1,0.0,150.47,Wallet,Cancelled
O005519,2024-12-11,C01455,P0128,1,0.05,246.03,Debit Card,Processing
O005519,2024-12-11,C01455,P0029,2,0.05,150.75,Cash on Delivery,Delivered
O005520,2025-08-18,C00193,P0214,2,0.0,272.96,Wallet,Processing
O005521,2025-10-21,C00068,P0146,2,0.25,33.13,Credit Card,Delivered
O005521,2025-10-21,C00068,P0023,2,0.1,435.23,UPI,Delivered
O005522,2024-06-26,C00608,P0118,1,0.2,112.44,Debit Card,Delivered
O005523,2026-03-08,C01119,P0078,1,0.1,382.47,Credit Card,Delivered
O005524,2024-08-19,C01245,P0156,2,0.1,142.67,UPI,Delivered
O005525,2025-10-19,C00032,P0180,2,0.25,431.33,Cash on Delivery,Delivered
O005526,2024-04-11,C00765,P0042,1,0.1,133.31,Credit Card,Delivered
O005527,2024-10-14,C00078,P0110,1,0.0,204.2,Net Banking,Cancelled
O005528,2025-04-06,C01383,P0201,3,0.25,110.47,UPI,Shipped
O005529,2025-01-20,C01332,P0061,1,0.3,88.45,Debit Card,Delivered
O005530,2025-10-30,C00212,P0207,1,0.0,256.39,Debit Card,Delivered
O005531,2025-11-15,C00753,P0187,1,0.15,125.79,Net Banking,Delivered
O005532,2024-12-31,C00806,P0166,2,0.1,392.55,Credit Card,Delivered
O005532,2024-12-31,C00806,P0071,2,0.1,381.54,Cash on Delivery,Delivered
O005533,2025-04-23,C00586,P0020,1,0.0,163.56,Net Banking,Processing
O005534,2026-03-19,C00152,P0100,1,0.2,220.52,Net Banking,Delivered
O005534,2026-03-19,C00152,P0203,1,0.2,46.11,Wallet,Cancelled
O005535,2025-04-28,C00512,P0140,1,0.05,455.53,UPI,Delivered
O005536,2025-02-15,C01206,P0211,1,0.2,147.09,Cash on Delivery,Processing
O005537,2025-02-27,C01461,P0008,1,0.0,119.57,UPI,Cancelled
O005537,2025-02-27,C01461,P0245,1,0.0,26.05,UPI,Delivered
O005537,2025-02-27,C01461,P0012,1,0.05,81.1,Net Banking,Processing
O005538,2024-07-03,C00468,P0026,2,0.2,88.15,Cash on Delivery,Cancelled
O005538,2024-07-03,C00468,P0152,1,0.05,384.09,UPI,Delivered
O005539,2025-07-21,C00559,P0146,2,0.2,177.7,UPI,Delivered
O005539,2025-07-21,C00559,P0024,1,0.1,74.0,Debit Card,Cancelled
O005539,2025-07-21,C00559,P0019,1,0.15,238.72,Debit Card,Shipped
O005540,2024-09-03,C00483,P0002,2,0.15,417.14,UPI,Processing
O005541,2024-06-21,C00478,P0133,2,0.15,170.53,Net Banking,Shipped
O005542,2026-02-02,C01404,P0156,1,0.1,48.01,Debit Card,Delivered
O005543,2025-03-22,C00362,P0021,1,0.0,112.58,Wallet,Shipped
O005544,2024-05-27,C00941,P0105,3,0.3,365.08,UPI,Delivered
O005545,2025-11-07,C01452,P0057,1,0.0,457.77,Net Banking,Cancelled
O005546,2025-01-20,C00565,P0122,1,0.1,31.83,UPI,Delivered
O005547,2024-10-10,C00074,P0130,1,0.3,43.62,Net Banking,Delivered
O005548,2024-06-19,C00402,P0111,1,0.15,49.99,Credit Card,Delivered
O005549,2025-05-23,C00385,P0233,1,0.05,378.73,Debit Card,Delivered
O005550,2025-03-25,C00619,P0163,1,0.1,130.97,Wallet,Processing
O005550,2025-03-25,C00619,P0058,1,0.3,212.47,Credit Card,Delivered
O005551,2025-02-20,C00965,P0052,1,0.1,390.83,Wallet,Processing
O005552,2024-08-19,C00660,P0150,2,0.1,105.3,Credit Card,Processing
O005552,2024-08-19,C00660,P0238,3,0.1,493.05,UPI,Delivered
O005553,2024-05-23,C00955,P0043,1,0.1,42.6,UPI,Delivered
O005553,2024-05-23,C00955,P0157,2,0.25,380.82,UPI,Delivered
O005554,2025-11-09,C01092,P0175,4,0.15,244.71,UPI,Delivered
O005555,2025-02-01,C01113,P0228,3,0.2,113.08,Debit Card,Delivered
O005555,2025-02-01,C01113,P0013,3,0.15,105.84,Credit Card,Delivered
O005556,2025-06-01,C01302,P0007,2,0.0,453.07,Cash on Delivery,Shipped
O005556,2025-06-01,C01302,P0053,2,0.0,305.69,Net Banking,Processing
O005557,2025-04-05,C01401,P0242,1,0.15,355.22,UPI,Delivered
O005558,2025-07-25,C00907,P0057,1,0.05,240.41,Debit Card,Delivered
O005559,2024-07-21,C01159,P0055,1,0.1,420.95,Cash on Delivery,Shipped
O005559,2024-07-21,C01159,P0106,4,0.0,186.41,Wallet,Delivered
O005560,2025-12-05,C00454,P0152,1,0.15,273.26,Credit Card,Cancelled
O005561,2025-06-09,C00446,P0195,3,0.05,398.61,Cash on Delivery,Shipped
O005561,2025-06-09,C00446,P0219,3,0.0,314.31,Net Banking,Delivered
O005561,2025-06-09,C00446,P0092,1,0.05,235.12,Cash on Delivery,Processing
O005562,2025-07-27,C01379,P0250,1,0.0,417.76,Wallet,Processing
O005563,2024-09-27,C00610,P0200,1,0.1,317.71,Debit Card,Cancelled
O005564,2025-04-11,C00167,P0006,3,0.05,304.37,Credit Card,Processing
O005564,2025-04-11,C00167,P0024,3,0.0,137.63,UPI,Delivered
O005565,2026-02-01,C00335,P0133,1,0.05,296.78,Net Banking,Cancelled
O005566,2024-05-19,C00268,P0177,1,0.0,452.77,Net Banking,Delivered
O005566,2024-05-19,C00268,P0216,2,0.0,478.99,Net Banking,Delivered
O005567,2025-10-09,C00622,P0226,1,0.05,363.67,Net Banking,Delivered
O005568,2025-05-04,C01409,P0150,1,0.1,206.24,Credit Card,Delivered
O005568,2025-05-04,C01409,P0193,1,0.05,216.59,Credit Card,Delivered
O005569,2025-12-02,C00357,P0135,1,0.0,60.08,Debit Card,Processing
O005569,2025-12-02,C00357,P0174,1,0.0,151.6,Credit Card,Delivered
O005570,2025-09-14,C01151,P0202,1,0.1,322.98,Net Banking,Cancelled
O005570,2025-09-14,C01151,P0042,1,0.05,289.67,Cash on Delivery,Delivered
O005571,2025-10-20,C01479,P0180,1,0.05,174.83,UPI,Delivered
O005572,2025-08-12,C01129,P0249,1,0.1,376.68,Debit Card,Delivered
O005572,2025-08-12,C01129,P0143,4,0.05,478.47,Debit Card,Delivered
O005573,2024-08-13,C00814,P0012,4,0.1,440.81,Credit Card,Processing
O005574,2025-04-14,C01237,P0177,1,0.2,348.81,Cash on Delivery,Delivered
O005574,2025-04-14,C01237,P0040,1,0.2,108.26,UPI,Cancelled
O005575,2024-12-16,C00958,P0186,1,0.15,85.33,Credit Card,Delivered
O005576,2026-02-07,C00787,P0128,1,0.25,328.41,Cash on Delivery,Delivered
O005577,2024-09-13,C00839,P0131,1,0.15,448.53,UPI,Shipped
O005578,2024-09-29,C00447,P0154,1,0.05,462.12,Cash on Delivery,Delivered
O005578,2024-09-29,C00447,P0079,1,0.15,84.51,Cash on Delivery,Delivered
O005579,2025-07-25,C00670,P0178,1,0.2,268.19,Debit Card,Delivered
O005580,2025-11-02,C00877,P0165,4,0.1,310.52,UPI,Delivered
O005580,2025-11-02,C00877,P0203,2,0.05,444.76,Credit Card,Delivered
O005581,2025-07-22,C00454,P0197,2,0.2,452.18,Credit Card,Delivered
O005582,2025-11-19,C01372,P0008,2,0.05,126.62,UPI,Shipped
O005582,2025-11-19,C01372,P0019,1,0.1,168.52,Credit Card,Delivered
O005583,2025-06-03,C00187,P0109,2,0.15,123.39,Wallet,Delivered
O005584,2026-02-24,C00594,P0007,2,0.1,496.7,Credit Card,Delivered
O005585,2025-12-05,C00257,P0127,1,0.15,356.43,Net Banking,Delivered
O005585,2025-12-05,C00257,P0211,1,0.05,197.82,Credit Card,Delivered
O005586,2026-02-28,C01131,P0237,1,0.1,272.38,UPI,Delivered
O005586,2026-02-28,C01131,P0170,1,0.15,467.44,Wallet,Delivered
O005587,2025-11-11,C01108,P0051,2,0.15,36.21,UPI,Processing
O005588,2025-03-30,C00008,P0125,1,0.15,356.28,Cash on Delivery,Processing
O005589,2024-07-03,C01011,P0034,1,0.2,395.0,Net Banking,Processing
O005589,2024-07-03,C01011,P0114,1,0.2,300.07,Debit Card,Cancelled
O005590,2026-03-01,C00657,P0152,1,0.1,350.68,Debit Card,Processing
O005591,2025-08-05,C01136,P0204,2,0.15,316.87,UPI,Delivered
O005592,2025-07-29,C00846,P0073,2,0.15,172.04,UPI,Shipped
O005593,2025-08-18,C01340,P0163,1,0.05,424.33,Credit Card,Shipped
O005594,2024-12-11,C00599,P0102,2,0.1,192.79,Credit Card,Delivered
O005595,2024-07-27,C01444,P0232,1,0.15,336.09,Cash on Delivery,Delivered
O005596,2025-08-18,C00813,P0006,2,0.1,49.28,Net Banking,Shipped
O005597,2024-09-12,C00276,P0187,1,0.1,374.61,Credit Card,Processing
O005598,2024-12-13,C00715,P0156,1,0.1,292.8,Credit Card,Delivered
O005598,2024-12-13,C00715,P0091,1,0.1,281.83,UPI,Delivered
O005599,2025-10-10,C01442,P0181,2,0.0,66.34,Net Banking,Cancelled
O005599,2025-10-10,C01442,P0014,1,0.05,376.31,Credit Card,Cancelled
O005599,2025-10-10,C01442,P0003,1,0.15,451.06,UPI,Cancelled
O005600,2026-01-13,C00939,P0151,1,0.1,129.15,Credit Card,Delivered
O005600,2026-01-13,C00939,P0119,1,0.05,104.33,Net Banking,Delivered
O005601,2025-07-23,C00026,P0023,1,0.15,226.0,Net Banking,Shipped
O005602,2024-07-12,C01143,P0122,4,0.25,278.22,Wallet,Cancelled
O005603,2025-02-08,C00868,P0175,1,0.1,217.86,Debit Card,Delivered
O005604,2024-12-07,C00872,P0031,1,0.1,288.19,Credit Card,Processing
O005605,2024-05-22,C00305,P0231,1,0.05,54.02,UPI,Delivered
O005606,2025-07-31,C01381,P0058,1,0.25,456.23,UPI,Cancelled
O005607,2024-10-19,C00271,P0191,3,0.05,283.53,Wallet,Delivered
O005607,2024-10-19,C00271,P0084,1,0.15,114.76,Credit Card,Delivered
O005608,2026-02-22,C00355,P0106,1,0.15,85.3,UPI,Delivered
O005609,2025-02-16,C00217,P0077,1,0.25,51.66,Cash on Delivery,Delivered
O005609,2025-02-16,C00217,P0139,2,0.05,172.25,Net Banking,Delivered
O005610,2024-07-20,C01350,P0037,1,0.15,405.89,UPI,Processing
O005610,2024-07-20,C01350,P0066,1,0.05,432.87,Debit Card,Delivered
O005611,2025-11-16,C01049,P0036,2,0.1,236.34,UPI,Shipped
O005612,2025-10-07,C00527,P0093,1,0.3,287.13,UPI,Processing
O005613,2026-01-21,C00027,P0216,1,0.2,100.55,Debit Card,Delivered
O005613,2026-01-21,C00027,P0054,3,0.2,259.06,UPI,Processing
O005614,2025-06-10,C01015,P0149,2,0.1,155.51,Net Banking,Delivered
O005615,2025-07-01,C00843,P0065,2,0.05,365.41,Credit Card,Delivered
O005615,2025-07-01,C00843,P0087,1,0.15,255.72,Debit Card,Delivered
O005616,2026-03-04,C00341,P0207,1,0.1,198.19,UPI,Delivered
O005616,2026-03-04,C00341,P0127,1,0.1,303.57,UPI,Delivered
O005616,2026-03-04,C00341,P0174,1,0.1,344.57,Credit Card,Delivered
O005617,2025-11-24,C01066,P0212,1,0.15,340.49,Cash on Delivery,Cancelled
O005618,2024-04-25,C01033,P0168,1,0.05,289.7,UPI,Shipped
O005619,2025-07-06,C01130,P0034,1,0.1,400.26,UPI,Delivered
O005620,2024-04-21,C01348,P0001,1,0.2,45.68,Credit Card,Delivered
O005621,2025-10-01,C01415,P0057,1,0.0,164.29,UPI,Delivered
O005622,2025-02-28,C01348,P0063,1,0.1,399.79,Net Banking,Cancelled
O005623,2024-06-05,C00822,P0150,1,0.15,462.96,Credit Card,Processing
O005624,2025-08-16,C01141,P0250,2,0.0,122.41,Credit Card,Shipped
O005625,2024-08-19,C00518,P0086,1,0.2,389.42,Debit Card,Shipped
O005626,2025-11-13,C00634,P0169,2,0.15,440.03,Cash on Delivery,Delivered
O005627,2025-04-22,C00792,P0053,4,0.05,169.24,Credit Card,Shipped
O005628,2026-03-14,C00738,P0120,1,0.0,375.99,Debit Card,Shipped
O005629,2024-12-18,C00314,P0117,1,0.1,343.87,Debit Card,Processing
O005630,2026-01-20,C00270,P0210,1,0.15,466.97,Credit Card,Delivered
O005631,2025-01-21,C00882,P0162,1,0.1,305.08,UPI,Delivered
O005632,2024-10-01,C00767,P0209,1,0.2,170.19,Debit Card,Delivered
O005633,2025-10-29,C01010,P0103,2,0.15,192.37,Cash on Delivery,Shipped
O005633,2025-10-29,C01010,P0232,2,0.1,492.41,Wallet,Delivered
O005634,2024-11-12,C01488,P0186,1,0.0,498.3,Cash on Delivery,Shipped
O005635,2026-02-15,C00727,P0111,2,0.05,440.25,Net Banking,Cancelled
O005636,2025-02-06,C01089,P0130,1,0.0,293.08,Cash on Delivery,Delivered
O005637,2024-11-22,C01199,P0183,2,0.15,43.37,UPI,Delivered
O005637,2024-11-22,C01199,P0056,1,0.15,298.86,Credit Card,Processing
O005638,2024-11-30,C00552,P0003,1,0.15,393.39,Debit Card,Delivered
O005638,2024-11-30,C00552,P0176,1,0.05,132.08,UPI,Cancelled
O005638,2024-11-30,C00552,P0008,2,0.05,132.07,Debit Card,Processing
O005639,2025-05-09,C00638,P0034,4,0.1,297.0,Net Banking,Processing
O005640,2025-04-16,C01210,P0082,1,0.25,304.37,Cash on Delivery,Delivered
O005640,2025-04-16,C01210,P0227,1,0.05,386.07,Credit Card,Shipped
O005641,2025-04-28,C00143,P0127,2,0.2,478.53,UPI,Cancelled
O005641,2025-04-28,C00143,P0156,1,0.2,196.3,Credit Card,Processing
O005642,2024-08-09,C00168,P0147,1,0.1,436.63,Credit Card,Delivered
O005643,2025-10-09,C00342,P0061,3,0.15,441.41,Debit Card,Shipped
O005644,2025-11-25,C01433,P0081,1,0.1,309.16,UPI,Processing
O005645,2024-07-21,C00720,P0179,1,0.1,231.74,Credit Card,Processing
O005645,2024-07-21,C00720,P0093,2,0.0,410.62,UPI,Delivered
O005646,2024-09-18,C00390,P0182,3,0.1,72.78,Credit Card,Shipped
O005646,2024-09-18,C00390,P0025,2,0.05,379.53,Credit Card,Shipped
O005647,2026-02-07,C01064,P0036,2,0.15,35.31,Wallet,Processing
O005648,2024-11-07,C01145,P0193,1,0.05,237.66,Credit Card,Delivered
O005649,2024-06-22,C00400,P0140,1,0.2,338.64,Credit Card,Shipped
O005650,2024-10-26,C00208,P0235,2,0.15,80.37,Credit Card,Delivered
O005650,2024-10-26,C00208,P0094,4,0.05,165.04,UPI,Processing
O005651,2025-12-22,C00869,P0130,1,0.1,391.62,Credit Card,Shipped
O005652,2025-10-11,C01101,P0158,1,0.2,89.06,Debit Card,Delivered
O005652,2025-10-11,C01101,P0119,3,0.1,448.46,Cash on Delivery,Shipped
O005653,2025-05-24,C00237,P0249,2,0.1,67.06,Cash on Delivery,Delivered
O005653,2025-05-24,C00237,P0004,2,0.1,36.25,UPI,Delivered
O005653,2025-05-24,C00237,P0144,1,0.15,43.89,Debit Card,Shipped
O005654,2025-02-08,C00522,P0181,3,0.2,335.98,Cash on Delivery,Delivered
O005654,2025-02-08,C00522,P0135,1,0.0,175.22,Debit Card,Delivered
O005655,2025-05-04,C00788,P0009,1,0.1,357.26,Debit Card,Delivered
O005656,2024-06-15,C00072,P0234,3,0.1,484.36,Net Banking,Delivered
O005657,2026-03-28,C00588,P0205,2,0.3,90.7,UPI,Delivered
O005658,2025-05-02,C01074,P0043,1,0.05,168.93,Debit Card,Delivered
O005659,2024-08-14,C00439,P0240,2,0.05,479.38,UPI,Delivered
O005660,2025-10-28,C00875,P0226,1,0.2,280.59,UPI,Cancelled
O005660,2025-10-28,C00875,P0077,1,0.2,378.86,Credit Card,Cancelled
O005661,2025-01-01,C00724,P0188,1,0.1,451.28,Debit Card,Shipped
O005661,2025-01-01,C00724,P0105,1,0.15,171.23,Wallet,Delivered
O005661,2025-01-01,C00724,P0227,4,0.1,58.66,Debit Card,Delivered
O005662,2024-07-26,C00101,P0202,2,0.2,339.36,UPI,Cancelled
O005662,2024-07-26,C00101,P0057,2,0.1,287.4,Credit Card,Delivered
O005663,2025-02-06,C00065,P0220,1,0.1,370.52,Credit Card,Processing
O005664,2025-03-20,C00563,P0134,1,0.1,291.08,UPI,Cancelled
O005665,2024-08-14,C00907,P0056,4,0.15,152.38,UPI,Cancelled
O005666,2025-12-08,C01206,P0207,4,0.15,391.24,Credit Card,Delivered
O005667,2025-08-09,C00557,P0241,2,0.0,144.01,Credit Card,Delivered
O005668,2024-04-24,C00443,P0159,3,0.0,453.74,Debit Card,Processing
O005669,2025-08-20,C01101,P0220,1,0.1,144.87,Net Banking,Delivered
O005669,2025-08-20,C01101,P0164,1,0.05,271.58,Credit Card,Delivered
O005670,2024-10-31,C01212,P0125,1,0.1,288.03,UPI,Cancelled
O005671,2026-03-21,C01148,P0217,2,0.2,448.84,UPI,Delivered
O005671,2026-03-21,C01148,P0053,1,0.2,87.16,Cash on Delivery,Shipped
O005672,2024-10-19,C00182,P0087,4,0.1,32.83,Wallet,Delivered
O005673,2026-03-24,C00828,P0065,1,0.05,464.19,Cash on Delivery,Delivered
O005673,2026-03-24,C00828,P0158,1,0.15,480.93,Net Banking,Processing
O005674,2025-10-14,C00630,P0116,1,0.1,375.94,Debit Card,Delivered
O005675,2024-08-14,C00040,P0164,2,0.05,427.13,UPI,Delivered
O005675,2024-08-14,C00040,P0068,1,0.15,91.95,UPI,Shipped
O005675,2024-08-14,C00040,P0220,1,0.15,192.92,Credit Card,Shipped
O005676,2025-04-27,C00606,P0050,1,0.05,175.27,UPI,Delivered
O005677,2025-12-06,C00090,P0163,4,0.1,200.71,Credit Card,Delivered
O005678,2024-12-23,C00080,P0015,2,0.05,36.41,Debit Card,Delivered
O005679,2026-02-13,C00849,P0145,1,0.0,203.51,Credit Card,Shipped
O005680,2024-12-01,C00894,P0046,2,0.15,364.24,Debit Card,Delivered
O005681,2024-05-20,C00456,P0236,1,0.1,160.9,UPI,Shipped
O005681,2024-05-20,C00456,P0109,2,0.0,344.54,Net Banking,Processing
O005682,2025-09-19,C01018,P0155,1,0.2,27.06,Cash on Delivery,Shipped
O005683,2025-07-28,C00038,P0140,1,0.15,234.06,Cash on Delivery,Processing
O005683,2025-07-28,C00038,P0027,1,0.1,261.12,UPI,Cancelled
O005683,2025-07-28,C00038,P0096,1,0.15,348.83,UPI,Cancelled
O005684,2024-08-05,C00219,P0125,3,0.1,378.36,Net Banking,Delivered
O005684,2024-08-05,C00219,P0209,2,0.2,280.65,UPI,Processing
O005685,2026-02-11,C01364,P0223,1,0.1,124.59,Cash on Delivery,Delivered
O005686,2025-06-14,C00616,P0184,2,0.05,189.97,Net Banking,Delivered
O005687,2024-06-16,C00180,P0026,2,0.15,292.5,Credit Card,Delivered
O005688,2025-09-14,C00174,P0142,1,0.15,198.26,Credit Card,Delivered
O005688,2025-09-14,C00174,P0195,1,0.05,341.34,UPI,Delivered
O005689,2025-12-17,C00526,P0003,1,0.1,346.03,UPI,Delivered
O005690,2025-11-09,C00034,P0200,1,0.15,59.26,Debit Card,Delivered
O005691,2025-11-15,C00759,P0046,1,0.15,320.65,UPI,Cancelled
O005692,2025-08-31,C00063,P0234,1,0.05,352.44,Credit Card,Shipped
O005692,2025-08-31,C00063,P0245,1,0.1,352.48,Wallet,Delivered
O005693,2025-01-27,C01123,P0079,1,0.1,431.68,UPI,Delivered
O005694,2025-09-29,C00189,P0178,1,0.15,399.9,UPI,Delivered
O005695,2025-04-27,C01381,P0244,1,0.0,408.56,UPI,Shipped
O005696,2025-10-28,C00699,P0112,1,0.3,440.51,Credit Card,Delivered
O005697,2025-11-02,C01214,P0027,1,0.1,294.21,Credit Card,Processing
O005698,2024-12-07,C01196,P0246,1,0.2,375.79,Debit Card,Processing
O005699,2024-08-30,C00071,P0075,3,0.15,341.48,UPI,Delivered
O005700,2026-01-15,C00883,P0051,1,0.05,61.21,Credit Card,Processing
O005701,2024-09-06,C01429,P0166,1,0.2,67.08,Cash on Delivery,Delivered
O005702,2025-01-05,C00156,P0223,1,0.1,257.18,Credit Card,Delivered
O005703,2025-04-04,C00445,P0149,1,0.05,396.54,Wallet,Shipped
O005703,2025-04-04,C00445,P0024,1,0.0,43.77,Wallet,Delivered
O005704,2025-07-29,C00713,P0117,1,0.05,99.48,UPI,Processing
O005705,2024-05-07,C00101,P0011,1,0.0,42.03,Cash on Delivery,Processing
O005705,2024-05-07,C00101,P0094,4,0.0,321.17,UPI,Delivered
O005706,2024-11-18,C00443,P0109,2,0.15,199.69,Wallet,Delivered
O005707,2025-06-08,C00874,P0132,1,0.1,190.55,UPI,Delivered
O005707,2025-06-08,C00874,P0230,1,0.1,128.9,Credit Card,Delivered
O005708,2024-10-13,C00711,P0003,1,0.1,120.07,UPI,Delivered
O005709,2025-08-12,C01292,P0046,1,0.15,344.17,Debit Card,Processing
O005709,2025-08-12,C01292,P0135,4,0.25,240.83,Net Banking,Cancelled
O005710,2025-05-15,C00455,P0119,1,0.0,383.76,Debit Card,Delivered
O005711,2024-11-15,C00939,P0054,1,0.05,216.64,Debit Card,Delivered
O005712,2025-01-29,C01302,P0112,2,0.05,404.74,Debit Card,Delivered
O005713,2025-08-02,C01051,P0102,1,0.15,103.96,UPI,Cancelled
O005714,2024-04-28,C01120,P0144,1,0.25,305.7,UPI,Processing
O005715,2024-11-27,C00807,P0080,2,0.15,183.31,Debit Card,Cancelled
O005715,2024-11-27,C00807,P0228,4,0.25,459.06,Credit Card,Delivered
O005715,2024-11-27,C00807,P0045,1,0.1,440.31,Credit Card,Processing
O005716,2024-06-03,C00068,P0025,1,0.1,100.69,Cash on Delivery,Delivered
O005717,2025-02-25,C00829,P0041,2,0.0,253.85,UPI,Delivered
O005717,2025-02-25,C00829,P0157,1,0.2,312.7,UPI,Processing
O005717,2025-02-25,C00829,P0159,1,0.25,113.07,UPI,Delivered
O005718,2026-01-31,C00281,P0250,2,0.1,414.99,Debit Card,Delivered
O005719,2026-03-17,C01013,P0112,3,0.15,245.61,UPI,Delivered
O005720,2025-06-11,C01107,P0133,1,0.1,26.12,UPI,Delivered
O005721,2025-12-07,C00106,P0088,1,0.05,363.22,UPI,Delivered
O005722,2025-06-21,C01343,P0149,1,0.0,380.4,Cash on Delivery,Delivered
O005722,2025-06-21,C01343,P0185,2,0.1,346.18,UPI,Cancelled
O005723,2025-01-15,C00373,P0113,1,0.0,139.8,Credit Card,Delivered
O005724,2025-02-17,C01383,P0125,3,0.0,141.86,Credit Card,Delivered
O005725,2024-10-29,C00012,P0135,1,0.1,156.55,Cash on Delivery,Delivered
O005726,2024-06-25,C00038,P0117,2,0.1,289.51,UPI,Delivered
O005727,2024-05-07,C00393,P0189,3,0.1,321.69,Cash on Delivery,Delivered
O005727,2024-05-07,C00393,P0144,2,0.1,169.93,Debit Card,Delivered
O005727,2024-05-07,C00393,P0181,1,0.05,458.11,Credit Card,Cancelled
O005728,2026-01-12,C00372,P0107,1,0.0,451.45,Wallet,Delivered
O005728,2026-01-12,C00372,P0230,2,0.25,217.12,Credit Card,Delivered
O005729,2025-11-12,C01313,P0010,3,0.25,43.08,Credit Card,Cancelled
O005730,2024-12-30,C00001,P0128,1,0.15,245.62,UPI,Shipped
O005730,2024-12-30,C00001,P0122,2,0.25,220.85,Net Banking,Cancelled
O005731,2025-04-25,C00412,P0112,3,0.1,439.68,Credit Card,Delivered
O005732,2025-10-31,C01367,P0051,1,0.0,330.08,Credit Card,Delivered
O005732,2025-10-31,C01367,P0063,2,0.0,107.41,Net Banking,Delivered
O005733,2024-10-07,C00264,P0121,1,0.15,246.07,UPI,Processing
O005733,2024-10-07,C00264,P0149,2,0.1,484.89,UPI,Shipped
O005734,2024-07-05,C00848,P0221,1,0.0,277.28,UPI,Delivered
O005735,2026-03-05,C01312,P0065,1,0.1,423.16,Net Banking,Delivered
O005736,2024-09-08,C00906,P0172,1,0.25,327.91,Credit Card,Delivered
O005736,2024-09-08,C00906,P0165,1,0.1,282.75,Net Banking,Processing
O005736,2024-09-08,C00906,P0125,1,0.0,302.24,UPI,Delivered
O005737,2024-09-01,C00243,P0064,1,0.0,360.24,UPI,Cancelled
O005738,2025-08-03,C00208,P0083,1,0.0,125.61,Debit Card,Delivered
O005738,2025-08-03,C00208,P0204,1,0.15,279.18,Debit Card,Processing
O005739,2024-06-02,C00436,P0176,1,0.05,239.87,UPI,Processing
O005740,2024-10-24,C00783,P0213,1,0.0,114.28,Net Banking,Processing
O005740,2024-10-24,C00783,P0139,1,0.05,399.42,Credit Card,Delivered
O005741,2026-03-10,C00852,P0017,2,0.15,170.68,Debit Card,Delivered
O005741,2026-03-10,C00852,P0041,1,0.05,72.34,UPI,Shipped
O005742,2025-05-25,C00435,P0168,2,0.05,340.34,UPI,Delivered
O005743,2025-11-06,C00947,P0069,2,0.05,404.95,UPI,Delivered
O005744,2024-07-23,C01026,P0145,4,0.3,331.07,UPI,Delivered
O005745,2026-01-03,C00616,P0094,1,0.25,250.39,Net Banking,Delivered
O005746,2025-12-07,C00024,P0121,1,0.05,444.01,UPI,Delivered
O005747,2025-11-20,C00511,P0098,1,0.0,242.69,Credit Card,Delivered
O005748,2025-07-08,C00918,P0102,1,0.05,52.77,UPI,Delivered
O005749,2024-10-26,C00867,P0139,1,0.05,146.41,Wallet,Delivered
O005749,2024-10-26,C00867,P0098,2,0.05,45.03,Cash on Delivery,Processing
O005750,2024-11-27,C00421,P0179,2,0.05,452.19,UPI,Delivered
O005751,2025-12-28,C00117,P0221,1,0.1,224.71,Wallet,Delivered
O005751,2025-12-28,C00117,P0131,3,0.2,47.07,Cash on Delivery,Processing
O005751,2025-12-28,C00117,P0216,1,0.1,129.45,Wallet,Delivered
O005752,2024-09-15,C01230,P0199,1,0.1,313.48,Debit Card,Cancelled
O005753,2026-02-24,C00210,P0066,1,0.2,161.75,Net Banking,Delivered
O005753,2026-02-24,C00210,P0241,4,0.1,115.26,UPI,Delivered
O005754,2024-06-07,C01316,P0161,1,0.1,159.96,UPI,Delivered
O005755,2024-11-08,C00811,P0122,3,0.1,350.0,Credit Card,Delivered
O005755,2024-11-08,C00811,P0119,1,0.1,362.7,UPI,Delivered
O005756,2026-02-02,C01290,P0069,1,0.15,197.9,UPI,Cancelled
O005756,2026-02-02,C01290,P0059,1,0.05,316.14,Cash on Delivery,Delivered
O005757,2026-03-14,C01042,P0036,1,0.15,74.94,Credit Card,Delivered
O005757,2026-03-14,C01042,P0205,2,0.0,402.74,UPI,Shipped
O005758,2025-11-15,C00919,P0171,2,0.1,201.26,UPI,Delivered
O005758,2025-11-15,C00919,P0103,4,0.2,78.49,Cash on Delivery,Delivered
O005759,2026-03-05,C00788,P0149,4,0.0,174.82,Credit Card,Delivered
O005760,2026-03-24,C00099,P0193,1,0.1,337.51,UPI,Cancelled
O005761,2026-03-22,C00921,P0038,1,0.05,86.71,UPI,Cancelled
O005762,2024-06-18,C01156,P0213,2,0.1,337.13,Credit Card,Delivered
O005762,2024-06-18,C01156,P0106,2,0.25,478.19,Wallet,Delivered
O005763,2024-06-21,C01146,P0068,1,0.15,319.77,UPI,Delivered
O005764,2025-02-07,C00509,P0098,1,0.0,166.36,Credit Card,Processing
O005765,2025-08-27,C01288,P0164,2,0.15,174.19,Cash on Delivery,Processing
O005765,2025-08-27,C01288,P0081,1,0.25,476.27,Debit Card,Delivered
O005766,2025-09-15,C01075,P0084,1,0.25,371.3,Wallet,Delivered
O005767,2025-04-12,C01492,P0028,1,0.05,92.13,UPI,Delivered
O005768,2025-05-02,C00257,P0186,1,0.1,239.91,UPI,Delivered
O005768,2025-05-02,C00257,P0159,1,0.1,217.17,UPI,Delivered
O005769,2025-05-04,C00049,P0122,1,0.1,284.9,Debit Card,Delivered
O005770,2025-08-31,C00472,P0230,1,0.15,336.74,UPI,Processing
O005771,2025-09-15,C00829,P0171,1,0.05,194.12,UPI,Shipped
O005772,2024-09-11,C01446,P0035,2,0.0,478.45,Debit Card,Processing
O005772,2024-09-11,C01446,P0190,1,0.1,312.17,Credit Card,Shipped
O005773,2025-12-29,C00747,P0093,1,0.1,152.79,UPI,Delivered
O005774,2025-05-18,C00688,P0169,3,0.05,443.12,Net Banking,Delivered
O005775,2025-10-26,C00028,P0177,1,0.1,468.32,Debit Card,Processing
O005776,2024-04-12,C00272,P0092,1,0.05,274.69,UPI,Cancelled
O005777,2025-10-14,C00415,P0152,2,0.2,276.21,UPI,Shipped
O005778,2025-07-29,C01363,P0019,1,0.0,395.26,Credit Card,Delivered
O005778,2025-07-29,C01363,P0060,2,0.05,494.95,Debit Card,Delivered
O005779,2025-10-23,C00679,P0026,1,0.15,294.25,Debit Card,Processing
O005780,2024-05-17,C00865,P0068,1,0.2,244.77,Debit Card,Delivered
O005781,2024-06-19,C00657,P0215,1,0.05,365.48,UPI,Delivered
O005782,2025-09-02,C01411,P0166,1,0.15,467.56,Net Banking,Cancelled
O005782,2025-09-02,C01411,P0174,1,0.1,222.71,Credit Card,Shipped
O005783,2024-10-12,C01103,P0182,2,0.1,261.45,Debit Card,Delivered
O005784,2026-03-26,C01490,P0213,3,0.0,165.73,Credit Card,Delivered
O005784,2026-03-26,C01490,P0074,1,0.15,459.3,Net Banking,Cancelled
O005785,2025-02-27,C01001,P0092,1,0.25,93.56,UPI,Cancelled
O005786,2024-05-14,C00641,P0034,2,0.1,386.07,Net Banking,Delivered
O005786,2024-05-14,C00641,P0016,1,0.0,163.89,Debit Card,Delivered
O005787,2026-02-11,C00351,P0089,1,0.1,492.09,UPI,Delivered
O005788,2024-10-03,C01417,P0130,2,0.05,173.49,UPI,Delivered
O005788,2024-10-03,C01417,P0193,2,0.1,191.51,Credit Card,Delivered
O005789,2025-06-01,C01181,P0168,1,0.25,256.33,UPI,Delivered
O005790,2026-01-21,C00859,P0037,2,0.15,368.21,Debit Card,Delivered
O005791,2025-07-23,C00135,P0010,2,0.1,115.45,Credit Card,Processing
O005792,2025-07-14,C00992,P0214,1,0.15,221.86,Cash on Delivery,Delivered
O005793,2026-03-01,C00139,P0137,1,0.0,205.46,UPI,Delivered
O005793,2026-03-01,C00139,P0013,1,0.0,257.94,Credit Card,Shipped
O005793,2026-03-01,C00139,P0032,2,0.0,424.66,Credit Card,Shipped
O005794,2025-12-07,C00474,P0023,1,0.3,278.54,UPI,Delivered
O005794,2025-12-07,C00474,P0232,2,0.0,127.42,Net Banking,Delivered
O005795,2024-06-14,C00644,P0027,3,0.15,416.89,Debit Card,Cancelled
O005796,2025-09-11,C00074,P0131,3,0.05,274.35,Credit Card,Cancelled
O005797,2025-12-19,C00798,P0229,1,0.15,326.8,Cash on Delivery,Delivered
O005797,2025-12-19,C00798,P0140,1,0.1,300.37,Cash on Delivery,Processing
O005798,2025-10-08,C00603,P0190,2,0.1,267.12,Debit Card,Delivered
O005799,2025-10-14,C00545,P0233,2,0.2,202.22,Cash on Delivery,Shipped
O005800,2025-09-18,C00677,P0078,1,0.1,285.54,Credit Card,Shipped
O005801,2025-09-13,C00145,P0143,1,0.05,352.83,Net Banking,Cancelled
O005802,2024-05-01,C01390,P0185,2,0.3,310.5,UPI,Delivered
O005802,2024-05-01,C01390,P0244,1,0.1,190.66,UPI,Delivered
O005803,2025-06-08,C00079,P0241,2,0.1,171.28,Cash on Delivery,Processing
O005803,2025-06-08,C00079,P0247,2,0.1,209.64,Debit Card,Cancelled
O005804,2024-10-30,C00670,P0134,1,0.05,463.44,UPI,Delivered
O005804,2024-10-30,C00670,P0141,1,0.0,204.11,UPI,Processing
O005805,2024-07-14,C00310,P0057,2,0.2,97.98,UPI,Delivered
O005806,2024-08-05,C00856,P0038,2,0.1,80.65,UPI,Delivered
O005806,2024-08-05,C00856,P0173,1,0.3,360.49,Net Banking,Processing
O005807,2024-06-03,C00228,P0214,1,0.05,312.13,Credit Card,Shipped
O005808,2025-01-04,C00244,P0086,3,0.05,266.61,Cash on Delivery,Processing
O005809,2024-09-17,C00709,P0203,2,0.15,471.45,UPI,Delivered
O005810,2025-10-05,C00477,P0018,1,0.0,399.42,Credit Card,Cancelled
O005811,2026-03-31,C01099,P0091,3,0.1,224.76,Credit Card,Delivered
O005812,2024-09-20,C01081,P0204,4,0.05,285.54,Credit Card,Delivered
O005812,2024-09-20,C01081,P0062,1,0.2,276.32,Net Banking,Delivered
O005813,2025-11-04,C01344,P0135,4,0.2,424.55,Credit Card,Delivered
O005814,2024-12-09,C00120,P0124,1,0.1,148.88,UPI,Delivered
O005815,2024-06-28,C00559,P0181,1,0.1,391.94,Credit Card,Delivered
O005816,2025-08-07,C01025,P0051,1,0.1,39.85,UPI,Delivered
O005817,2024-06-23,C00364,P0165,1,0.3,333.03,Cash on Delivery,Delivered
O005817,2024-06-23,C00364,P0013,1,0.2,146.09,UPI,Shipped
O005818,2025-05-15,C00602,P0015,1,0.15,151.79,Credit Card,Delivered
O005819,2025-05-12,C00841,P0191,1,0.05,364.72,UPI,Processing
O005820,2024-05-25,C01392,P0043,1,0.0,82.72,UPI,Cancelled
O005820,2024-05-25,C01392,P0057,1,0.05,166.22,Credit Card,Delivered
O005820,2024-05-25,C01392,P0075,2,0.15,156.5,Debit Card,Processing
O005821,2024-04-15,C01240,P0219,1,0.05,305.36,Credit Card,Delivered
O005822,2024-04-01,C00291,P0129,1,0.15,218.18,Debit Card,Cancelled
O005823,2025-09-20,C00164,P0075,1,0.05,473.72,UPI,Delivered
O005824,2024-11-08,C00335,P0114,2,0.05,495.69,UPI,Delivered
O005824,2024-11-08,C00335,P0093,1,0.0,338.68,Wallet,Processing
O005825,2026-01-08,C00026,P0051,2,0.1,91.41,Debit Card,Delivered
O005826,2025-02-12,C01149,P0041,1,0.25,209.19,Credit Card,Cancelled
O005827,2025-03-11,C00452,P0030,1,0.1,302.17,UPI,Cancelled
O005828,2025-02-07,C00465,P0008,1,0.0,438.35,Cash on Delivery,Shipped
O005828,2025-02-07,C00465,P0095,1,0.1,314.3,Cash on Delivery,Processing
O005829,2025-04-17,C01155,P0166,1,0.15,183.8,UPI,Delivered
O005829,2025-04-17,C01155,P0132,1,0.05,144.29,Debit Card,Delivered
O005829,2025-04-17,C01155,P0202,1,0.05,155.8,Net Banking,Delivered
O005830,2024-07-18,C00485,P0072,1,0.05,177.04,UPI,Delivered
O005831,2024-09-14,C00524,P0122,2,0.05,89.99,Cash on Delivery,Delivered
O005832,2024-05-28,C01127,P0040,1,0.1,144.12,Debit Card,Cancelled
O005833,2025-03-01,C00974,P0096,2,0.1,399.94,Cash on Delivery,Delivered
O005834,2024-09-15,C01425,P0035,1,0.1,454.66,Wallet,Delivered
O005835,2025-09-01,C00722,P0110,1,0.15,364.13,UPI,Delivered
O005836,2026-01-02,C00436,P0237,4,0.1,342.52,Debit Card,Cancelled
O005837,2025-10-22,C00267,P0245,2,0.05,194.7,Credit Card,Delivered
O005837,2025-10-22,C00267,P0004,1,0.05,240.45,Net Banking,Delivered
O005837,2025-10-22,C00267,P0017,1,0.15,57.66,Cash on Delivery,Cancelled
O005838,2024-10-24,C01439,P0132,2,0.1,388.23,Cash on Delivery,Delivered
O005839,2025-08-28,C00316,P0233,1,0.1,168.82,Wallet,Processing
O005839,2025-08-28,C00316,P0223,1,0.0,196.05,Debit Card,Delivered
O005840,2024-08-11,C00371,P0141,2,0.1,110.77,Net Banking,Delivered
O005840,2024-08-11,C00371,P0182,1,0.1,277.31,Net Banking,Delivered
O005841,2025-06-26,C00958,P0215,1,0.1,118.52,Credit Card,Delivered
O005842,2025-11-05,C01394,P0051,1,0.15,57.33,Credit Card,Processing
O005843,2025-10-12,C01099,P0016,2,0.15,315.51,Cash on Delivery,Processing
O005844,2025-07-15,C00003,P0194,1,0.05,230.44,Credit Card,Delivered
O005844,2025-07-15,C00003,P0223,1,0.05,318.25,Debit Card,Delivered
O005845,2024-04-10,C00621,P0003,1,0.1,370.31,Net Banking,Delivered
O005845,2024-04-10,C00621,P0166,2,0.1,488.49,UPI,Delivered
O005845,2024-04-10,C00621,P0144,1,0.15,58.63,Wallet,Delivered
O005846,2024-11-22,C01491,P0173,2,0.0,98.38,Debit Card,Delivered
O005846,2024-11-22,C01491,P0096,1,0.2,225.86,Credit Card,Delivered
O005846,2024-11-22,C01491,P0037,1,0.05,221.26,UPI,Delivered
O005847,2024-08-01,C01477,P0052,2,0.05,424.23,UPI,Shipped
O005848,2025-05-18,C00818,P0069,1,0.0,418.99,Debit Card,Delivered
O005848,2025-05-18,C00818,P0231,1,0.05,368.66,Credit Card,Shipped
O005848,2025-05-18,C00818,P0243,1,0.2,233.17,Net Banking,Delivered
O005849,2024-05-25,C01231,P0102,2,0.05,169.63,Net Banking,Delivered
O005849,2024-05-25,C01231,P0169,1,0.1,487.08,Credit Card,Processing
O005850,2024-08-27,C01001,P0158,1,0.1,180.93,Debit Card,Delivered
O005850,2024-08-27,C01001,P0047,3,0.15,193.4,Credit Card,Delivered
O005850,2024-08-27,C01001,P0112,1,0.0,447.89,Wallet,Processing
O005851,2024-11-13,C00943,P0046,1,0.05,243.98,UPI,Processing
O005852,2024-10-27,C00167,P0249,1,0.05,406.17,UPI,Cancelled
O005852,2024-10-27,C00167,P0034,2,0.1,62.86,UPI,Shipped
O005853,2025-02-15,C01252,P0055,1,0.2,275.41,UPI,Delivered
O005854,2025-10-08,C00444,P0202,1,0.15,195.79,UPI,Delivered
O005855,2026-03-20,C00863,P0247,2,0.1,70.31,UPI,Shipped
O005856,2024-10-22,C01412,P0067,1,0.05,150.43,UPI,Delivered
O005856,2024-10-22,C01412,P0095,1,0.15,194.84,Debit Card,Delivered
O005856,2024-10-22,C01412,P0174,1,0.05,163.96,Net Banking,Delivered
O005857,2024-10-27,C01125,P0021,3,0.1,465.85,UPI,Cancelled
O005857,2024-10-27,C01125,P0206,1,0.0,433.99,Credit Card,Delivered
O005857,2024-10-27,C01125,P0024,2,0.1,195.87,Debit Card,Delivered
O005858,2025-03-22,C00566,P0211,2,0.15,71.66,UPI,Shipped
O005858,2025-03-22,C00566,P0183,2,0.05,342.43,Credit Card,Delivered
O005859,2024-04-29,C00088,P0189,2,0.05,484.46,Credit Card,Delivered
O005860,2026-01-16,C00245,P0153,4,0.25,314.52,Credit Card,Processing
O005861,2025-02-23,C00381,P0216,1,0.2,311.51,Debit Card,Delivered
O005861,2025-02-23,C00381,P0022,2,0.2,265.6,Wallet,Delivered
O005861,2025-02-23,C00381,P0116,1,0.05,48.18,Net Banking,Delivered
O005862,2024-04-07,C00965,P0027,1,0.2,133.65,Credit Card,Shipped
O005863,2024-06-28,C00070,P0176,2,0.2,371.6,UPI,Cancelled
O005863,2024-06-28,C00070,P0053,1,0.15,121.01,Credit Card,Shipped
O005864,2025-04-08,C00546,P0115,1,0.05,344.75,Wallet,Cancelled
O005865,2026-01-25,C00147,P0155,1,0.2,134.83,UPI,Delivered
O005865,2026-01-25,C00147,P0054,1,0.15,278.32,Cash on Delivery,Delivered
O005866,2025-02-28,C00268,P0010,1,0.1,372.41,UPI,Delivered
O005866,2025-02-28,C00268,P0196,2,0.1,394.72,Net Banking,Shipped
O005867,2026-01-21,C00689,P0089,1,0.05,35.97,Credit Card,Delivered
O005868,2025-08-06,C00161,P0121,3,0.15,247.79,UPI,Shipped
O005869,2025-04-01,C00410,P0111,1,0.1,350.13,UPI,Delivered
O005869,2025-04-01,C00410,P0015,2,0.05,297.54,Debit Card,Processing
O005870,2024-12-16,C00551,P0142,1,0.15,319.87,Debit Card,Delivered
O005870,2024-12-16,C00551,P0209,1,0.05,228.74,Debit Card,Delivered
O005871,2025-07-14,C00647,P0245,2,0.25,54.71,Net Banking,Delivered
O005871,2025-07-14,C00647,P0214,2,0.1,280.27,Debit Card,Delivered
O005872,2024-11-14,C00687,P0183,1,0.2,379.83,Cash on Delivery,Delivered
O005872,2024-11-14,C00687,P0102,1,0.2,83.92,Credit Card,Delivered
O005873,2026-02-27,C00671,P0004,1,0.15,31.35,UPI,Delivered
O005874,2024-05-14,C00567,P0139,1,0.1,270.81,UPI,Delivered
O005874,2024-05-14,C00567,P0249,2,0.2,229.56,Debit Card,Delivered
O005875,2024-05-18,C00290,P0024,1,0.15,63.95,Wallet,Shipped
O005876,2024-08-19,C00322,P0239,1,0.15,234.13,Cash on Delivery,Cancelled
O005877,2024-10-16,C01061,P0034,4,0.15,196.0,Net Banking,Cancelled
O005877,2024-10-16,C01061,P0161,3,0.15,69.83,Debit Card,Delivered
O005878,2024-09-14,C00189,P0076,1,0.25,360.99,Credit Card,Delivered
O005878,2024-09-14,C00189,P0185,1,0.0,194.53,UPI,Shipped
O005879,2025-11-27,C00562,P0009,1,0.0,161.45,Credit Card,Delivered
O005880,2025-09-20,C00698,P0009,1,0.1,426.09,Cash on Delivery,Delivered
O005881,2024-08-21,C00213,P0159,2,0.2,149.55,Credit Card,Shipped
O005882,2024-09-26,C00872,P0026,1,0.1,465.34,Credit Card,Processing
O005883,2025-01-20,C01343,P0105,2,0.1,86.11,Debit Card,Delivered
O005884,2024-08-31,C01165,P0139,1,0.2,97.07,UPI,Delivered
O005885,2024-06-03,C00208,P0057,1,0.1,320.37,Credit Card,Delivered
O005886,2024-07-05,C00735,P0156,1,0.05,194.9,Cash on Delivery,Delivered
O005887,2025-06-29,C00206,P0181,4,0.1,240.66,Credit Card,Delivered
O005888,2025-06-22,C00806,P0098,2,0.2,337.17,Debit Card,Processing
O005889,2025-03-13,C00308,P0136,3,0.15,230.66,Credit Card,Delivered
O005890,2024-04-09,C00939,P0035,1,0.1,35.53,UPI,Cancelled
O005891,2025-09-06,C00460,P0117,1,0.0,110.72,Credit Card,Delivered
O005892,2024-09-10,C01127,P0176,2,0.1,123.21,UPI,Delivered
O005893,2026-02-02,C00576,P0067,1,0.2,59.91,Net Banking,Processing
O005894,2026-03-09,C01488,P0017,1,0.05,448.05,Credit Card,Shipped
O005895,2026-01-18,C00750,P0047,1,0.1,383.67,Credit Card,Shipped
O005896,2026-01-10,C01391,P0110,2,0.05,437.1,UPI,Delivered
O005896,2026-01-10,C01391,P0194,1,0.15,292.11,UPI,Cancelled
O005897,2024-09-29,C01411,P0229,1,0.15,41.44,UPI,Processing
O005898,2024-10-15,C00432,P0015,1,0.05,453.49,Credit Card,Delivered
O005898,2024-10-15,C00432,P0148,1,0.15,104.86,UPI,Delivered
O005899,2024-11-21,C01450,P0105,1,0.1,383.68,Cash on Delivery,Delivered
O005900,2026-02-01,C00021,P0240,4,0.05,40.19,Debit Card,Processing
O005901,2025-06-09,C00109,P0163,2,0.15,319.47,Net Banking,Delivered
O005902,2024-05-30,C01095,P0176,1,0.0,331.62,UPI,Delivered
O005902,2024-05-30,C01095,P0025,1,0.3,292.82,UPI,Delivered
O005903,2025-02-08,C00969,P0196,4,0.1,123.16,UPI,Delivered
O005904,2025-02-14,C00158,P0067,1,0.1,425.82,Debit Card,Delivered
O005904,2025-02-14,C00158,P0061,1,0.25,305.5,UPI,Cancelled
O005905,2025-05-09,C00633,P0086,2,0.05,259.49,Debit Card,Delivered
O005905,2025-05-09,C00633,P0062,2,0.1,200.04,UPI,Delivered
O005906,2025-02-01,C00534,P0085,1,0.1,274.64,Wallet,Cancelled
O005906,2025-02-01,C00534,P0107,1,0.0,91.18,UPI,Delivered
O005907,2025-10-21,C01319,P0177,1,0.15,294.39,Debit Card,Processing
O005907,2025-10-21,C01319,P0158,2,0.05,486.69,Debit Card,Delivered
O005908,2026-02-11,C00669,P0221,3,0.15,334.34,Cash on Delivery,Delivered
O005909,2025-02-21,C00034,P0096,1,0.1,60.01,UPI,Shipped
O005910,2024-10-19,C00048,P0013,1,0.25,271.82,Debit Card,Delivered
O005911,2026-02-02,C01031,P0151,1,0.1,87.83,UPI,Delivered
O005912,2026-01-20,C00329,P0029,1,0.0,283.52,Cash on Delivery,Shipped
O005913,2025-06-10,C00686,P0222,2,0.1,437.96,Credit Card,Cancelled
O005914,2025-11-05,C01228,P0072,1,0.15,169.9,Debit Card,Delivered
O005915,2025-10-10,C00972,P0237,1,0.1,381.7,Net Banking,Delivered
O005915,2025-10-10,C00972,P0153,1,0.05,431.47,Credit Card,Delivered
O005916,2025-12-09,C00914,P0115,1,0.2,138.03,Credit Card,Delivered
O005916,2025-12-09,C00914,P0133,1,0.2,432.36,Credit Card,Delivered
O005916,2025-12-09,C00914,P0158,1,0.1,221.1,Wallet,Shipped
O005917,2025-06-30,C00378,P0001,1,0.05,248.73,UPI,Cancelled
O005918,2026-01-30,C00108,P0040,1,0.0,187.52,Credit Card,Shipped
O005919,2024-08-21,C00280,P0160,2,0.15,483.33,Wallet,Delivered
O005920,2026-03-03,C00331,P0027,1,0.1,315.87,Credit Card,Shipped
O005921,2024-08-24,C00277,P0153,1,0.0,495.96,Net Banking,Delivered
O005921,2024-08-24,C00277,P0102,3,0.2,277.44,Credit Card,Delivered
O005922,2024-05-04,C00708,P0025,1,0.1,288.64,UPI,Delivered
O005922,2024-05-04,C00708,P0033,1,0.15,207.98,UPI,Delivered
O005923,2026-03-19,C01386,P0233,2,0.05,496.02,Debit Card,Processing
O005924,2025-06-26,C00757,P0069,1,0.05,279.43,Wallet,Delivered
O005925,2024-09-21,C00986,P0235,2,0.2,142.47,Debit Card,Delivered
O005926,2025-01-11,C01079,P0026,3,0.0,421.27,Net Banking,Shipped
O005926,2025-01-11,C01079,P0152,1,0.0,230.15,Wallet,Cancelled
O005927,2024-04-20,C00999,P0065,3,0.25,325.37,Net Banking,Shipped
O005927,2024-04-20,C00999,P0079,1,0.1,153.71,Credit Card,Delivered
O005927,2024-04-20,C00999,P0144,1,0.25,119.13,Net Banking,Delivered
O005928,2024-12-31,C00191,P0008,2,0.25,474.35,Wallet,Shipped
O005928,2024-12-31,C00191,P0184,1,0.1,463.49,Credit Card,Delivered
O005929,2024-04-02,C00695,P0167,1,0.05,226.15,Debit Card,Delivered
O005929,2024-04-02,C00695,P0076,1,0.15,160.41,Credit Card,Delivered
O005930,2024-09-30,C00228,P0143,1,0.05,453.2,Credit Card,Delivered
O005931,2025-02-08,C00161,P0240,2,0.05,234.96,UPI,Delivered
O005931,2025-02-08,C00161,P0008,1,0.2,454.2,Credit Card,Shipped
O005932,2025-02-21,C00470,P0126,1,0.1,32.61,UPI,Shipped
O005933,2025-10-23,C01244,P0082,2,0.1,403.36,Credit Card,Delivered
O005934,2025-05-27,C01340,P0051,1,0.1,195.87,Cash on Delivery,Delivered
O005935,2025-09-28,C00518,P0191,3,0.15,241.29,Debit Card,Shipped
O005936,2026-02-04,C00134,P0180,3,0.0,246.32,Cash on Delivery,Cancelled
O005937,2026-01-16,C00760,P0110,2,0.2,258.13,UPI,Shipped
O005937,2026-01-16,C00760,P0229,1,0.0,424.36,Debit Card,Shipped
O005938,2025-10-06,C00653,P0134,1,0.0,418.23,UPI,Processing
O005939,2025-11-18,C01345,P0151,1,0.1,113.63,Wallet,Shipped
O005940,2024-10-14,C00167,P0115,1,0.15,33.27,Debit Card,Delivered
O005941,2025-09-19,C00763,P0154,3,0.1,362.85,Credit Card,Processing
O005941,2025-09-19,C00763,P0239,1,0.1,253.98,Debit Card,Processing
O005942,2024-12-16,C01089,P0191,1,0.2,48.37,Wallet,Cancelled
O005943,2025-10-20,C00015,P0213,1,0.1,350.56,Credit Card,Shipped
O005944,2024-10-01,C00877,P0090,1,0.2,167.8,Cash on Delivery,Cancelled
O005945,2024-08-13,C00089,P0126,1,0.05,165.73,Credit Card,Processing
O005946,2025-07-09,C01232,P0086,2,0.15,176.31,Credit Card,Shipped
O005947,2025-11-18,C01049,P0146,4,0.05,262.41,Cash on Delivery,Delivered
O005947,2025-11-18,C01049,P0008,3,0.0,365.49,Wallet,Delivered
O005948,2025-02-04,C00345,P0168,3,0.1,203.67,Debit Card,Processing
O005949,2025-08-13,C00486,P0247,1,0.15,324.61,UPI,Processing
O005950,2024-12-03,C00797,P0121,1,0.1,170.21,UPI,Delivered
O005951,2024-11-28,C01202,P0165,1,0.05,326.96,Credit Card,Shipped
O005951,2024-11-28,C01202,P0070,1,0.1,74.6,UPI,Delivered
O005952,2026-02-18,C00061,P0094,1,0.1,409.16,UPI,Delivered
O005953,2025-11-10,C00964,P0090,2,0.2,393.19,Net Banking,Delivered
O005953,2025-11-10,C00964,P0229,3,0.15,229.49,UPI,Delivered
O005954,2024-09-28,C00359,P0216,1,0.1,317.7,UPI,Delivered
O005955,2024-10-30,C00169,P0144,1,0.0,160.35,Debit Card,Delivered
O005955,2024-10-30,C00169,P0138,1,0.2,341.33,Cash on Delivery,Delivered
O005956,2025-01-06,C00840,P0086,1,0.05,485.55,UPI,Delivered
O005957,2026-03-02,C00286,P0127,2,0.2,488.69,UPI,Cancelled
O005957,2026-03-02,C00286,P0136,1,0.1,325.18,Debit Card,Processing
O005958,2024-06-02,C00783,P0154,1,0.1,381.18,UPI,Shipped
O005959,2025-07-10,C00467,P0086,2,0.3,478.2,UPI,Delivered
O005960,2025-12-11,C00396,P0193,1,0.05,422.9,Net Banking,Processing
O005961,2025-01-16,C01236,P0049,1,0.1,238.66,Credit Card,Processing
O005961,2025-01-16,C01236,P0180,1,0.1,30.8,Credit Card,Delivered
O005962,2025-11-04,C00322,P0029,1,0.15,485.72,Debit Card,Shipped
O005963,2024-07-07,C00316,P0158,4,0.3,393.94,Cash on Delivery,Cancelled
O005963,2024-07-07,C00316,P0159,2,0.2,395.21,Debit Card,Processing
O005964,2026-02-11,C00673,P0128,1,0.15,396.24,UPI,Delivered
O005964,2026-02-11,C00673,P0211,1,0.1,191.34,Credit Card,Processing
O005964,2026-02-11,C00673,P0145,1,0.1,333.71,UPI,Delivered
O005965,2025-07-31,C01176,P0193,1,0.15,196.2,UPI,Delivered
O005966,2025-02-06,C00239,P0106,1,0.1,111.37,UPI,Cancelled
O005966,2025-02-06,C00239,P0018,1,0.0,359.61,UPI,Delivered
O005966,2025-02-06,C00239,P0065,1,0.15,460.19,UPI,Processing
O005967,2024-04-23,C00318,P0079,1,0.0,35.69,Credit Card,Delivered
O005968,2024-05-09,C00793,P0041,1,0.15,196.01,Cash on Delivery,Shipped
O005969,2025-06-22,C00154,P0003,2,0.1,44.16,UPI,Delivered
O005970,2026-03-26,C00716,P0126,2,0.1,196.59,Credit Card,Delivered
O005971,2024-07-13,C00235,P0215,1,0.15,398.31,Credit Card,Delivered
O005972,2025-01-08,C01137,P0037,1,0.1,387.98,Cash on Delivery,Delivered
O005973,2025-03-03,C00300,P0073,1,0.15,384.68,UPI,Delivered
O005974,2026-02-09,C00764,P0080,1,0.15,422.31,Credit Card,Shipped
O005975,2025-06-13,C00442,P0008,1,0.0,198.79,Cash on Delivery,Delivered
O005975,2025-06-13,C00442,P0100,3,0.15,124.78,UPI,Delivered
O005976,2025-05-28,C00215,P0139,1,0.15,248.1,Net Banking,Delivered
O005977,2024-06-24,C01420,P0077,1,0.1,101.55,UPI,Shipped
O005978,2025-03-03,C00417,P0003,1,0.3,258.9,UPI,Delivered
O005979,2025-05-03,C00383,P0173,2,0.0,156.85,UPI,Processing
O005980,2025-11-20,C00679,P0017,1,0.0,436.95,Wallet,Cancelled
O005981,2025-07-22,C01461,P0021,1,0.0,247.83,Credit Card,Delivered
O005982,2025-10-31,C01150,P0226,1,0.15,139.13,UPI,Cancelled
O005982,2025-10-31,C01150,P0050,1,0.1,377.13,UPI,Shipped
O005983,2026-03-28,C01260,P0167,4,0.05,393.02,Debit Card,Shipped
O005983,2026-03-28,C01260,P0004,1,0.3,134.95,UPI,Delivered
O005984,2024-05-29,C00165,P0247,1,0.1,177.71,UPI,Cancelled
O005984,2024-05-29,C00165,P0041,1,0.05,395.29,Net Banking,Delivered
O005985,2025-10-09,C01418,P0120,1,0.1,425.22,Debit Card,Processing
O005985,2025-10-09,C01418,P0146,1,0.15,302.75,Credit Card,Processing
O005985,2025-10-09,C01418,P0172,1,0.0,128.24,UPI,Processing
O005986,2025-10-06,C00255,P0037,2,0.1,285.42,Cash on Delivery,Delivered
O005987,2024-10-22,C01094,P0104,1,0.3,163.32,UPI,Delivered
O005988,2025-08-10,C00779,P0215,1,0.0,353.41,Debit Card,Shipped
O005989,2024-11-03,C01220,P0094,3,0.3,400.84,Credit Card,Delivered
O005990,2025-03-16,C01379,P0235,1,0.25,464.76,UPI,Cancelled
O005991,2024-11-03,C00863,P0108,1,0.1,246.48,Credit Card,Delivered
O005992,2026-02-16,C01176,P0016,1,0.1,141.62,UPI,Delivered
O005993,2025-01-06,C01221,P0158,1,0.2,352.75,Cash on Delivery,Delivered
O005993,2025-01-06,C01221,P0005,1,0.1,454.98,UPI,Delivered
O005994,2025-05-31,C00793,P0202,3,0.0,73.01,Cash on Delivery,Delivered
O005995,2025-12-04,C00371,P0237,1,0.25,392.82,UPI,Delivered
O005995,2025-12-04,C00371,P0188,4,0.1,27.1,Credit Card,Delivered
O005996,2024-07-20,C00843,P0020,4,0.1,231.28,Debit Card,Delivered
O005996,2024-07-20,C00843,P0027,1,0.2,455.99,Debit Card,Shipped
O005997,2025-06-28,C00437,P0179,1,0.15,463.17,UPI,Delivered
O005997,2025-06-28,C00437,P0249,1,0.1,351.25,UPI,Processing
O005998,2025-01-25,C00514,P0228,4,0.05,74.06,Debit Card,Shipped
O005999,2025-11-06,C01073,P0138,3,0.0,311.35,UPI,Processing
O006000,2024-07-02,C00942,P0162,1,0.1,419.99,Debit Card,Delivered
O006001,2025-07-16,C00306,P0094,1,0.15,116.71,Credit Card,Cancelled
O006001,2025-07-16,C00306,P0035,2,0.2,38.84,Net Banking,Cancelled
O006002,2025-03-25,C00745,P0047,1,0.25,402.54,Debit Card,Delivered
O006003,2024-06-28,C01303,P0168,1,0.1,228.75,Cash on Delivery,Shipped
O006003,2024-06-28,C01303,P0023,1,0.0,258.01,Cash on Delivery,Processing
O006004,2025-02-19,C01490,P0200,3,0.1,434.73,Debit Card,Delivered
O006004,2025-02-19,C01490,P0101,1,0.1,104.44,Debit Card,Cancelled
O006005,2024-05-01,C00947,P0060,4,0.15,453.32,UPI,Cancelled
O006006,2024-07-06,C00682,P0033,1,0.05,416.25,Credit Card,Delivered
O006007,2024-06-22,C00761,P0158,1,0.1,102.49,Wallet,Shipped
O006008,2025-06-18,C00547,P0210,1,0.1,181.81,UPI,Shipped
O006009,2025-02-19,C00517,P0158,1,0.1,137.16,UPI,Shipped
O006009,2025-02-19,C00517,P0178,3,0.0,351.36,UPI,Delivered
O006010,2025-09-23,C01025,P0194,2,0.25,161.21,UPI,Delivered
O006011,2025-04-14,C00005,P0215,1,0.25,455.2,Cash on Delivery,Delivered
O006012,2024-10-16,C00005,P0138,2,0.05,215.79,UPI,Shipped
O006013,2024-11-09,C01149,P0119,1,0.3,343.18,Wallet,Cancelled
O006013,2024-11-09,C01149,P0076,2,0.3,26.39,Cash on Delivery,Delivered
O006013,2024-11-09,C01149,P0035,2,0.15,160.46,Debit Card,Delivered
O006014,2025-07-09,C00185,P0125,1,0.15,343.15,Debit Card,Cancelled
O006015,2025-09-18,C00338,P0114,1,0.0,404.62,UPI,Delivered
O006015,2025-09-18,C00338,P0169,1,0.3,461.47,UPI,Delivered
O006016,2025-09-22,C00976,P0016,1,0.25,446.05,Cash on Delivery,Delivered
O006017,2026-01-03,C00803,P0155,1,0.0,356.82,UPI,Delivered
O006018,2024-08-15,C00026,P0079,3,0.1,398.37,UPI,Shipped
O006019,2026-02-03,C00470,P0035,2,0.3,39.48,Debit Card,Delivered
O006020,2025-09-20,C00011,P0185,4,0.05,363.21,Wallet,Cancelled
O006020,2025-09-20,C00011,P0024,1,0.2,317.04,Cash on Delivery,Delivered
O006020,2025-09-20,C00011,P0043,1,0.1,163.68,Debit Card,Delivered
O006021,2024-08-04,C00333,P0219,1,0.25,80.49,UPI,Delivered
O006022,2026-02-21,C00310,P0201,2,0.15,80.2,Debit Card,Delivered
O006023,2026-01-12,C00941,P0237,2,0.15,313.15,Credit Card,Cancelled
O006024,2025-01-15,C00576,P0066,2,0.0,62.96,Credit Card,Shipped
O006024,2025-01-15,C00576,P0045,1,0.1,200.43,Debit Card,Delivered
O006025,2024-05-27,C00911,P0005,2,0.05,430.32,Debit Card,Processing
O006026,2024-12-08,C01321,P0019,1,0.05,333.53,UPI,Delivered
O006027,2024-05-01,C00024,P0246,1,0.25,184.59,Debit Card,Processing
O006028,2025-06-19,C00342,P0044,2,0.0,369.35,Debit Card,Processing
O006029,2025-02-08,C00923,P0036,3,0.1,300.67,Debit Card,Delivered
O006029,2025-02-08,C00923,P0180,1,0.0,220.6,Net Banking,Delivered
O006029,2025-02-08,C00923,P0154,2,0.05,382.51,Net Banking,Delivered
O006030,2025-08-23,C01190,P0087,2,0.05,473.63,Debit Card,Delivered
O006031,2025-11-10,C00420,P0109,1,0.2,372.09,Credit Card,Delivered
O006032,2024-08-29,C00083,P0160,1,0.05,132.66,Debit Card,Shipped
O006033,2024-09-25,C01247,P0156,1,0.15,431.59,Credit Card,Cancelled
O006034,2025-01-04,C00227,P0090,2,0.1,89.29,Credit Card,Delivered
O006035,2025-02-02,C00944,P0093,2,0.1,303.52,Cash on Delivery,Processing
O006036,2025-02-26,C01296,P0218,1,0.0,151.41,Net Banking,Cancelled
O006037,2024-06-26,C00760,P0240,1,0.15,429.65,Credit Card,Delivered
O006037,2024-06-26,C00760,P0195,1,0.25,438.71,UPI,Delivered
O006038,2025-01-10,C01326,P0204,1,0.25,185.44,UPI,Processing
O006039,2024-06-30,C01196,P0124,2,0.2,459.57,UPI,Shipped
O006040,2025-09-06,C01032,P0146,1,0.1,368.76,Debit Card,Delivered
O006041,2025-01-07,C01410,P0022,1,0.1,237.17,UPI,Delivered
O006041,2025-01-07,C01410,P0142,1,0.1,340.67,Debit Card,Delivered
O006042,2024-05-17,C00096,P0228,1,0.2,295.7,UPI,Delivered
O006042,2024-05-17,C00096,P0127,2,0.2,127.11,Debit Card,Shipped
O006043,2024-08-04,C01380,P0054,4,0.1,315.36,UPI,Cancelled
O006044,2025-06-15,C00309,P0138,1,0.2,353.46,Debit Card,Cancelled
O006045,2025-09-27,C01381,P0177,2,0.1,201.02,Credit Card,Delivered
O006046,2024-10-04,C01421,P0105,1,0.25,486.38,UPI,Processing
O006047,2025-07-26,C00287,P0007,1,0.1,195.58,Credit Card,Delivered
O006048,2026-03-11,C01419,P0169,1,0.05,326.24,Credit Card,Delivered
O006048,2026-03-11,C01419,P0081,1,0.1,345.53,Credit Card,Delivered
O006049,2025-06-15,C00807,P0045,1,0.15,205.24,Credit Card,Delivered
O006050,2025-02-11,C00184,P0161,1,0.1,322.23,Credit Card,Processing
O006050,2025-02-11,C00184,P0193,1,0.1,315.35,Credit Card,Delivered
O006050,2025-02-11,C00184,P0006,1,0.1,472.05,Credit Card,Delivered
O006051,2025-09-08,C00517,P0050,1,0.2,375.23,UPI,Delivered
O006052,2024-12-16,C00709,P0232,1,0.1,357.02,Cash on Delivery,Delivered
O006053,2025-09-02,C00841,P0057,3,0.0,75.49,Cash on Delivery,Delivered
O006054,2024-12-14,C00177,P0089,1,0.1,320.46,Credit Card,Delivered
O006055,2025-08-25,C01498,P0092,1,0.05,28.98,UPI,Cancelled
O006056,2024-09-07,C01295,P0165,1,0.0,477.81,Credit Card,Delivered
O006057,2024-10-02,C00361,P0107,3,0.25,469.78,UPI,Delivered
O006057,2024-10-02,C00361,P0029,1,0.15,349.24,Net Banking,Delivered
O006058,2024-09-26,C00381,P0222,2,0.05,445.44,Credit Card,Cancelled
O006059,2024-04-30,C00763,P0104,1,0.1,221.82,UPI,Delivered
O006059,2024-04-30,C00763,P0227,1,0.2,431.18,Wallet,Delivered
O006060,2024-08-31,C00936,P0126,3,0.1,467.13,Net Banking,Cancelled
O006060,2024-08-31,C00936,P0150,1,0.15,299.0,Cash on Delivery,Delivered
O006060,2024-08-31,C00936,P0201,1,0.05,450.33,Net Banking,Delivered
O006061,2026-03-09,C01254,P0041,1,0.2,211.95,Debit Card,Delivered
O006062,2025-04-05,C01465,P0133,1,0.1,156.55,Debit Card,Delivered
O006063,2024-10-31,C00883,P0007,1,0.05,234.07,Net Banking,Delivered
O006063,2024-10-31,C00883,P0092,1,0.2,154.89,Debit Card,Shipped
O006064,2025-07-10,C00089,P0063,1,0.05,190.89,Net Banking,Processing
O006065,2024-08-08,C01336,P0119,2,0.0,381.73,UPI,Delivered
O006066,2026-01-17,C00535,P0226,1,0.0,484.14,Credit Card,Shipped
O006067,2026-03-23,C00355,P0204,1,0.05,237.79,UPI,Shipped
O006068,2024-12-24,C01391,P0118,1,0.0,277.77,Debit Card,Delivered
O006068,2024-12-24,C01391,P0071,2,0.1,399.9,Debit Card,Shipped
O006068,2024-12-24,C01391,P0245,3,0.15,39.03,UPI,Delivered
O006069,2024-04-08,C00437,P0067,2,0.05,151.15,Net Banking,Delivered
O006069,2024-04-08,C00437,P0202,1,0.05,248.37,Wallet,Delivered
O006070,2025-10-03,C00925,P0196,1,0.2,81.03,Debit Card,Delivered
O006071,2025-11-26,C00944,P0092,1,0.05,361.42,UPI,Delivered
O006072,2024-05-27,C01218,P0223,1,0.1,363.1,Credit Card,Delivered
O006072,2024-05-27,C01218,P0121,1,0.15,282.52,UPI,Processing
O006072,2024-05-27,C01218,P0115,2,0.0,316.57,UPI,Delivered
O006073,2025-01-02,C01129,P0213,1,0.2,249.4,Debit Card,Delivered
O006073,2025-01-02,C01129,P0177,2,0.15,351.05,Credit Card,Delivered
O006074,2025-06-08,C01211,P0231,1,0.15,493.67,UPI,Delivered
O006074,2025-06-08,C01211,P0202,1,0.1,372.45,Debit Card,Delivered
O006075,2026-03-12,C00941,P0127,2,0.1,423.83,Debit Card,Processing
O006075,2026-03-12,C00941,P0215,2,0.2,34.83,Net Banking,Delivered
O006076,2025-05-06,C00481,P0180,1,0.15,301.6,Debit Card,Delivered
O006077,2025-12-03,C00455,P0150,1,0.1,432.26,Debit Card,Delivered
O006078,2025-08-06,C00708,P0124,1,0.1,165.59,Credit Card,Delivered
O006079,2025-02-18,C00903,P0171,2,0.05,112.26,Credit Card,Delivered
O006080,2024-04-12,C00437,P0080,1,0.0,320.54,Debit Card,Cancelled
O006081,2025-11-29,C00419,P0130,2,0.05,40.27,Debit Card,Processing
O006082,2025-10-16,C00516,P0050,2,0.2,251.35,Debit Card,Cancelled
O006083,2025-08-21,C00482,P0077,1,0.15,315.98,Net Banking,Cancelled
O006084,2025-04-10,C01151,P0092,2,0.0,363.18,Debit Card,Processing
O006085,2024-11-29,C00388,P0031,1,0.1,30.62,Debit Card,Processing
O006086,2024-07-24,C00820,P0187,1,0.05,175.74,Debit Card,Delivered
O006087,2024-05-12,C00044,P0009,2,0.25,497.58,Cash on Delivery,Delivered
O006087,2024-05-12,C00044,P0041,1,0.1,305.93,UPI,Cancelled
O006088,2024-10-23,C00537,P0061,1,0.15,342.95,UPI,Delivered
O006089,2024-07-15,C00065,P0235,1,0.05,211.58,UPI,Delivered
O006090,2025-11-07,C00224,P0154,2,0.0,72.41,UPI,Delivered
O006091,2026-03-06,C00980,P0135,1,0.1,218.76,Debit Card,Cancelled
O006091,2026-03-06,C00980,P0222,2,0.1,486.91,Net Banking,Shipped
O006092,2026-03-08,C01433,P0133,1,0.15,87.22,Net Banking,Processing
O006093,2025-08-03,C00658,P0205,2,0.15,317.78,Credit Card,Delivered
O006094,2026-03-22,C01331,P0094,2,0.05,311.61,Credit Card,Processing
O006095,2026-02-20,C01079,P0202,2,0.05,45.41,UPI,Cancelled
O006096,2026-01-14,C01148,P0142,2,0.05,462.93,UPI,Shipped
O006096,2026-01-14,C01148,P0046,1,0.1,27.77,Credit Card,Delivered
O006097,2026-03-14,C01260,P0047,1,0.15,72.77,Credit Card,Delivered
O006098,2025-12-30,C00369,P0101,1,0.1,26.74,Debit Card,Processing
O006099,2024-07-06,C00211,P0176,1,0.1,188.16,Credit Card,Delivered
O006100,2025-03-02,C00281,P0138,1,0.1,342.19,Net Banking,Delivered
O006101,2025-12-02,C00561,P0070,3,0.15,396.23,Net Banking,Delivered
O006102,2025-06-07,C00432,P0006,2,0.15,315.17,Debit Card,Delivered
O006103,2024-05-26,C01482,P0183,1,0.15,198.19,Debit Card,Processing
O006103,2024-05-26,C01482,P0210,1,0.0,434.54,UPI,Delivered
O006104,2025-07-04,C00992,P0225,4,0.15,124.55,UPI,Cancelled
O006105,2025-04-21,C00497,P0181,1,0.25,301.5,Credit Card,Cancelled
O006106,2026-03-19,C01170,P0008,1,0.05,372.38,Cash on Delivery,Processing
O006106,2026-03-19,C01170,P0032,2,0.2,268.57,UPI,Processing
O006106,2026-03-19,C01170,P0127,1,0.0,384.33,Credit Card,Processing
O006107,2025-01-13,C00524,P0248,1,0.2,322.87,UPI,Delivered
O006108,2025-01-05,C00527,P0169,1,0.05,249.1,UPI,Delivered
O006108,2025-01-05,C00527,P0157,1,0.05,320.19,Cash on Delivery,Delivered
O006109,2026-02-02,C01120,P0025,3,0.15,144.73,Credit Card,Cancelled
O006110,2024-09-10,C00297,P0101,1,0.2,262.57,UPI,Delivered
O006110,2024-09-10,C00297,P0173,1,0.2,289.01,Debit Card,Shipped
O006111,2024-09-24,C01475,P0054,2,0.1,476.64,Cash on Delivery,Delivered
O006112,2024-11-21,C00942,P0100,1,0.15,260.79,Cash on Delivery,Cancelled
O006113,2025-07-11,C00126,P0033,1,0.1,185.78,UPI,Processing
O006114,2024-12-24,C00955,P0081,1,0.05,253.87,Credit Card,Delivered
O006115,2024-04-15,C00805,P0127,1,0.25,494.69,Credit Card,Delivered
O006115,2024-04-15,C00805,P0186,1,0.3,261.38,UPI,Shipped
O006116,2024-12-27,C00460,P0058,2,0.0,425.29,Debit Card,Delivered
O006116,2024-12-27,C00460,P0091,4,0.0,183.77,Wallet,Delivered
O006116,2024-12-27,C00460,P0237,2,0.0,416.26,Debit Card,Shipped
O006117,2024-11-28,C00192,P0232,2,0.1,428.99,Cash on Delivery,Delivered
O006118,2024-10-18,C01317,P0193,1,0.05,93.53,Credit Card,Delivered
O006119,2025-11-02,C01060,P0081,2,0.3,63.36,Debit Card,Delivered
O006120,2024-06-19,C01004,P0097,1,0.15,101.74,UPI,Shipped
O006121,2024-12-15,C01127,P0177,1,0.0,424.95,Net Banking,Delivered
O006122,2025-11-03,C00394,P0175,1,0.0,448.7,Credit Card,Processing
O006123,2024-12-24,C01477,P0247,1,0.25,421.97,Net Banking,Delivered
O006123,2024-12-24,C01477,P0001,1,0.3,145.39,Net Banking,Delivered
O006124,2025-09-19,C00022,P0110,1,0.0,262.05,UPI,Cancelled
O006124,2025-09-19,C00022,P0062,1,0.05,329.29,Credit Card,Delivered
O006125,2024-06-04,C00919,P0205,1,0.05,28.35,Debit Card,Processing
O006125,2024-06-04,C00919,P0153,1,0.05,86.54,Wallet,Delivered
O006126,2024-06-18,C00686,P0163,1,0.05,65.01,Net Banking,Cancelled
O006127,2026-01-01,C01417,P0152,1,0.1,146.02,UPI,Delivered
O006127,2026-01-01,C01417,P0226,1,0.0,438.28,Credit Card,Delivered
O006128,2025-10-14,C01092,P0010,1,0.05,312.6,UPI,Processing
O006129,2025-02-16,C01242,P0146,2,0.15,54.87,Net Banking,Processing
O006129,2025-02-16,C01242,P0138,1,0.15,434.3,Credit Card,Delivered
O006130,2024-09-19,C00852,P0183,1,0.0,197.31,Net Banking,Processing
O006131,2024-05-02,C00813,P0019,2,0.05,263.06,UPI,Cancelled
O006132,2026-03-04,C00435,P0050,1,0.05,353.47,Wallet,Processing
O006133,2025-05-30,C01294,P0014,1,0.05,351.23,Credit Card,Delivered
O006134,2025-01-22,C00054,P0011,2,0.1,257.99,Wallet,Delivered
O006135,2024-05-29,C00908,P0155,1,0.1,327.76,Cash on Delivery,Cancelled
O006136,2026-03-25,C00637,P0216,2,0.2,293.39,UPI,Delivered
O006137,2025-09-25,C00425,P0082,1,0.1,100.44,Wallet,Processing
O006138,2025-03-14,C00758,P0164,2,0.05,68.07,Net Banking,Processing
O006139,2025-04-04,C00309,P0151,1,0.1,76.75,UPI,Delivered
O006140,2024-11-18,C00237,P0069,1,0.2,327.83,Credit Card,Delivered
O006140,2024-11-18,C00237,P0228,1,0.05,119.94,Cash on Delivery,Delivered
O006141,2026-02-12,C00482,P0072,1,0.15,196.19,Net Banking,Shipped
O006142,2024-12-09,C00972,P0230,1,0.0,176.07,UPI,Delivered
O006143,2025-07-04,C00674,P0033,1,0.1,334.65,Cash on Delivery,Delivered
O006143,2025-07-04,C00674,P0031,1,0.1,421.76,Net Banking,Delivered
O006144,2025-01-22,C01270,P0121,1,0.0,179.77,Credit Card,Processing
O006145,2025-07-20,C00152,P0164,1,0.1,282.42,Cash on Delivery,Delivered
O006146,2024-09-19,C00543,P0126,1,0.05,402.02,Wallet,Delivered
O006147,2025-06-16,C01371,P0209,1,0.05,280.53,Debit Card,Delivered
O006148,2024-07-24,C00986,P0135,1,0.1,117.12,UPI,Shipped
O006148,2024-07-24,C00986,P0141,2,0.0,231.86,Cash on Delivery,Delivered
O006148,2024-07-24,C00986,P0175,3,0.05,160.94,UPI,Delivered
O006149,2025-06-16,C01274,P0188,1,0.0,297.04,Wallet,Delivered
O006150,2024-06-13,C01263,P0028,2,0.0,34.59,UPI,Delivered
O006151,2024-07-30,C00694,P0212,1,0.0,268.84,Debit Card,Shipped
O006152,2025-01-28,C01483,P0147,3,0.1,461.42,Credit Card,Delivered
O006152,2025-01-28,C01483,P0167,3,0.1,459.96,UPI,Delivered
O006153,2025-03-17,C00777,P0119,1,0.05,209.0,Net Banking,Shipped
O006154,2024-06-20,C00808,P0123,3,0.05,486.52,Net Banking,Delivered
O006154,2024-06-20,C00808,P0196,1,0.0,287.68,Debit Card,Delivered
O006155,2025-10-30,C00451,P0134,1,0.1,330.36,UPI,Shipped
O006155,2025-10-30,C00451,P0018,1,0.2,47.26,UPI,Shipped
O006156,2025-02-23,C00923,P0081,1,0.1,387.97,Credit Card,Delivered
O006157,2025-03-19,C00656,P0024,1,0.1,187.63,Wallet,Delivered
O006158,2024-06-21,C00119,P0029,1,0.05,37.35,Cash on Delivery,Processing
O006158,2024-06-21,C00119,P0089,1,0.15,119.42,UPI,Cancelled
O006159,2024-04-06,C00080,P0147,1,0.1,161.28,Credit Card,Processing
O006160,2024-08-23,C00039,P0152,1,0.05,283.57,Debit Card,Delivered
O006160,2024-08-23,C00039,P0059,1,0.25,124.36,Credit Card,Delivered
O006161,2025-08-18,C00934,P0150,2,0.2,379.22,Cash on Delivery,Delivered
O006161,2025-08-18,C00934,P0146,1,0.05,113.15,Cash on Delivery,Delivered
O006161,2025-08-18,C00934,P0217,1,0.25,126.06,Net Banking,Processing
O006162,2025-07-22,C00734,P0154,1,0.05,47.65,UPI,Delivered
O006163,2024-08-18,C00532,P0003,2,0.0,170.69,Debit Card,Shipped
O006163,2024-08-18,C00532,P0197,2,0.2,392.29,UPI,Delivered
O006164,2024-08-28,C01206,P0126,1,0.05,100.79,Credit Card,Processing
O006165,2025-09-17,C01218,P0120,2,0.15,123.03,UPI,Cancelled
O006165,2025-09-17,C01218,P0119,1,0.2,182.69,Credit Card,Delivered
O006165,2025-09-17,C01218,P0219,1,0.15,227.69,Credit Card,Delivered
O006166,2025-10-29,C00702,P0199,1,0.1,378.09,UPI,Delivered
O006167,2025-08-15,C00494,P0239,3,0.1,164.0,Net Banking,Cancelled
O006167,2025-08-15,C00494,P0069,1,0.0,25.86,Wallet,Cancelled
O006168,2025-08-24,C01194,P0021,2,0.15,488.6,Debit Card,Cancelled
O006168,2025-08-24,C01194,P0232,1,0.05,88.93,Credit Card,Shipped
O006168,2025-08-24,C01194,P0160,1,0.15,234.59,UPI,Delivered
O006169,2024-04-11,C00110,P0037,2,0.1,62.26,Debit Card,Delivered
O006170,2024-11-27,C01441,P0209,1,0.05,178.11,Credit Card,Delivered
O006170,2024-11-27,C01441,P0090,1,0.1,48.35,Credit Card,Delivered
O006171,2024-06-14,C01099,P0073,1,0.1,272.28,Credit Card,Cancelled
O006172,2025-11-22,C00833,P0079,3,0.0,298.21,Credit Card,Delivered
O006172,2025-11-22,C00833,P0046,1,0.2,445.98,Credit Card,Cancelled
O006173,2025-04-02,C01437,P0200,2,0.1,314.49,Credit Card,Delivered
O006173,2025-04-02,C01437,P0066,2,0.2,112.52,Credit Card,Delivered
O006174,2025-02-16,C00723,P0237,1,0.15,415.79,Wallet,Delivered
O006175,2024-04-07,C01019,P0182,3,0.3,432.21,UPI,Delivered
O006175,2024-04-07,C01019,P0197,1,0.0,431.2,UPI,Processing
O006176,2025-09-10,C00143,P0210,2,0.05,444.47,UPI,Cancelled
O006176,2025-09-10,C00143,P0249,1,0.2,233.7,Credit Card,Delivered
O006177,2024-11-04,C01106,P0051,1,0.15,136.9,Debit Card,Shipped
O006177,2024-11-04,C01106,P0234,3,0.05,27.21,Net Banking,Processing
O006178,2024-09-18,C01325,P0070,1,0.1,283.96,UPI,Cancelled
O006178,2024-09-18,C01325,P0063,1,0.05,59.96,Cash on Delivery,Delivered
O006179,2025-11-03,C01060,P0211,1,0.2,158.86,Net Banking,Delivered
O006180,2025-10-24,C01465,P0219,1,0.0,270.56,Credit Card,Delivered
O006181,2024-06-05,C00029,P0019,1,0.25,41.22,Cash on Delivery,Cancelled
O006181,2024-06-05,C00029,P0022,1,0.05,430.9,UPI,Cancelled
O006181,2024-06-05,C00029,P0105,1,0.25,422.13,Cash on Delivery,Shipped
O006182,2025-05-09,C00390,P0198,1,0.1,493.87,UPI,Delivered
O006183,2025-03-31,C00112,P0230,1,0.2,272.97,Net Banking,Delivered
O006183,2025-03-31,C00112,P0124,1,0.15,349.92,Credit Card,Delivered
O006184,2025-09-03,C01063,P0194,1,0.1,173.31,Cash on Delivery,Delivered
O006185,2024-10-17,C00360,P0023,1,0.0,135.3,Cash on Delivery,Delivered
O006186,2025-04-21,C00471,P0138,1,0.0,464.49,UPI,Delivered
O006187,2024-11-18,C00920,P0088,1,0.1,278.03,Cash on Delivery,Delivered
O006188,2024-07-05,C01249,P0131,4,0.2,155.86,UPI,Delivered
O006188,2024-07-05,C01249,P0096,2,0.1,121.85,Debit Card,Processing
O006189,2025-04-23,C00763,P0153,1,0.2,101.75,Net Banking,Delivered
O006190,2025-07-24,C00565,P0144,1,0.1,157.22,Credit Card,Processing
O006191,2025-01-28,C01100,P0142,2,0.1,206.19,Credit Card,Shipped
O006191,2025-01-28,C01100,P0019,1,0.1,211.06,Debit Card,Delivered
O006192,2025-07-01,C00086,P0173,1,0.0,285.38,Cash on Delivery,Delivered
O006193,2024-05-12,C01128,P0014,1,0.15,68.4,Credit Card,Delivered
O006194,2024-12-05,C00342,P0057,1,0.1,381.73,UPI,Shipped
O006194,2024-12-05,C00342,P0234,1,0.2,117.63,Cash on Delivery,Processing
O006195,2024-06-30,C01036,P0109,4,0.1,462.13,Cash on Delivery,Delivered
O006196,2025-12-17,C00451,P0014,1,0.2,155.09,Credit Card,Shipped
O006197,2024-11-16,C01278,P0102,1,0.15,128.68,Credit Card,Shipped
O006197,2024-11-16,C01278,P0163,1,0.0,218.69,Credit Card,Delivered
O006197,2024-11-16,C01278,P0011,1,0.1,417.65,Cash on Delivery,Delivered
O006198,2024-09-25,C00778,P0107,1,0.15,281.01,Credit Card,Cancelled
O006199,2025-11-11,C00119,P0101,1,0.1,467.25,UPI,Delivered
O006200,2024-11-24,C00377,P0169,1,0.15,124.1,Credit Card,Cancelled
O006201,2025-02-23,C01325,P0007,3,0.15,130.92,UPI,Shipped
O006202,2024-12-25,C01349,P0059,4,0.0,32.54,UPI,Delivered
O006203,2025-07-27,C00975,P0015,1,0.15,97.36,Credit Card,Cancelled
O006204,2025-04-01,C01072,P0089,1,0.1,309.52,Cash on Delivery,Delivered
O006204,2025-04-01,C01072,P0099,1,0.05,182.62,Credit Card,Shipped
O006204,2025-04-01,C01072,P0181,2,0.05,389.54,Credit Card,Shipped
O006205,2025-01-06,C00689,P0086,1,0.2,178.13,UPI,Delivered
O006206,2025-04-13,C00914,P0018,1,0.1,50.99,Debit Card,Delivered
O006206,2025-04-13,C00914,P0203,1,0.1,245.93,Credit Card,Delivered
O006206,2025-04-13,C00914,P0048,2,0.05,383.42,Wallet,Delivered
O006207,2026-03-25,C00897,P0001,3,0.15,439.85,Credit Card,Delivered
O006208,2025-06-24,C00771,P0233,1,0.0,178.72,Credit Card,Delivered
O006208,2025-06-24,C00771,P0184,3,0.05,94.52,Credit Card,Delivered
O006208,2025-06-24,C00771,P0010,1,0.05,322.93,Credit Card,Delivered
O006209,2025-06-15,C00269,P0041,2,0.25,367.56,Debit Card,Processing
O006210,2025-04-30,C00571,P0208,1,0.25,220.5,Credit Card,Delivered
O006211,2025-05-01,C00764,P0068,2,0.05,313.18,Wallet,Processing
O006212,2024-10-22,C00431,P0046,1,0.0,80.59,Cash on Delivery,Cancelled
O006212,2024-10-22,C00431,P0163,1,0.05,151.28,Net Banking,Delivered
O006212,2024-10-22,C00431,P0215,2,0.1,84.21,Cash on Delivery,Delivered
O006213,2025-01-24,C01075,P0228,1,0.1,265.53,UPI,Shipped
O006213,2025-01-24,C01075,P0112,1,0.2,409.29,Credit Card,Delivered
O006214,2024-09-06,C01015,P0182,1,0.2,101.38,Credit Card,Delivered
O006215,2026-03-12,C01488,P0019,1,0.15,424.76,UPI,Delivered
O006216,2025-10-11,C00539,P0080,1,0.15,346.29,Debit Card,Delivered
O006216,2025-10-11,C00539,P0156,2,0.25,71.37,UPI,Processing
O006217,2025-01-05,C00267,P0220,2,0.0,464.66,Credit Card,Delivered
O006217,2025-01-05,C00267,P0244,2,0.1,228.45,UPI,Delivered
O006218,2024-12-09,C01059,P0098,1,0.1,313.34,Debit Card,Cancelled
O006219,2025-02-23,C01237,P0033,1,0.0,350.67,Credit Card,Delivered
O006220,2026-01-20,C00939,P0029,1,0.0,107.51,Cash on Delivery,Delivered
O006220,2026-01-20,C00939,P0231,2,0.25,302.6,Debit Card,Delivered
O006221,2024-12-07,C00230,P0144,1,0.05,144.67,Debit Card,Delivered
O006222,2024-09-04,C01204,P0144,1,0.2,310.82,Debit Card,Shipped
O006223,2025-06-18,C00822,P0020,3,0.15,63.06,Credit Card,Shipped
O006223,2025-06-18,C00822,P0121,2,0.15,272.86,Net Banking,Cancelled
O006224,2024-10-31,C01163,P0137,1,0.3,230.38,UPI,Processing
O006224,2024-10-31,C01163,P0157,1,0.05,134.6,Credit Card,Processing
O006225,2026-02-21,C00335,P0034,1,0.05,38.3,Cash on Delivery,Delivered
O006225,2026-02-21,C00335,P0126,1,0.05,241.51,UPI,Shipped
O006226,2025-05-05,C01019,P0149,1,0.05,475.23,Debit Card,Delivered
O006227,2025-07-23,C00682,P0013,1,0.1,310.48,Credit Card,Delivered
O006227,2025-07-23,C00682,P0001,1,0.1,303.86,UPI,Delivered
O006228,2025-03-06,C00746,P0032,1,0.2,282.21,Credit Card,Processing
O006229,2024-12-20,C01124,P0239,1,0.05,323.81,Net Banking,Delivered
O006230,2025-06-15,C00142,P0084,2,0.0,140.58,Credit Card,Processing
O006231,2024-04-27,C01404,P0089,2,0.3,171.22,UPI,Delivered
O006231,2024-04-27,C01404,P0163,4,0.2,316.27,Credit Card,Cancelled
O006232,2025-12-02,C00266,P0154,2,0.05,331.49,Cash on Delivery,Delivered
O006233,2024-11-07,C01028,P0055,2,0.1,361.65,UPI,Processing
O006234,2025-06-27,C00489,P0161,2,0.15,358.49,Wallet,Processing
O006234,2025-06-27,C00489,P0246,1,0.05,172.94,Debit Card,Cancelled
O006235,2024-04-15,C00181,P0220,1,0.1,160.14,UPI,Delivered
O006236,2025-08-23,C00803,P0058,4,0.15,295.88,Cash on Delivery,Delivered
O006237,2024-10-20,C00898,P0138,1,0.1,321.58,Debit Card,Delivered
O006238,2025-07-16,C01359,P0031,3,0.05,418.0,Credit Card,Delivered
O006238,2025-07-16,C01359,P0059,2,0.0,34.03,UPI,Cancelled
O006239,2024-08-16,C00715,P0040,2,0.05,254.86,UPI,Delivered
O006239,2024-08-16,C00715,P0058,1,0.1,149.01,Wallet,Delivered
O006240,2025-07-17,C00184,P0065,2,0.1,358.97,Credit Card,Delivered
O006241,2025-12-26,C00188,P0206,2,0.05,416.11,Cash on Delivery,Shipped
O006241,2025-12-26,C00188,P0082,2,0.0,199.15,UPI,Processing
O006241,2025-12-26,C00188,P0072,1,0.1,334.36,Net Banking,Delivered
O006242,2025-07-21,C01026,P0155,1,0.1,106.33,Credit Card,Processing
O006243,2024-04-06,C01123,P0172,2,0.1,458.93,UPI,Shipped
O006243,2024-04-06,C01123,P0108,1,0.1,170.78,Credit Card,Delivered
O006244,2024-07-09,C00116,P0061,1,0.1,339.72,Credit Card,Delivered
O006245,2025-03-11,C00010,P0112,2,0.1,295.3,Net Banking,Cancelled
O006246,2025-09-03,C00899,P0114,2,0.2,277.02,Debit Card,Processing
O006247,2024-07-05,C00039,P0122,1,0.25,240.08,UPI,Delivered
O006248,2026-02-04,C01006,P0070,1,0.1,261.92,UPI,Delivered
O006249,2024-08-12,C00551,P0017,1,0.15,382.5,UPI,Cancelled
O006249,2024-08-12,C00551,P0093,4,0.1,382.16,Credit Card,Processing
O006249,2024-08-12,C00551,P0006,4,0.05,165.71,Wallet,Delivered
O006250,2025-11-23,C00053,P0043,1,0.1,81.44,Cash on Delivery,Delivered
O006251,2025-08-06,C00453,P0083,1,0.1,435.41,UPI,Delivered
O006252,2024-10-18,C00246,P0078,2,0.05,440.31,Debit Card,Cancelled
O006252,2024-10-18,C00246,P0090,3,0.05,424.44,Wallet,Delivered
O006253,2026-03-14,C01030,P0055,2,0.05,459.75,Credit Card,Delivered
O006253,2026-03-14,C01030,P0227,1,0.1,61.12,UPI,Processing
O006254,2024-07-01,C00779,P0131,1,0.1,107.51,Credit Card,Delivered
O006254,2024-07-01,C00779,P0194,2,0.0,389.8,Net Banking,Delivered
O006254,2024-07-01,C00779,P0212,1,0.15,172.28,Credit Card,Cancelled
O006255,2025-09-13,C00293,P0171,1,0.0,143.72,Credit Card,Delivered
O006255,2025-09-13,C00293,P0201,1,0.15,270.1,UPI,Cancelled
O006255,2025-09-13,C00293,P0179,3,0.0,108.06,Credit Card,Delivered
O006256,2025-07-22,C00851,P0230,2,0.05,239.32,Net Banking,Delivered
O006257,2026-02-23,C00595,P0231,1,0.05,346.17,Debit Card,Delivered
O006258,2025-07-09,C00516,P0250,1,0.2,143.09,UPI,Cancelled
O006258,2025-07-09,C00516,P0063,2,0.2,321.35,Net Banking,Cancelled
O006259,2025-06-27,C01208,P0127,1,0.1,83.95,Debit Card,Delivered
O006260,2025-03-06,C01500,P0099,2,0.1,314.12,Credit Card,Shipped
O006261,2026-02-05,C00560,P0188,2,0.1,473.16,Credit Card,Cancelled
O006261,2026-02-05,C00560,P0025,1,0.1,254.36,Credit Card,Delivered
O006262,2024-12-19,C00681,P0212,2,0.2,222.79,Debit Card,Delivered
O006262,2024-12-19,C00681,P0053,1,0.15,460.14,Cash on Delivery,Processing
O006263,2025-02-24,C01315,P0039,1,0.0,408.9,UPI,Processing
O006264,2025-05-21,C00994,P0096,3,0.1,190.34,UPI,Delivered
O006265,2025-07-29,C00636,P0033,1,0.0,96.46,Debit Card,Delivered
O006266,2025-10-08,C01006,P0136,1,0.1,411.78,UPI,Delivered
O006266,2025-10-08,C01006,P0224,2,0.3,376.21,Net Banking,Delivered
O006266,2025-10-08,C01006,P0191,1,0.1,299.52,UPI,Delivered
O006267,2025-07-15,C01059,P0064,1,0.25,157.58,Debit Card,Delivered
O006267,2025-07-15,C01059,P0166,2,0.1,228.82,Credit Card,Cancelled
O006268,2026-02-16,C00355,P0104,1,0.2,289.38,UPI,Cancelled
O006269,2026-01-30,C00068,P0164,1,0.2,126.63,Net Banking,Delivered
O006270,2025-09-22,C01341,P0048,2,0.15,143.12,UPI,Processing
O006270,2025-09-22,C01341,P0013,1,0.25,152.39,Wallet,Delivered
O006271,2025-02-16,C00581,P0154,2,0.05,461.4,UPI,Delivered
O006271,2025-02-16,C00581,P0150,1,0.1,386.29,Cash on Delivery,Delivered
O006272,2025-12-13,C00945,P0142,2,0.1,78.03,Debit Card,Delivered
O006273,2025-03-19,C00623,P0029,1,0.1,254.4,Debit Card,Cancelled
O006274,2026-03-24,C00200,P0069,1,0.05,413.92,Net Banking,Delivered
O006275,2024-04-06,C00856,P0245,1,0.25,358.22,Wallet,Delivered
O006276,2026-02-06,C01069,P0146,2,0.05,310.76,Credit Card,Cancelled
O006277,2024-05-08,C00686,P0059,2,0.2,289.05,Debit Card,Delivered
O006278,2026-01-25,C00213,P0013,2,0.05,245.85,Debit Card,Delivered
O006278,2026-01-25,C00213,P0139,2,0.0,315.63,UPI,Cancelled
O006279,2025-08-27,C00903,P0165,1,0.25,52.26,Credit Card,Delivered
O006280,2025-06-11,C01317,P0081,1,0.15,421.97,Cash on Delivery,Delivered
O006281,2025-08-26,C00057,P0250,1,0.1,144.63,Debit Card,Delivered
O006281,2025-08-26,C00057,P0003,1,0.15,126.44,Credit Card,Cancelled
O006281,2025-08-26,C00057,P0176,2,0.1,105.35,Net Banking,Processing
O006282,2024-05-28,C00357,P0065,1,0.15,357.9,Debit Card,Processing
O006283,2024-12-24,C01407,P0113,1,0.1,363.73,Wallet,Delivered
O006284,2026-01-12,C00188,P0023,1,0.1,385.2,Credit Card,Processing
O006284,2026-01-12,C00188,P0060,3,0.05,439.42,Credit Card,Delivered
O006284,2026-01-12,C00188,P0140,1,0.1,480.49,Credit Card,Delivered
O006285,2026-03-04,C00722,P0226,4,0.1,439.05,UPI,Processing
O006286,2024-08-16,C00958,P0186,1,0.05,220.57,Credit Card,Delivered
O006287,2024-09-29,C01495,P0043,1,0.15,434.37,Wallet,Delivered
O006287,2024-09-29,C01495,P0115,1,0.1,228.48,Debit Card,Delivered
O006288,2024-06-12,C01450,P0100,1,0.05,480.08,UPI,Delivered
O006289,2025-06-25,C01054,P0123,1,0.1,58.35,Credit Card,Shipped
O006290,2024-11-07,C00983,P0184,1,0.15,64.45,UPI,Processing
O006290,2024-11-07,C00983,P0114,1,0.1,38.16,Cash on Delivery,Delivered
O006291,2025-12-11,C00728,P0112,1,0.2,292.28,UPI,Delivered
O006291,2025-12-11,C00728,P0222,2,0.1,181.8,Wallet,Delivered
O006292,2025-12-09,C01107,P0023,1,0.05,190.82,Credit Card,Shipped
O006293,2024-04-25,C00021,P0035,1,0.1,496.14,Wallet,Cancelled
O006294,2025-02-22,C00884,P0195,2,0.0,333.19,UPI,Delivered
O006294,2025-02-22,C00884,P0200,1,0.15,277.49,UPI,Shipped
O006295,2024-06-27,C00214,P0079,3,0.0,90.71,Cash on Delivery,Delivered
O006295,2024-06-27,C00214,P0109,2,0.1,188.15,UPI,Delivered
O006296,2025-09-03,C00377,P0121,1,0.05,203.71,Debit Card,Delivered
O006297,2024-05-17,C00657,P0003,3,0.05,484.26,UPI,Delivered
O006298,2025-02-20,C01103,P0110,1,0.05,479.58,Net Banking,Cancelled
O006298,2025-02-20,C01103,P0224,2,0.2,37.1,Wallet,Delivered
O006299,2024-08-20,C01414,P0166,1,0.0,70.46,Debit Card,Delivered
O006300,2025-12-13,C00882,P0193,2,0.2,378.14,UPI,Shipped
O006301,2025-05-16,C00271,P0229,1,0.05,120.56,UPI,Delivered
O006301,2025-05-16,C00271,P0178,1,0.15,116.46,Debit Card,Delivered
O006302,2024-06-06,C01028,P0042,4,0.15,393.05,UPI,Delivered
O006302,2024-06-06,C01028,P0227,1,0.1,418.52,UPI,Shipped
O006303,2025-10-20,C01052,P0084,1,0.1,435.16,Credit Card,Delivered
O006304,2025-05-06,C00611,P0031,1,0.15,498.16,Wallet,Cancelled
O006305,2025-11-13,C00592,P0052,2,0.05,189.26,Net Banking,Shipped
O006305,2025-11-13,C00592,P0082,2,0.1,253.12,Credit Card,Delivered
O006306,2025-11-08,C00573,P0066,2,0.0,181.68,Cash on Delivery,Processing
O006306,2025-11-08,C00573,P0178,1,0.05,134.82,Debit Card,Cancelled
O006307,2024-11-19,C00279,P0144,2,0.1,137.2,Net Banking,Processing
O006308,2025-04-06,C00574,P0049,2,0.05,416.21,Debit Card,Processing
O006309,2024-11-15,C00173,P0246,1,0.15,135.77,Credit Card,Delivered
O006309,2024-11-15,C00173,P0070,1,0.05,338.53,Debit Card,Processing
O006309,2024-11-15,C00173,P0117,2,0.05,322.8,Net Banking,Processing
O006310,2025-09-29,C01229,P0082,1,0.2,448.41,Wallet,Processing
O006311,2026-02-05,C01437,P0203,1,0.1,120.55,Debit Card,Delivered
O006311,2026-02-05,C01437,P0013,2,0.15,321.21,Credit Card,Shipped
O006312,2025-09-29,C00643,P0083,2,0.1,285.37,Cash on Delivery,Delivered
O006312,2025-09-29,C00643,P0051,3,0.2,36.28,UPI,Processing
O006313,2024-04-15,C01355,P0031,1,0.05,391.83,Net Banking,Processing
O006314,2025-05-31,C00933,P0008,1,0.2,414.31,Debit Card,Delivered
O006315,2026-01-26,C01498,P0174,1,0.05,241.93,UPI,Cancelled
O006316,2025-01-23,C00288,P0183,1,0.1,395.43,UPI,Shipped
O006316,2025-01-23,C00288,P0104,1,0.2,251.92,UPI,Processing
O006317,2024-07-14,C00999,P0030,1,0.25,141.65,Credit Card,Delivered
O006318,2024-04-10,C00625,P0147,2,0.15,151.18,Credit Card,Shipped
O006319,2025-09-05,C01147,P0011,2,0.05,303.33,Credit Card,Processing
O006320,2025-07-01,C01218,P0037,2,0.0,256.27,UPI,Delivered
O006321,2025-05-14,C00937,P0219,2,0.0,487.89,Wallet,Processing
O006321,2025-05-14,C00937,P0078,1,0.2,104.54,Wallet,Delivered
O006322,2024-05-30,C00595,P0064,1,0.15,162.66,Cash on Delivery,Shipped
O006323,2025-09-24,C01416,P0167,1,0.05,295.95,UPI,Delivered
O006324,2024-06-08,C01196,P0084,1,0.05,435.23,Cash on Delivery,Delivered
O006325,2025-01-30,C00511,P0113,1,0.15,425.86,UPI,Delivered
O006326,2024-12-23,C00385,P0142,1,0.1,193.19,UPI,Delivered
O006327,2026-01-28,C00104,P0047,1,0.1,333.77,Credit Card,Delivered
O006328,2026-02-05,C01287,P0057,1,0.0,313.66,UPI,Cancelled
O006329,2024-06-14,C00037,P0197,1,0.1,410.6,Credit Card,Processing
O006329,2024-06-14,C00037,P0168,1,0.0,153.55,Credit Card,Processing
O006329,2024-06-14,C00037,P0057,1,0.1,47.5,Credit Card,Cancelled
O006330,2025-06-11,C00482,P0175,1,0.0,465.77,UPI,Delivered
O006331,2025-01-12,C00158,P0091,1,0.3,320.02,UPI,Shipped
O006332,2026-03-25,C00304,P0218,1,0.25,464.14,Net Banking,Shipped
O006333,2025-03-17,C00396,P0239,1,0.05,462.35,UPI,Shipped
O006333,2025-03-17,C00396,P0102,4,0.05,395.53,Debit Card,Delivered
O006334,2025-04-03,C00846,P0107,1,0.05,373.36,Credit Card,Processing
O006335,2025-01-22,C00697,P0074,1,0.0,143.25,Wallet,Delivered
O006335,2025-01-22,C00697,P0066,2,0.1,331.95,Cash on Delivery,Delivered
O006336,2025-05-05,C00467,P0108,2,0.15,484.93,Net Banking,Delivered
O006337,2025-07-21,C00976,P0198,1,0.0,229.49,Debit Card,Shipped
O006338,2024-06-14,C00292,P0114,2,0.05,132.28,UPI,Delivered
O006339,2024-06-15,C00636,P0230,1,0.25,96.46,Net Banking,Delivered
O006340,2025-05-12,C00297,P0130,1,0.05,111.33,UPI,Delivered
O006340,2025-05-12,C00297,P0164,2,0.15,206.45,Credit Card,Delivered
O006341,2024-07-11,C00692,P0093,1,0.1,40.53,Net Banking,Delivered
O006342,2024-11-19,C00480,P0190,1,0.0,27.57,Debit Card,Delivered
O006342,2024-11-19,C00480,P0121,3,0.0,103.15,Debit Card,Shipped
O006343,2026-02-22,C00076,P0075,1,0.1,118.03,Debit Card,Delivered
O006344,2024-10-22,C00454,P0058,1,0.2,436.63,Credit Card,Processing
O006344,2024-10-22,C00454,P0096,1,0.1,454.52,Cash on Delivery,Delivered
O006345,2025-10-31,C00482,P0248,1,0.05,134.33,UPI,Shipped
O006345,2025-10-31,C00482,P0168,4,0.1,54.86,Cash on Delivery,Delivered
O006346,2025-12-15,C00820,P0015,4,0.1,321.97,UPI,Delivered
O006347,2024-08-26,C00274,P0166,1,0.15,70.1,Credit Card,Delivered
O006348,2024-09-22,C00256,P0118,1,0.1,478.07,Cash on Delivery,Cancelled
O006348,2024-09-22,C00256,P0216,1,0.15,494.12,Credit Card,Delivered
O006349,2025-09-01,C00744,P0018,1,0.1,203.0,Cash on Delivery,Shipped
O006350,2026-03-04,C00278,P0180,4,0.15,245.0,Wallet,Delivered
O006351,2024-05-12,C00857,P0242,2,0.15,29.03,Cash on Delivery,Delivered
O006352,2025-04-28,C00197,P0143,2,0.15,463.18,Credit Card,Delivered
O006352,2025-04-28,C00197,P0198,1,0.05,477.97,Net Banking,Shipped
O006353,2024-10-13,C00864,P0163,3,0.05,156.63,Credit Card,Delivered
O006354,2024-08-06,C01082,P0099,1,0.1,65.08,Credit Card,Delivered
O006355,2024-05-06,C01404,P0187,2,0.15,389.33,UPI,Shipped
O006355,2024-05-06,C01404,P0014,1,0.1,274.9,Credit Card,Delivered
O006356,2025-01-18,C00750,P0064,1,0.2,155.44,Credit Card,Cancelled
O006356,2025-01-18,C00750,P0072,2,0.05,375.5,UPI,Delivered
O006357,2025-07-12,C00533,P0174,2,0.05,119.44,UPI,Delivered
O006358,2024-08-30,C01132,P0250,2,0.1,417.13,Net Banking,Delivered
O006359,2024-05-07,C01404,P0235,1,0.1,309.93,UPI,Shipped
O006360,2025-09-02,C00340,P0026,1,0.0,323.55,Credit Card,Cancelled
O006361,2024-06-09,C01162,P0172,2,0.0,261.13,UPI,Processing
O006362,2025-01-28,C00334,P0034,1,0.2,34.82,UPI,Processing
O006362,2025-01-28,C00334,P0223,2,0.1,443.82,Cash on Delivery,Cancelled
O006363,2025-02-07,C00067,P0099,1,0.2,178.68,Net Banking,Delivered
O006364,2025-08-01,C00068,P0104,1,0.05,343.5,Net Banking,Shipped
O006365,2025-05-29,C01125,P0189,1,0.1,325.43,Cash on Delivery,Processing
O006365,2025-05-29,C01125,P0081,1,0.0,74.33,Cash on Delivery,Shipped
O006366,2025-01-05,C00038,P0068,1,0.1,76.76,UPI,Delivered
O006367,2025-03-06,C00242,P0196,1,0.0,448.46,Credit Card,Delivered
O006367,2025-03-06,C00242,P0069,1,0.05,55.57,UPI,Cancelled
O006368,2024-10-17,C00616,P0222,1,0.1,106.58,Net Banking,Delivered
O006368,2024-10-17,C00616,P0173,1,0.15,443.82,Net Banking,Processing
O006369,2024-11-20,C00768,P0142,1,0.05,268.58,Net Banking,Processing
O006369,2024-11-20,C00768,P0202,1,0.15,434.13,UPI,Delivered
O006370,2024-04-05,C01007,P0188,1,0.1,366.76,Net Banking,Delivered
O006371,2024-07-26,C00739,P0103,1,0.0,53.97,Cash on Delivery,Delivered
O006371,2024-07-26,C00739,P0074,1,0.1,55.87,Debit Card,Shipped
O006372,2025-05-04,C01309,P0143,1,0.1,308.27,Debit Card,Delivered
O006373,2025-08-08,C00046,P0203,1,0.1,101.24,UPI,Cancelled
O006374,2025-09-08,C01483,P0154,4,0.15,491.32,Credit Card,Cancelled
O006374,2025-09-08,C01483,P0025,3,0.1,473.95,Cash on Delivery,Delivered
O006375,2025-04-06,C01449,P0102,1,0.05,33.31,UPI,Delivered
O006375,2025-04-06,C01449,P0002,2,0.05,221.75,Wallet,Shipped
O006376,2025-09-19,C01126,P0045,1,0.05,108.92,Credit Card,Cancelled
O006377,2025-07-27,C01124,P0081,3,0.1,493.16,Credit Card,Delivered
O006378,2024-07-25,C00875,P0015,1,0.1,130.49,Credit Card,Shipped
O006379,2024-11-22,C01012,P0122,1,0.1,83.92,Wallet,Cancelled
O006380,2024-12-06,C00656,P0070,1,0.1,459.25,UPI,Cancelled
O006380,2024-12-06,C00656,P0170,1,0.05,472.39,UPI,Delivered
O006381,2024-10-06,C00395,P0107,2,0.1,106.22,Debit Card,Delivered
O006382,2026-01-18,C01283,P0011,1,0.1,433.89,Debit Card,Cancelled
O006383,2024-10-04,C00187,P0143,2,0.15,456.85,Credit Card,Processing
O006383,2024-10-04,C00187,P0041,1,0.2,168.74,Credit Card,Delivered
O006384,2025-11-28,C00416,P0130,2,0.0,424.12,Credit Card,Processing
O006385,2026-03-11,C01183,P0099,1,0.05,259.12,Credit Card,Delivered
O006385,2026-03-11,C01183,P0120,1,0.15,418.25,Credit Card,Delivered
O006386,2026-02-02,C01031,P0159,1,0.1,460.29,UPI,Processing
O006387,2024-07-29,C00648,P0149,2,0.05,417.37,Wallet,Delivered
O006387,2024-07-29,C00648,P0004,4,0.0,469.53,Net Banking,Processing
O006387,2024-07-29,C00648,P0069,1,0.15,177.23,Credit Card,Processing
O006388,2024-07-05,C00456,P0178,1,0.0,275.08,Debit Card,Delivered
O006388,2024-07-05,C00456,P0059,3,0.0,190.54,Debit Card,Cancelled
O006388,2024-07-05,C00456,P0019,1,0.1,314.92,UPI,Delivered
O006389,2025-07-13,C00084,P0074,4,0.05,452.9,UPI,Delivered
O006390,2026-01-03,C01359,P0105,1,0.15,187.55,Wallet,Cancelled
O006391,2024-08-24,C01126,P0055,1,0.2,317.24,UPI,Processing
O006391,2024-08-24,C01126,P0020,1,0.15,463.52,Credit Card,Shipped
O006392,2025-02-17,C01278,P0187,1,0.2,244.73,Wallet,Cancelled
O006392,2025-02-17,C01278,P0248,1,0.1,406.59,Credit Card,Cancelled
O006392,2025-02-17,C01278,P0230,1,0.05,435.75,Net Banking,Processing
O006393,2024-12-03,C00976,P0144,1,0.1,261.98,Debit Card,Cancelled
O006394,2024-12-06,C00416,P0159,1,0.1,80.38,Credit Card,Delivered
O006395,2026-02-04,C01385,P0019,2,0.1,376.84,UPI,Delivered
O006396,2024-08-04,C00058,P0108,1,0.1,39.24,Credit Card,Delivered
O006396,2024-08-04,C00058,P0010,1,0.0,385.47,UPI,Delivered
O006397,2025-04-12,C00587,P0008,1,0.05,404.72,UPI,Delivered
O006398,2024-08-20,C00245,P0107,3,0.15,298.78,Cash on Delivery,Shipped
O006398,2024-08-20,C00245,P0069,2,0.0,366.56,UPI,Shipped
O006398,2024-08-20,C00245,P0126,1,0.1,466.43,Debit Card,Delivered
O006399,2024-10-16,C01389,P0064,2,0.1,91.4,Credit Card,Delivered
O006399,2024-10-16,C01389,P0189,3,0.0,109.17,Cash on Delivery,Delivered
O006400,2025-01-17,C00275,P0243,2,0.2,249.47,Credit Card,Delivered
O006400,2025-01-17,C00275,P0204,1,0.25,365.44,Credit Card,Cancelled
O006401,2026-01-27,C00525,P0095,2,0.05,39.33,Cash on Delivery,Processing
O006401,2026-01-27,C00525,P0127,2,0.0,169.51,UPI,Delivered
O006401,2026-01-27,C00525,P0104,1,0.1,243.03,UPI,Cancelled
O006402,2024-07-09,C00399,P0111,2,0.0,144.08,UPI,Processing
O006403,2025-10-10,C01333,P0244,2,0.05,38.61,Debit Card,Delivered
O006404,2025-10-06,C00801,P0152,1,0.05,220.21,UPI,Processing
O006404,2025-10-06,C00801,P0133,1,0.2,236.85,Credit Card,Shipped
O006405,2025-08-27,C01489,P0180,1,0.05,401.46,Wallet,Delivered
O006405,2025-08-27,C01489,P0097,1,0.1,278.89,UPI,Delivered
O006406,2026-03-22,C00588,P0031,2,0.05,91.82,Cash on Delivery,Delivered
O006407,2024-11-05,C00056,P0035,1,0.1,258.78,UPI,Delivered
O006408,2024-10-02,C00264,P0238,2,0.15,384.38,Credit Card,Delivered
O006409,2026-01-13,C00446,P0088,1,0.05,401.78,UPI,Cancelled
O006410,2024-06-06,C00880,P0017,2,0.05,172.06,UPI,Delivered
O006411,2026-02-14,C00129,P0214,2,0.2,249.91,Cash on Delivery,Delivered
O006411,2026-02-14,C00129,P0227,1,0.1,258.77,Net Banking,Processing
O006412,2024-12-22,C00705,P0123,2,0.1,209.6,Wallet,Delivered
O006413,2025-08-22,C00768,P0248,3,0.25,172.25,Credit Card,Delivered
O006414,2025-11-23,C00768,P0180,1,0.15,108.29,UPI,Cancelled
O006415,2025-05-30,C00907,P0147,4,0.3,26.99,Wallet,Processing
O006415,2025-05-30,C00907,P0118,1,0.1,293.29,UPI,Cancelled
O006416,2025-07-02,C00796,P0040,1,0.2,197.7,Net Banking,Processing
O006416,2025-07-02,C00796,P0210,1,0.05,167.26,UPI,Processing
O006416,2025-07-02,C00796,P0039,1,0.2,394.58,Credit Card,Delivered
O006417,2024-09-29,C00467,P0145,4,0.1,375.63,UPI,Cancelled
O006418,2024-09-26,C01468,P0096,1,0.2,334.52,Debit Card,Delivered
O006418,2024-09-26,C01468,P0172,1,0.15,275.26,Cash on Delivery,Delivered
O006419,2024-05-23,C00648,P0170,1,0.05,209.26,Credit Card,Cancelled
O006419,2024-05-23,C00648,P0239,1,0.1,481.04,UPI,Shipped
O006420,2025-10-19,C01421,P0110,1,0.0,354.39,UPI,Processing
O006421,2024-10-25,C00914,P0081,2,0.1,203.17,Debit Card,Delivered
O006422,2024-10-04,C00048,P0233,3,0.15,497.78,Credit Card,Delivered
O006423,2025-02-04,C00651,P0013,1,0.05,213.74,Cash on Delivery,Delivered
O006424,2025-03-05,C01412,P0228,1,0.2,322.5,Wallet,Processing
O006425,2025-11-27,C01384,P0184,1,0.15,86.5,UPI,Cancelled
O006425,2025-11-27,C01384,P0220,2,0.1,200.88,Wallet,Delivered
O006426,2024-05-14,C00227,P0062,2,0.15,293.5,Credit Card,Delivered
O006427,2026-02-17,C00713,P0202,1,0.15,270.07,Credit Card,Delivered
O006427,2026-02-17,C00713,P0209,1,0.0,266.2,Debit Card,Delivered
O006428,2025-03-16,C00657,P0216,1,0.1,155.64,UPI,Delivered
O006429,2025-03-05,C00107,P0170,2,0.05,492.05,UPI,Cancelled
O006430,2024-07-18,C00056,P0014,1,0.3,213.35,UPI,Cancelled
O006431,2025-08-22,C01139,P0054,1,0.15,480.51,UPI,Processing
O006432,2024-10-02,C00815,P0213,1,0.15,295.24,UPI,Delivered
O006432,2024-10-02,C00815,P0014,1,0.2,310.15,Credit Card,Shipped
O006433,2025-02-09,C00730,P0064,4,0.05,339.53,Credit Card,Processing
O006434,2025-09-23,C01354,P0250,1,0.15,370.63,Wallet,Cancelled
O006435,2025-02-15,C01411,P0021,1,0.1,28.12,Credit Card,Delivered
O006435,2025-02-15,C01411,P0057,1,0.0,146.11,Net Banking,Delivered
O006435,2025-02-15,C01411,P0181,1,0.25,75.58,Wallet,Delivered
O006436,2024-09-25,C00670,P0151,1,0.1,442.73,UPI,Delivered
O006436,2024-09-25,C00670,P0165,1,0.15,336.64,Net Banking,Delivered
O006437,2026-02-18,C01420,P0075,1,0.05,117.27,Wallet,Delivered
O006437,2026-02-18,C01420,P0203,1,0.1,210.69,Credit Card,Delivered
O006438,2024-07-03,C00346,P0049,1,0.05,135.51,UPI,Delivered
O006439,2024-08-06,C01136,P0188,2,0.1,246.51,UPI,Cancelled
O006440,2025-02-07,C00623,P0164,1,0.05,363.64,Debit Card,Delivered
O006440,2025-02-07,C00623,P0156,1,0.2,430.69,Cash on Delivery,Processing
O006441,2025-03-18,C00223,P0075,1,0.1,200.37,Net Banking,Shipped
O006442,2024-04-10,C00355,P0104,1,0.2,382.6,Debit Card,Delivered
O006443,2024-11-03,C01316,P0226,1,0.0,470.97,UPI,Cancelled
O006444,2026-01-21,C01042,P0005,2,0.2,434.34,Credit Card,Shipped
O006445,2025-06-26,C01058,P0237,1,0.2,447.06,Wallet,Delivered
O006445,2025-06-26,C01058,P0178,2,0.1,25.71,Credit Card,Shipped
O006446,2025-10-11,C01058,P0046,2,0.05,71.17,Net Banking,Delivered
O006447,2025-03-01,C00523,P0062,1,0.2,71.57,Credit Card,Delivered
O006448,2025-05-15,C01166,P0144,4,0.15,439.66,Credit Card,Cancelled
O006448,2025-05-15,C01166,P0139,1,0.1,307.73,Wallet,Delivered
O006449,2024-04-15,C00047,P0238,1,0.15,225.96,Wallet,Delivered
O006450,2024-07-15,C00242,P0105,1,0.1,381.9,UPI,Delivered
O006450,2024-07-15,C00242,P0077,1,0.15,71.97,UPI,Delivered
O006451,2024-09-19,C00506,P0028,1,0.0,130.96,Cash on Delivery,Delivered
O006452,2024-12-23,C00107,P0105,1,0.0,133.98,Cash on Delivery,Delivered
O006453,2025-01-18,C01409,P0049,1,0.1,99.47,Debit Card,Delivered
O006453,2025-01-18,C01409,P0065,1,0.1,339.15,Credit Card,Delivered
O006454,2025-10-04,C00909,P0019,1,0.0,320.05,Credit Card,Processing
O006455,2025-02-18,C01334,P0209,1,0.1,327.57,Credit Card,Processing
O006456,2024-05-11,C00723,P0054,1,0.1,260.23,Net Banking,Delivered
O006457,2025-03-11,C00537,P0117,2,0.1,164.5,Net Banking,Delivered
O006458,2024-11-16,C00476,P0185,3,0.25,324.19,Credit Card,Shipped
O006459,2024-08-18,C00975,P0099,1,0.05,223.94,UPI,Shipped
O006460,2025-11-21,C01383,P0030,2,0.05,285.9,Credit Card,Delivered
O006460,2025-11-21,C01383,P0246,1,0.2,412.38,Net Banking,Shipped
O006460,2025-11-21,C01383,P0182,2,0.1,81.95,Cash on Delivery,Shipped
O006461,2025-12-10,C01032,P0196,2,0.05,93.91,Debit Card,Cancelled
O006461,2025-12-10,C01032,P0152,1,0.25,97.42,Debit Card,Shipped
O006462,2024-06-22,C00419,P0048,2,0.05,30.32,Credit Card,Cancelled
O006463,2024-07-23,C01470,P0215,1,0.2,286.32,UPI,Processing
O006463,2024-07-23,C01470,P0046,1,0.0,130.43,Net Banking,Processing
O006464,2025-01-17,C00636,P0027,1,0.1,215.9,Credit Card,Shipped
O006465,2025-04-16,C00140,P0137,1,0.2,208.6,Credit Card,Delivered
O006465,2025-04-16,C00140,P0033,1,0.0,317.9,Credit Card,Delivered
O006466,2024-08-24,C01408,P0233,1,0.15,35.92,UPI,Processing
O006467,2025-01-30,C00910,P0103,1,0.1,183.75,Wallet,Delivered
O006467,2025-01-30,C00910,P0082,2,0.05,413.14,UPI,Processing
O006468,2024-07-28,C00921,P0141,1,0.15,315.26,Wallet,Delivered
O006469,2024-11-13,C01401,P0139,1,0.05,71.1,Cash on Delivery,Delivered
O006470,2025-04-14,C01339,P0207,1,0.0,133.74,UPI,Cancelled
O006471,2026-01-28,C00999,P0189,2,0.0,435.55,Net Banking,Delivered
O006471,2026-01-28,C00999,P0194,2,0.1,32.69,Debit Card,Cancelled
O006471,2026-01-28,C00999,P0238,1,0.15,448.11,Wallet,Cancelled
O006472,2025-10-12,C00972,P0017,1,0.05,430.39,UPI,Delivered
O006472,2025-10-12,C00972,P0135,1,0.05,296.14,Net Banking,Delivered
O006473,2025-05-13,C00207,P0030,1,0.15,256.43,UPI,Delivered
O006474,2024-05-31,C00480,P0049,2,0.05,418.78,Cash on Delivery,Processing
O006474,2024-05-31,C00480,P0176,2,0.1,481.43,Debit Card,Cancelled
O006475,2024-10-04,C00606,P0120,1,0.0,202.14,UPI,Cancelled
O006475,2024-10-04,C00606,P0030,2,0.0,176.46,UPI,Shipped
O006476,2025-02-02,C01003,P0166,1,0.1,122.03,UPI,Processing
O006477,2025-08-01,C00277,P0226,1,0.05,72.94,UPI,Cancelled
O006477,2025-08-01,C00277,P0092,1,0.1,274.45,Debit Card,Delivered
O006477,2025-08-01,C00277,P0218,1,0.0,157.2,Credit Card,Delivered
O006478,2025-02-08,C00569,P0003,1,0.1,428.72,Credit Card,Delivered
O006478,2025-02-08,C00569,P0177,1,0.2,116.22,Credit Card,Delivered
O006479,2025-10-05,C01284,P0116,3,0.25,284.19,Cash on Delivery,Delivered
O006480,2025-08-18,C01412,P0156,3,0.05,439.62,UPI,Processing
O006481,2024-06-28,C00635,P0161,2,0.15,347.75,Debit Card,Delivered
O006481,2024-06-28,C00635,P0103,1,0.1,196.78,UPI,Cancelled
O006482,2024-07-30,C01409,P0205,1,0.05,82.32,Wallet,Delivered
O006482,2024-07-30,C01409,P0168,1,0.05,408.2,UPI,Processing
O006483,2024-05-16,C00310,P0047,1,0.1,191.05,Debit Card,Processing
O006484,2025-04-17,C00686,P0190,1,0.05,312.72,Cash on Delivery,Delivered
O006484,2025-04-17,C00686,P0143,2,0.0,398.29,UPI,Processing
O006484,2025-04-17,C00686,P0249,1,0.1,253.08,UPI,Cancelled
O006485,2025-10-09,C00414,P0138,1,0.1,79.79,Cash on Delivery,Processing
O006486,2025-08-26,C00462,P0033,1,0.1,344.49,Wallet,Shipped
O006487,2026-03-05,C00453,P0174,1,0.1,337.99,UPI,Delivered
O006488,2025-10-09,C00428,P0213,1,0.1,318.9,Credit Card,Cancelled
O006488,2025-10-09,C00428,P0043,1,0.15,237.13,Credit Card,Delivered
O006489,2025-10-03,C00316,P0074,1,0.15,381.93,UPI,Shipped
O006489,2025-10-03,C00316,P0099,1,0.0,324.43,Credit Card,Delivered
O006489,2025-10-03,C00316,P0038,2,0.0,399.54,Credit Card,Delivered
O006490,2024-05-14,C00641,P0072,1,0.2,355.49,UPI,Delivered
O006491,2026-03-26,C00713,P0050,1,0.2,296.01,UPI,Processing
O006491,2026-03-26,C00713,P0121,2,0.05,466.65,UPI,Delivered
O006492,2024-04-29,C00658,P0204,1,0.1,281.78,UPI,Delivered
O006493,2025-12-30,C01296,P0041,2,0.1,162.62,Net Banking,Cancelled
O006494,2025-06-22,C00075,P0123,4,0.05,175.05,UPI,Delivered
O006495,2024-12-07,C00835,P0213,2,0.0,277.5,UPI,Delivered
O006496,2025-12-16,C00201,P0170,3,0.1,268.36,UPI,Processing
O006496,2025-12-16,C00201,P0164,1,0.05,210.46,Cash on Delivery,Delivered
O006497,2025-10-31,C00670,P0098,1,0.15,271.04,Credit Card,Processing
O006498,2024-07-29,C00997,P0069,2,0.15,386.45,Net Banking,Delivered
O006499,2025-03-12,C00395,P0136,1,0.05,421.17,Debit Card,Cancelled
O006500,2025-08-30,C00624,P0100,1,0.1,195.89,Wallet,Delivered
O006501,2025-06-24,C00531,P0202,1,0.15,342.24,Cash on Delivery,Delivered
O006502,2026-01-27,C01119,P0235,2,0.25,274.44,UPI,Cancelled
O006503,2024-07-07,C01363,P0167,3,0.0,127.83,Cash on Delivery,Delivered
O006504,2026-03-12,C00589,P0133,4,0.15,343.75,UPI,Delivered
O006505,2026-01-29,C00240,P0037,4,0.1,407.69,UPI,Processing
O006506,2024-10-16,C00931,P0208,1,0.05,290.0,Net Banking,Delivered
O006506,2024-10-16,C00931,P0201,2,0.1,169.18,UPI,Shipped
O006507,2026-03-18,C00194,P0039,2,0.2,478.14,Credit Card,Delivered
O006507,2026-03-18,C00194,P0021,1,0.15,269.18,Credit Card,Delivered
O006508,2025-06-11,C00889,P0106,4,0.1,109.99,Net Banking,Cancelled
O006508,2025-06-11,C00889,P0002,2,0.3,460.29,UPI,Delivered
O006509,2025-04-26,C00867,P0174,1,0.05,281.28,UPI,Processing
O006510,2025-09-07,C01048,P0188,1,0.15,248.27,Credit Card,Delivered
O006511,2024-08-21,C00950,P0080,2,0.0,290.34,UPI,Cancelled
O006512,2025-01-01,C00786,P0105,3,0.1,111.17,Net Banking,Delivered
O006513,2026-01-10,C00107,P0197,1,0.0,317.91,UPI,Shipped
O006514,2024-07-15,C01142,P0028,2,0.05,471.07,Wallet,Delivered
O006515,2024-11-29,C01083,P0236,1,0.05,215.51,Cash on Delivery,Cancelled
O006516,2024-11-25,C01367,P0113,1,0.1,439.35,UPI,Shipped
O006517,2026-01-26,C01278,P0117,1,0.05,374.16,UPI,Delivered
O006517,2026-01-26,C01278,P0068,1,0.3,333.84,UPI,Processing
O006518,2025-09-06,C00737,P0221,1,0.2,101.53,Cash on Delivery,Delivered
O006519,2024-09-25,C01365,P0136,1,0.05,319.41,Debit Card,Cancelled
O006520,2025-05-29,C01172,P0242,1,0.2,454.83,UPI,Delivered
O006520,2025-05-29,C01172,P0231,1,0.15,246.12,Debit Card,Delivered
O006521,2024-09-19,C00670,P0095,1,0.1,69.2,Debit Card,Delivered
O006521,2024-09-19,C00670,P0020,2,0.3,315.65,Debit Card,Shipped
O006522,2025-09-16,C00219,P0184,1,0.1,303.18,Debit Card,Delivered
O006523,2024-08-22,C01201,P0055,1,0.1,321.25,Wallet,Delivered
O006524,2025-04-16,C00138,P0021,2,0.15,116.76,Debit Card,Shipped
O006524,2025-04-16,C00138,P0152,2,0.0,61.85,Cash on Delivery,Delivered
O006525,2025-10-19,C01183,P0199,2,0.1,110.51,UPI,Delivered
O006526,2024-12-06,C01143,P0223,2,0.25,81.61,Wallet,Delivered
O006527,2025-01-07,C00305,P0001,1,0.2,184.15,UPI,Delivered
O006528,2025-07-09,C00368,P0032,1,0.1,425.32,UPI,Delivered
O006529,2025-05-12,C00403,P0124,1,0.2,45.81,Cash on Delivery,Delivered
O006530,2025-03-18,C01017,P0213,1,0.1,342.06,Debit Card,Delivered
O006530,2025-03-18,C01017,P0243,1,0.15,427.01,Credit Card,Shipped
O006531,2024-07-01,C00918,P0232,1,0.05,368.8,Credit Card,Shipped
O006532,2024-07-29,C01372,P0120,1,0.25,279.26,UPI,Cancelled
O006533,2024-06-10,C00794,P0190,1,0.1,369.62,UPI,Delivered
O006533,2024-06-10,C00794,P0073,1,0.1,179.74,Wallet,Delivered
O006534,2026-02-20,C00862,P0069,1,0.2,456.99,Debit Card,Delivered
O006534,2026-02-20,C00862,P0103,1,0.1,68.54,Debit Card,Delivered
O006535,2025-01-27,C00017,P0054,1,0.05,55.92,Credit Card,Delivered
O006536,2025-09-08,C00979,P0221,2,0.1,442.43,Debit Card,Processing
O006537,2025-01-03,C01150,P0230,2,0.15,185.22,Credit Card,Delivered
O006537,2025-01-03,C01150,P0116,2,0.05,377.25,UPI,Processing
O006538,2025-12-06,C00267,P0127,1,0.15,239.21,UPI,Cancelled
O006539,2025-10-19,C00081,P0022,1,0.05,94.69,UPI,Delivered
O006540,2024-11-28,C00743,P0041,3,0.05,189.2,Debit Card,Delivered
O006541,2026-03-13,C00495,P0138,2,0.0,30.2,UPI,Delivered
O006541,2026-03-13,C00495,P0024,1,0.2,474.58,UPI,Delivered
O006542,2024-12-14,C00525,P0207,2,0.15,435.11,UPI,Shipped
O006543,2025-03-03,C00408,P0116,2,0.1,345.14,Cash on Delivery,Delivered
O006544,2024-09-15,C01303,P0150,1,0.0,110.39,Cash on Delivery,Shipped
O006544,2024-09-15,C01303,P0099,1,0.1,105.34,UPI,Shipped
O006544,2024-09-15,C01303,P0154,2,0.0,205.44,UPI,Delivered
O006545,2025-06-02,C00724,P0038,2,0.05,172.49,UPI,Delivered
O006546,2025-11-19,C01290,P0124,1,0.05,270.34,Wallet,Delivered
O006546,2025-11-19,C01290,P0135,2,0.25,100.69,Net Banking,Processing
O006547,2025-05-16,C01006,P0201,3,0.05,208.6,UPI,Delivered
O006548,2024-10-20,C00722,P0101,1,0.0,390.03,UPI,Cancelled
O006548,2024-10-20,C00722,P0012,1,0.1,472.22,Credit Card,Delivered
O006549,2025-11-24,C01322,P0100,1,0.1,72.8,Cash on Delivery,Shipped
O006550,2025-05-18,C00120,P0225,1,0.15,227.7,Credit Card,Delivered
O006551,2026-03-24,C00127,P0056,1,0.05,495.55,Net Banking,Delivered
O006552,2025-11-16,C00407,P0148,2,0.1,37.37,Credit Card,Shipped
O006552,2025-11-16,C00407,P0137,1,0.2,241.25,Cash on Delivery,Processing
O006553,2025-08-23,C01264,P0119,3,0.15,447.78,UPI,Delivered
O006553,2025-08-23,C01264,P0225,1,0.1,317.83,UPI,Shipped
O006554,2025-03-21,C01221,P0087,1,0.0,115.36,UPI,Delivered
O006555,2025-02-14,C00291,P0058,1,0.25,324.53,UPI,Processing
O006556,2024-11-12,C00420,P0182,1,0.0,418.66,Credit Card,Delivered
O006556,2024-11-12,C00420,P0196,1,0.2,465.94,Credit Card,Processing
O006557,2024-09-22,C00399,P0150,2,0.25,59.69,Cash on Delivery,Cancelled
O006558,2024-07-11,C00146,P0041,1,0.1,424.05,Wallet,Processing
O006558,2024-07-11,C00146,P0176,1,0.0,339.53,Wallet,Cancelled
O006558,2024-07-11,C00146,P0069,4,0.1,216.27,Cash on Delivery,Shipped
O006559,2025-02-01,C01033,P0084,1,0.15,181.27,UPI,Delivered
O006559,2025-02-01,C01033,P0235,1,0.05,94.84,UPI,Processing
O006560,2025-04-20,C01011,P0206,1,0.15,317.01,UPI,Processing
O006561,2025-10-15,C01197,P0185,1,0.05,426.69,Net Banking,Delivered
O006561,2025-10-15,C01197,P0099,1,0.05,179.68,Debit Card,Delivered
O006562,2024-08-30,C00430,P0012,1,0.1,177.59,UPI,Shipped
O006563,2025-08-01,C01144,P0072,2,0.05,162.86,UPI,Delivered
O006564,2025-12-11,C01158,P0045,2,0.0,475.8,UPI,Delivered
O006564,2025-12-11,C01158,P0169,1,0.1,171.97,Credit Card,Processing
O006565,2025-12-05,C00798,P0203,4,0.05,304.38,UPI,Delivered
O006566,2024-08-01,C01132,P0087,1,0.1,65.81,Cash on Delivery,Delivered
O006566,2024-08-01,C01132,P0067,1,0.15,403.08,Net Banking,Delivered
O006567,2025-02-19,C00463,P0244,1,0.05,425.8,Net Banking,Processing
O006568,2024-10-10,C00697,P0109,1,0.0,429.19,Credit Card,Delivered
O006569,2025-11-05,C00404,P0078,3,0.25,203.8,Wallet,Shipped
O006570,2025-03-04,C01021,P0006,4,0.05,190.22,Credit Card,Shipped
O006570,2025-03-04,C01021,P0178,2,0.0,448.24,Wallet,Shipped
O006570,2025-03-04,C01021,P0043,1,0.25,488.98,UPI,Shipped
O006571,2025-09-06,C00647,P0115,1,0.0,329.48,UPI,Shipped
O006572,2024-06-30,C00472,P0144,1,0.1,481.69,Credit Card,Delivered
O006573,2024-07-20,C01108,P0134,1,0.1,426.84,Debit Card,Processing
O006574,2024-08-11,C00812,P0152,1,0.2,379.07,Debit Card,Delivered
O006575,2024-09-06,C01168,P0089,2,0.2,93.53,Wallet,Cancelled
O006576,2025-06-04,C00308,P0022,1,0.15,413.82,UPI,Delivered
O006577,2025-04-20,C00248,P0230,2,0.1,404.69,Wallet,Shipped
O006578,2024-09-08,C00906,P0085,2,0.05,462.88,UPI,Processing
O006579,2026-02-10,C00006,P0128,1,0.25,83.62,Credit Card,Cancelled
O006579,2026-02-10,C00006,P0162,1,0.05,431.52,UPI,Delivered
O006580,2025-08-20,C00968,P0202,1,0.15,36.26,Net Banking,Cancelled
O006580,2025-08-20,C00968,P0113,2,0.1,467.73,Cash on Delivery,Delivered
O006581,2025-09-24,C00129,P0241,1,0.1,36.43,UPI,Delivered
O006582,2025-03-18,C01143,P0022,1,0.15,194.84,Debit Card,Delivered
O006583,2025-10-01,C01045,P0029,1,0.0,378.52,Credit Card,Delivered
O006583,2025-10-01,C01045,P0214,4,0.05,322.87,UPI,Delivered
O006584,2024-12-10,C00906,P0166,1,0.1,129.14,Net Banking,Processing
O006585,2025-10-19,C00282,P0030,1,0.3,481.81,UPI,Cancelled
O006586,2026-01-31,C00105,P0192,1,0.2,475.75,Net Banking,Delivered
O006586,2026-01-31,C00105,P0006,1,0.0,446.37,Net Banking,Delivered
O006587,2025-08-12,C01189,P0189,1,0.05,35.1,Debit Card,Delivered
O006588,2024-04-16,C01161,P0041,1,0.2,357.57,Credit Card,Shipped
O006588,2024-04-16,C01161,P0248,1,0.05,403.86,UPI,Delivered
O006589,2025-12-12,C00410,P0107,1,0.05,370.95,Net Banking,Delivered
O006590,2024-09-08,C00424,P0050,1,0.1,383.4,Wallet,Cancelled
O006590,2024-09-08,C00424,P0216,1,0.2,281.56,Wallet,Shipped
O006591,2026-01-27,C00272,P0122,1,0.25,278.77,UPI,Delivered
O006592,2025-10-04,C01281,P0082,1,0.0,163.98,Cash on Delivery,Delivered
O006593,2025-08-03,C00727,P0210,1,0.1,224.98,UPI,Processing
O006594,2025-09-05,C00062,P0238,1,0.15,463.73,Cash on Delivery,Cancelled
O006595,2026-03-30,C01343,P0204,1,0.15,109.75,Net Banking,Processing
O006595,2026-03-30,C01343,P0177,3,0.25,111.14,UPI,Delivered
O006596,2025-07-13,C00281,P0220,1,0.1,428.46,Credit Card,Delivered
O006597,2024-06-24,C01063,P0123,1,0.05,31.45,Credit Card,Delivered
O006597,2024-06-24,C01063,P0158,1,0.1,321.27,Wallet,Delivered
O006598,2025-03-24,C00532,P0003,1,0.0,241.32,Net Banking,Cancelled
O006598,2025-03-24,C00532,P0089,1,0.0,489.1,Credit Card,Cancelled
O006598,2025-03-24,C00532,P0095,1,0.15,371.53,UPI,Shipped
O006599,2026-01-08,C01457,P0090,1,0.15,478.17,UPI,Processing
O006599,2026-01-08,C01457,P0072,1,0.0,148.83,Credit Card,Shipped
O006599,2026-01-08,C01457,P0003,2,0.1,431.54,Credit Card,Shipped
O006600,2025-07-07,C00283,P0162,1,0.05,357.86,Credit Card,Processing
O006600,2025-07-07,C00283,P0226,2,0.25,268.51,Credit Card,Delivered
O006601,2025-06-03,C00450,P0249,1,0.1,334.39,Debit Card,Cancelled
O006602,2025-06-11,C00363,P0084,1,0.15,62.11,UPI,Cancelled
O006603,2024-07-16,C00606,P0198,1,0.2,404.44,Debit Card,Delivered
O006603,2024-07-16,C00606,P0090,2,0.0,84.25,UPI,Delivered
O006604,2025-11-16,C00363,P0009,1,0.0,136.54,Cash on Delivery,Shipped
O006604,2025-11-16,C00363,P0206,1,0.15,88.75,Wallet,Delivered
O006605,2025-10-24,C00168,P0152,2,0.1,275.11,Net Banking,Cancelled
O006606,2025-09-17,C00301,P0193,1,0.15,115.1,Net Banking,Delivered
O006607,2025-07-30,C00584,P0239,1,0.05,165.9,Credit Card,Delivered
O006608,2025-07-07,C00324,P0044,1,0.05,285.09,UPI,Shipped
O006609,2025-01-30,C00942,P0037,1,0.15,156.45,Net Banking,Processing
O006610,2024-12-23,C01316,P0238,2,0.0,418.85,Debit Card,Delivered
O006611,2024-04-21,C01150,P0094,1,0.05,80.87,UPI,Delivered
O006611,2024-04-21,C01150,P0197,1,0.05,366.15,Credit Card,Shipped
O006612,2026-02-06,C01161,P0162,2,0.0,239.19,Debit Card,Delivered
O006613,2024-10-09,C00805,P0158,1,0.15,193.03,Cash on Delivery,Delivered
O006614,2026-02-13,C00156,P0102,4,0.15,124.9,UPI,Delivered
O006615,2024-04-04,C01225,P0115,1,0.25,27.64,Net Banking,Delivered
O006616,2025-07-03,C01035,P0034,1,0.1,258.56,Cash on Delivery,Cancelled
O006616,2025-07-03,C01035,P0235,1,0.25,26.65,UPI,Delivered
O006617,2025-12-10,C01236,P0137,1,0.1,463.18,UPI,Delivered
O006617,2025-12-10,C01236,P0184,1,0.25,254.4,UPI,Delivered
O006617,2025-12-10,C01236,P0199,2,0.3,182.46,Credit Card,Delivered
O006618,2026-02-01,C01261,P0237,1,0.25,237.54,Credit Card,Delivered
O006619,2025-06-24,C00786,P0171,1,0.0,228.2,Net Banking,Processing
O006620,2025-10-20,C00719,P0029,1,0.1,126.2,Wallet,Shipped
O006620,2025-10-20,C00719,P0016,2,0.0,257.45,UPI,Delivered
O006621,2024-07-13,C01060,P0214,1,0.15,256.88,Credit Card,Cancelled
O006622,2024-05-12,C00933,P0068,1,0.1,441.39,UPI,Shipped
O006623,2026-03-03,C01131,P0243,1,0.0,454.98,Cash on Delivery,Delivered
O006623,2026-03-03,C01131,P0106,2,0.1,195.66,UPI,Shipped
O006624,2025-02-06,C00727,P0236,1,0.1,364.89,Debit Card,Cancelled
O006624,2025-02-06,C00727,P0112,3,0.1,303.26,Cash on Delivery,Delivered
O006624,2025-02-06,C00727,P0244,2,0.25,428.71,Credit Card,Shipped
O006625,2024-10-20,C00690,P0152,3,0.05,265.56,Debit Card,Delivered
O006626,2025-02-08,C01424,P0206,1,0.2,196.97,UPI,Delivered
O006626,2025-02-08,C01424,P0068,1,0.2,316.17,Credit Card,Cancelled
O006627,2025-12-21,C00398,P0017,2,0.0,134.48,Credit Card,Shipped
O006627,2025-12-21,C00398,P0037,1,0.05,164.93,UPI,Delivered
O006627,2025-12-21,C00398,P0227,1,0.2,177.9,Wallet,Processing
O006628,2025-07-24,C00436,P0025,1,0.15,215.49,Credit Card,Shipped
O006628,2025-07-24,C00436,P0241,1,0.1,200.05,Net Banking,Processing
O006629,2025-10-07,C01104,P0221,4,0.1,499.12,Credit Card,Delivered
O006630,2025-05-01,C00922,P0059,1,0.0,272.98,Debit Card,Cancelled
O006631,2026-01-07,C01277,P0121,1,0.2,346.79,UPI,Delivered
O006631,2026-01-07,C01277,P0096,1,0.15,353.11,Credit Card,Delivered
O006632,2025-01-13,C00379,P0098,1,0.0,394.95,Net Banking,Cancelled
O006633,2025-03-06,C00581,P0128,1,0.1,193.05,Debit Card,Delivered
O006634,2024-05-23,C00581,P0133,3,0.1,365.95,Wallet,Delivered
O006635,2024-09-20,C00096,P0020,4,0.15,417.03,Credit Card,Delivered
O006636,2024-06-28,C00057,P0039,1,0.15,357.3,UPI,Delivered
O006637,2025-11-16,C00027,P0210,1,0.05,286.71,UPI,Shipped
O006638,2025-09-01,C01093,P0242,2,0.1,251.7,Credit Card,Cancelled
O006639,2025-02-07,C01104,P0017,2,0.15,157.0,Cash on Delivery,Delivered
O006640,2025-10-03,C01246,P0225,1,0.1,381.69,Debit Card,Delivered
O006641,2024-06-14,C00066,P0154,1,0.25,176.1,UPI,Delivered
O006641,2024-06-14,C00066,P0069,1,0.1,85.28,UPI,Shipped
O006641,2024-06-14,C00066,P0107,1,0.2,184.42,UPI,Delivered
O006642,2024-04-13,C01157,P0030,1,0.1,79.87,UPI,Cancelled
O006643,2025-08-17,C00043,P0089,2,0.1,252.36,Debit Card,Delivered
O006644,2025-03-31,C00750,P0020,1,0.15,426.47,Debit Card,Delivered
O006645,2024-08-21,C01141,P0210,3,0.15,77.88,Cash on Delivery,Delivered
O006646,2025-03-15,C00153,P0096,1,0.05,420.26,Wallet,Shipped
O006646,2025-03-15,C00153,P0171,1,0.1,373.18,UPI,Delivered
O006647,2025-06-03,C00716,P0017,1,0.1,161.12,Credit Card,Delivered
O006647,2025-06-03,C00716,P0007,2,0.1,279.53,Credit Card,Cancelled
O006648,2026-01-20,C00196,P0100,1,0.15,141.08,UPI,Delivered
O006649,2026-02-18,C00072,P0164,2,0.0,200.81,Cash on Delivery,Shipped
O006650,2024-05-13,C00472,P0189,1,0.0,61.89,Cash on Delivery,Shipped
O006650,2024-05-13,C00472,P0152,1,0.1,380.26,UPI,Shipped
O006651,2025-11-25,C01164,P0078,1,0.15,222.78,Debit Card,Cancelled
O006651,2025-11-25,C01164,P0042,1,0.2,289.99,UPI,Shipped
O006652,2025-03-17,C01101,P0057,1,0.25,56.33,Credit Card,Shipped
O006652,2025-03-17,C01101,P0037,1,0.1,226.17,UPI,Processing
O006653,2024-07-09,C01171,P0205,1,0.1,499.11,UPI,Delivered
O006653,2024-07-09,C01171,P0191,1,0.1,27.07,Cash on Delivery,Delivered
O006654,2025-04-14,C00110,P0144,1,0.15,131.18,Credit Card,Cancelled
O006654,2025-04-14,C00110,P0148,1,0.15,375.82,UPI,Delivered
O006655,2025-07-14,C00276,P0089,3,0.1,414.74,Wallet,Cancelled
O006656,2024-04-19,C01375,P0055,2,0.2,498.98,UPI,Delivered
O006657,2024-09-26,C01159,P0015,1,0.25,433.48,Credit Card,Cancelled
O006658,2024-07-02,C01067,P0039,1,0.0,39.45,Debit Card,Delivered
O006659,2025-10-27,C00357,P0015,1,0.1,380.65,UPI,Cancelled
O006660,2025-08-08,C01063,P0068,3,0.15,316.44,UPI,Delivered
O006661,2025-12-18,C00265,P0210,2,0.1,57.75,Cash on Delivery,Processing
O006661,2025-12-18,C00265,P0195,1,0.05,241.36,Credit Card,Delivered
O006662,2025-11-11,C01259,P0094,1,0.1,174.75,Net Banking,Cancelled
O006663,2025-07-10,C00133,P0019,1,0.05,130.4,Debit Card,Delivered
O006664,2024-08-20,C00042,P0171,2,0.05,127.17,Credit Card,Delivered
O006665,2025-06-18,C00389,P0012,2,0.1,427.63,UPI,Cancelled
O006666,2025-02-20,C00293,P0075,1,0.0,371.13,UPI,Shipped
O006666,2025-02-20,C00293,P0155,1,0.1,128.6,UPI,Delivered
O006667,2024-04-22,C01047,P0135,2,0.05,420.34,Credit Card,Delivered
O006668,2025-05-27,C01261,P0081,1,0.15,198.73,UPI,Delivered
O006669,2025-06-19,C00050,P0059,1,0.15,31.23,Credit Card,Delivered
O006670,2025-12-02,C00997,P0128,1,0.2,124.85,Credit Card,Delivered
O006670,2025-12-02,C00997,P0050,2,0.2,426.69,Cash on Delivery,Delivered
O006670,2025-12-02,C00997,P0117,1,0.05,288.44,UPI,Delivered
O006671,2025-08-15,C00718,P0137,1,0.15,347.83,Credit Card,Delivered
O006672,2025-11-15,C01166,P0054,1,0.0,335.08,Net Banking,Processing
O006673,2025-04-01,C00020,P0205,1,0.3,257.13,Net Banking,Processing
O006674,2025-09-23,C00786,P0164,1,0.15,165.19,Credit Card,Delivered
O006675,2024-04-06,C00280,P0209,2,0.1,178.31,Debit Card,Processing
O006676,2025-02-16,C00077,P0031,1,0.0,482.37,Debit Card,Shipped
O006676,2025-02-16,C00077,P0116,2,0.05,141.01,UPI,Delivered
O006677,2024-10-22,C00586,P0160,1,0.1,59.86,Wallet,Delivered
O006678,2025-05-30,C00290,P0071,1,0.25,349.41,UPI,Shipped
O006679,2025-05-26,C00020,P0191,2,0.1,85.78,Debit Card,Delivered
O006680,2025-03-10,C00884,P0118,2,0.1,257.76,Debit Card,Delivered
O006681,2026-03-11,C00646,P0011,1,0.1,203.6,UPI,Delivered
O006682,2025-08-03,C01071,P0149,3,0.15,351.08,Cash on Delivery,Shipped
O006683,2025-07-11,C00635,P0224,1,0.2,36.85,Net Banking,Delivered
O006684,2026-03-10,C00873,P0235,1,0.2,339.69,Credit Card,Delivered
O006684,2026-03-10,C00873,P0038,2,0.05,316.0,UPI,Delivered
O006685,2024-05-11,C00676,P0204,1,0.1,428.45,UPI,Delivered
O006686,2024-04-24,C00956,P0003,3,0.1,340.28,Cash on Delivery,Processing
O006687,2025-08-22,C00230,P0005,3,0.2,98.33,Net Banking,Cancelled
O006687,2025-08-22,C00230,P0196,1,0.25,290.74,Wallet,Cancelled
O006688,2025-10-29,C01411,P0160,1,0.05,155.87,Credit Card,Cancelled
O006689,2025-12-09,C00876,P0173,1,0.2,87.13,Net Banking,Delivered
O006690,2024-11-26,C00202,P0066,1,0.05,346.96,Cash on Delivery,Delivered
O006691,2024-06-01,C00601,P0204,4,0.1,249.83,UPI,Delivered
O006691,2024-06-01,C00601,P0240,2,0.1,337.95,Debit Card,Cancelled
O006692,2024-07-05,C00635,P0185,1,0.0,52.71,Credit Card,Shipped
O006693,2025-03-09,C00415,P0222,1,0.05,331.04,Net Banking,Delivered
O006694,2024-05-01,C01220,P0161,1,0.1,248.47,Cash on Delivery,Processing
O006695,2025-10-21,C00752,P0195,1,0.05,358.8,Wallet,Processing
O006695,2025-10-21,C00752,P0097,4,0.3,298.58,Credit Card,Delivered
O006696,2024-08-22,C00139,P0061,1,0.0,230.71,UPI,Delivered
O006696,2024-08-22,C00139,P0240,1,0.05,497.54,UPI,Delivered
O006696,2024-08-22,C00139,P0075,1,0.05,456.79,Debit Card,Delivered
O006697,2024-08-28,C00158,P0196,1,0.1,493.36,UPI,Delivered
O006697,2024-08-28,C00158,P0250,1,0.15,411.3,Credit Card,Shipped
O006698,2024-09-05,C00963,P0148,2,0.1,86.43,Credit Card,Processing
O006699,2025-07-08,C00901,P0220,1,0.1,440.32,Credit Card,Delivered
O006699,2025-07-08,C00901,P0036,4,0.1,86.72,UPI,Delivered
O006700,2025-12-21,C00547,P0152,1,0.0,67.64,Credit Card,Delivered
O006701,2025-04-02,C00335,P0045,4,0.05,210.29,Credit Card,Delivered
O006702,2026-03-11,C00546,P0013,4,0.05,300.33,Debit Card,Delivered
O006703,2026-03-28,C01476,P0232,1,0.2,425.8,Credit Card,Cancelled
O006703,2026-03-28,C01476,P0077,1,0.15,67.41,UPI,Delivered
O006704,2025-11-25,C00519,P0246,2,0.05,370.18,Credit Card,Delivered
O006704,2025-11-25,C00519,P0068,1,0.15,442.88,Cash on Delivery,Delivered
O006705,2024-11-15,C01424,P0158,2,0.1,295.79,Wallet,Processing
O006706,2024-08-11,C01051,P0076,1,0.15,195.69,Debit Card,Shipped
O006706,2024-08-11,C01051,P0125,1,0.1,42.86,UPI,Delivered
O006706,2024-08-11,C01051,P0036,4,0.05,486.32,UPI,Cancelled
O006707,2024-09-26,C00210,P0181,1,0.15,52.26,Credit Card,Delivered
O006707,2024-09-26,C00210,P0224,3,0.1,82.99,UPI,Delivered
O006707,2024-09-26,C00210,P0158,1,0.15,370.62,Credit Card,Delivered
O006708,2025-02-08,C00055,P0093,2,0.2,294.27,Net Banking,Delivered
O006708,2025-02-08,C00055,P0226,1,0.1,272.58,Debit Card,Delivered
O006709,2025-04-19,C00983,P0052,2,0.15,208.7,UPI,Delivered
O006709,2025-04-19,C00983,P0242,1,0.1,460.53,UPI,Delivered
O006710,2024-09-04,C00585,P0146,1,0.2,390.86,Net Banking,Delivered
O006710,2024-09-04,C00585,P0003,4,0.15,433.62,UPI,Delivered
O006711,2024-08-09,C01244,P0233,1,0.1,78.43,Cash on Delivery,Shipped
O006711,2024-08-09,C01244,P0043,2,0.2,270.37,UPI,Delivered
O006712,2024-11-19,C01495,P0085,4,0.1,266.54,Debit Card,Delivered
O006713,2025-10-22,C00618,P0004,1,0.1,252.54,UPI,Delivered
O006714,2025-02-13,C00978,P0183,1,0.05,415.11,Net Banking,Delivered
O006715,2025-04-28,C00067,P0110,1,0.05,263.99,Wallet,Processing
O006716,2025-05-14,C00603,P0153,1,0.25,192.28,Credit Card,Delivered
O006717,2025-08-29,C01089,P0114,3,0.2,126.35,Wallet,Processing
O006717,2025-08-29,C01089,P0119,2,0.1,261.81,Cash on Delivery,Delivered
O006718,2025-07-11,C01316,P0038,1,0.0,160.11,Net Banking,Cancelled
O006719,2025-08-16,C01028,P0081,1,0.2,430.39,UPI,Processing
O006720,2024-09-14,C00023,P0121,1,0.1,457.99,UPI,Cancelled
O006721,2025-03-14,C01277,P0076,1,0.1,46.41,Wallet,Delivered
O006721,2025-03-14,C01277,P0144,1,0.2,255.59,Credit Card,Shipped
O006722,2025-07-15,C01198,P0239,1,0.25,351.12,UPI,Delivered
O006722,2025-07-15,C01198,P0237,1,0.2,248.05,UPI,Delivered
O006723,2024-04-26,C01240,P0225,2,0.0,383.44,UPI,Shipped
O006723,2024-04-26,C01240,P0036,1,0.25,413.12,UPI,Cancelled
O006724,2025-01-14,C00532,P0128,1,0.1,246.81,UPI,Cancelled
O006725,2025-10-24,C00977,P0228,1,0.15,109.54,Cash on Delivery,Processing
O006726,2025-04-03,C01358,P0091,1,0.1,134.43,UPI,Delivered
O006727,2024-12-04,C00007,P0181,1,0.15,51.2,UPI,Delivered
O006728,2025-10-16,C01244,P0059,2,0.2,244.1,Credit Card,Delivered
O006729,2024-08-24,C00389,P0155,1,0.15,496.1,Credit Card,Processing
O006729,2024-08-24,C00389,P0195,1,0.25,327.19,Credit Card,Cancelled
O006729,2024-08-24,C00389,P0201,2,0.15,484.0,UPI,Delivered
O006730,2024-11-26,C00561,P0051,1,0.1,428.68,UPI,Shipped
O006731,2024-06-20,C01074,P0235,3,0.2,146.51,Credit Card,Delivered
O006732,2024-04-01,C01382,P0141,4,0.2,258.05,Credit Card,Delivered
O006732,2024-04-01,C01382,P0090,3,0.05,413.16,Net Banking,Delivered
O006733,2024-10-13,C00250,P0163,2,0.15,51.15,Debit Card,Cancelled
O006734,2025-06-09,C00871,P0097,1,0.1,373.63,Debit Card,Cancelled
O006735,2024-10-28,C00070,P0077,1,0.25,79.88,Net Banking,Delivered
O006736,2026-03-03,C00933,P0064,3,0.15,279.43,Net Banking,Cancelled
O006737,2025-04-19,C00042,P0036,1,0.25,57.29,UPI,Delivered
O006737,2025-04-19,C00042,P0116,1,0.0,271.17,UPI,Processing
O006738,2026-03-05,C00534,P0227,1,0.05,428.0,Credit Card,Cancelled
O006739,2024-08-31,C00423,P0202,1,0.0,213.8,Credit Card,Delivered
O006740,2024-06-08,C00086,P0165,1,0.0,191.91,Debit Card,Delivered
O006741,2025-12-11,C01423,P0136,3,0.0,102.07,Cash on Delivery,Shipped
O006741,2025-12-11,C01423,P0108,2,0.15,301.44,UPI,Cancelled
O006742,2025-03-25,C00924,P0098,1,0.0,195.97,UPI,Processing
O006742,2025-03-25,C00924,P0164,1,0.2,406.57,Cash on Delivery,Shipped
O006743,2026-03-25,C00696,P0159,1,0.1,433.58,Debit Card,Delivered
O006743,2026-03-25,C00696,P0174,1,0.15,409.46,Net Banking,Delivered
O006744,2025-09-09,C00821,P0176,1,0.15,262.54,UPI,Shipped
O006745,2025-11-07,C01309,P0118,1,0.15,209.08,UPI,Delivered
O006746,2025-03-03,C00988,P0034,2,0.1,30.71,Credit Card,Cancelled
O006747,2025-12-09,C00944,P0124,1,0.1,50.57,Wallet,Delivered
O006747,2025-12-09,C00944,P0217,2,0.15,225.81,Credit Card,Shipped
O006748,2025-07-24,C01082,P0034,3,0.25,51.36,UPI,Delivered
O006748,2025-07-24,C01082,P0069,1,0.15,158.76,Credit Card,Delivered
O006748,2025-07-24,C01082,P0004,1,0.25,290.26,Credit Card,Delivered
O006749,2024-07-22,C01131,P0085,2,0.25,70.44,Credit Card,Delivered
O006749,2024-07-22,C01131,P0109,1,0.3,406.03,Credit Card,Delivered
O006750,2025-10-05,C00202,P0220,4,0.15,94.82,Wallet,Cancelled
O006750,2025-10-05,C00202,P0182,1,0.1,497.4,Credit Card,Processing
O006751,2025-06-12,C01470,P0063,1,0.05,152.72,Cash on Delivery,Processing
O006752,2024-06-06,C00467,P0144,1,0.0,336.69,UPI,Cancelled
O006752,2024-06-06,C00467,P0059,1,0.1,284.89,Wallet,Delivered
O006753,2024-08-31,C00481,P0015,1,0.1,121.98,Debit Card,Delivered
O006754,2025-03-19,C00481,P0207,3,0.2,364.55,Cash on Delivery,Delivered
O006754,2025-03-19,C00481,P0137,2,0.2,227.85,UPI,Shipped
O006755,2026-02-07,C00948,P0147,1,0.15,419.47,UPI,Delivered
O006756,2025-04-22,C00148,P0096,2,0.1,57.45,UPI,Delivered
O006757,2025-10-29,C01475,P0215,3,0.05,82.38,Wallet,Delivered
O006757,2025-10-29,C01475,P0205,1,0.05,85.38,Debit Card,Delivered
O006758,2026-03-14,C00713,P0033,1,0.0,291.71,Debit Card,Delivered
O006759,2026-02-17,C00492,P0173,4,0.15,229.12,Wallet,Delivered
O006760,2024-07-28,C00906,P0188,2,0.15,312.36,UPI,Delivered
O006761,2025-08-25,C00169,P0203,1,0.25,312.55,Wallet,Cancelled
O006762,2024-06-01,C00465,P0205,3,0.15,77.21,Credit Card,Cancelled
O006763,2024-04-25,C00495,P0230,1,0.0,136.42,UPI,Processing
O006764,2024-05-27,C00776,P0146,3,0.15,280.97,Credit Card,Delivered
O006764,2024-05-27,C00776,P0224,1,0.0,156.42,Debit Card,Delivered
O006765,2025-02-05,C00758,P0044,1,0.15,207.27,Credit Card,Cancelled
O006766,2025-10-10,C00390,P0010,3,0.15,303.51,Credit Card,Delivered
O006767,2026-02-03,C00532,P0011,2,0.25,122.58,Credit Card,Delivered
O006768,2026-02-02,C00180,P0101,2,0.2,390.46,UPI,Cancelled
O006769,2024-09-26,C01455,P0075,3,0.15,127.42,UPI,Delivered
O006769,2024-09-26,C01455,P0065,2,0.05,67.51,Cash on Delivery,Delivered
O006769,2024-09-26,C01455,P0207,1,0.1,134.77,Credit Card,Delivered
O006770,2024-11-22,C00951,P0245,3,0.2,297.75,Debit Card,Processing
O006770,2024-11-22,C00951,P0013,1,0.1,355.87,Cash on Delivery,Delivered
O006770,2024-11-22,C00951,P0118,1,0.1,448.33,Debit Card,Delivered
O006771,2024-04-12,C01490,P0018,2,0.25,184.06,UPI,Shipped
O006771,2024-04-12,C01490,P0235,1,0.1,447.19,UPI,Delivered
O006772,2024-05-07,C00664,P0009,2,0.05,490.17,Debit Card,Cancelled
O006773,2026-02-13,C01088,P0045,1,0.0,300.01,Wallet,Delivered
O006773,2026-02-13,C01088,P0228,1,0.05,350.81,Credit Card,Delivered
O006774,2025-08-14,C01135,P0159,1,0.05,338.56,Debit Card,Processing
O006775,2025-10-05,C01487,P0006,1,0.1,404.91,UPI,Delivered
O006776,2025-01-13,C01436,P0063,2,0.2,393.41,Wallet,Delivered
O006777,2025-08-21,C01155,P0095,1,0.05,353.14,Credit Card,Cancelled
O006778,2026-01-23,C00201,P0099,3,0.2,147.91,UPI,Delivered
O006778,2026-01-23,C00201,P0157,1,0.0,392.08,Credit Card,Shipped
O006778,2026-01-23,C00201,P0223,1,0.0,497.63,Credit Card,Delivered
O006779,2025-03-26,C00165,P0180,4,0.25,152.41,Credit Card,Delivered
O006780,2024-12-22,C00226,P0190,2,0.05,269.81,Wallet,Delivered
O006780,2024-12-22,C00226,P0048,2,0.15,343.31,UPI,Delivered
O006780,2024-12-22,C00226,P0033,2,0.05,469.62,UPI,Delivered
O006781,2024-11-30,C00397,P0065,1,0.3,307.52,Cash on Delivery,Delivered
O006782,2025-04-22,C00833,P0217,2,0.25,143.76,UPI,Delivered
O006783,2024-07-07,C00056,P0226,2,0.15,482.25,Credit Card,Delivered
O006784,2025-03-10,C00030,P0061,1,0.05,256.7,UPI,Cancelled
O006785,2024-08-04,C00022,P0059,4,0.1,250.71,Cash on Delivery,Delivered
O006786,2025-07-17,C01229,P0011,1,0.1,35.01,Wallet,Delivered
O006787,2024-06-01,C01500,P0068,1,0.1,130.46,UPI,Delivered
O006788,2025-08-15,C00490,P0128,1,0.05,33.79,UPI,Cancelled
O006789,2026-02-13,C01457,P0117,2,0.2,281.55,Credit Card,Delivered
O006790,2025-03-26,C00205,P0025,1,0.1,414.56,UPI,Processing
O006791,2025-01-04,C01105,P0006,1,0.1,499.78,UPI,Shipped
O006791,2025-01-04,C01105,P0212,1,0.1,119.56,Credit Card,Delivered
O006792,2025-02-25,C00886,P0040,3,0.1,476.72,Credit Card,Processing
O006792,2025-02-25,C00886,P0150,1,0.2,465.62,Debit Card,Shipped
O006793,2024-06-21,C01187,P0132,1,0.15,248.5,Cash on Delivery,Shipped
O006794,2025-03-10,C01103,P0049,1,0.15,126.54,Credit Card,Processing
O006795,2026-02-24,C01347,P0185,1,0.0,388.89,Credit Card,Cancelled
O006796,2024-05-23,C00728,P0043,2,0.1,485.75,Credit Card,Cancelled
O006797,2025-05-28,C01296,P0230,2,0.05,283.81,Credit Card,Processing
O006797,2025-05-28,C01296,P0018,1,0.2,361.88,Wallet,Delivered
O006797,2025-05-28,C01296,P0163,1,0.15,233.22,Cash on Delivery,Delivered
O006798,2024-06-29,C00908,P0032,2,0.1,230.48,Wallet,Delivered
O006799,2025-06-09,C00715,P0196,2,0.1,279.71,UPI,Delivered
O006800,2026-01-17,C00453,P0088,1,0.1,47.39,UPI,Processing
O006800,2026-01-17,C00453,P0195,1,0.05,492.02,Credit Card,Cancelled
O006801,2025-10-12,C01359,P0213,4,0.3,239.39,Net Banking,Delivered
O006802,2025-08-01,C00477,P0030,2,0.1,184.72,Wallet,Delivered
O006803,2024-11-01,C00671,P0068,1,0.05,35.07,Debit Card,Delivered
O006804,2024-06-12,C00808,P0131,1,0.15,99.15,Debit Card,Delivered
O006804,2024-06-12,C00808,P0213,1,0.05,90.44,UPI,Delivered
O006805,2025-10-22,C00139,P0081,1,0.1,226.62,Cash on Delivery,Shipped
O006806,2025-09-30,C00595,P0061,2,0.15,143.01,UPI,Delivered
O006807,2024-04-14,C00972,P0023,1,0.15,349.71,Debit Card,Delivered
O006807,2024-04-14,C00972,P0151,1,0.0,362.06,UPI,Processing
O006808,2026-01-19,C00108,P0045,2,0.05,375.28,Debit Card,Shipped
O006808,2026-01-19,C00108,P0179,1,0.1,214.01,Debit Card,Delivered
O006809,2024-10-29,C00927,P0080,1,0.05,159.54,Wallet,Delivered
O006810,2025-02-15,C00020,P0024,1,0.2,119.7,Credit Card,Shipped
O006810,2025-02-15,C00020,P0133,1,0.1,137.15,UPI,Delivered
O006811,2026-02-21,C00723,P0105,2,0.05,216.93,Credit Card,Processing
O006812,2024-10-13,C01100,P0239,2,0.0,469.02,Net Banking,Delivered
O006812,2024-10-13,C01100,P0175,1,0.05,411.42,UPI,Delivered
O006813,2024-06-17,C00904,P0158,1,0.1,304.61,Cash on Delivery,Delivered
O006814,2025-03-26,C00025,P0207,1,0.0,145.97,Debit Card,Shipped
O006814,2025-03-26,C00025,P0202,1,0.0,421.13,UPI,Shipped
O006815,2024-10-20,C00461,P0172,1,0.1,499.23,Cash on Delivery,Cancelled
O006816,2025-03-18,C00493,P0062,1,0.1,344.6,UPI,Delivered
O006817,2025-07-23,C01370,P0054,1,0.0,230.21,UPI,Delivered
O006817,2025-07-23,C01370,P0049,2,0.1,400.66,Debit Card,Delivered
O006817,2025-07-23,C01370,P0120,1,0.1,112.42,Cash on Delivery,Processing
O006818,2025-05-07,C00576,P0095,1,0.2,385.32,Net Banking,Delivered
O006818,2025-05-07,C00576,P0179,1,0.15,151.08,Credit Card,Delivered
O006818,2025-05-07,C00576,P0191,1,0.15,110.8,Credit Card,Delivered
O006819,2024-07-07,C00471,P0067,2,0.0,245.2,UPI,Cancelled
O006820,2026-02-01,C01441,P0065,2,0.1,144.52,Credit Card,Processing
O006821,2025-02-07,C01306,P0117,1,0.25,379.11,UPI,Delivered
O006822,2024-12-25,C01348,P0158,1,0.3,150.72,Credit Card,Cancelled
O006823,2024-04-10,C00773,P0129,3,0.25,417.68,Net Banking,Cancelled
O006824,2025-05-14,C00965,P0138,3,0.1,217.81,Cash on Delivery,Processing
O006825,2024-04-13,C00543,P0194,1,0.1,96.43,UPI,Delivered
O006826,2025-10-11,C00852,P0151,1,0.05,323.3,Net Banking,Cancelled
O006827,2025-10-02,C00770,P0005,1,0.1,256.08,Debit Card,Delivered
O006827,2025-10-02,C00770,P0234,1,0.2,144.22,UPI,Shipped
O006828,2024-12-29,C01419,P0023,1,0.1,54.62,Credit Card,Delivered
O006828,2024-12-29,C01419,P0170,1,0.0,498.67,UPI,Delivered
O006829,2026-02-21,C00393,P0127,4,0.2,193.0,Credit Card,Processing
O006829,2026-02-21,C00393,P0040,1,0.1,267.34,UPI,Delivered
O006830,2026-02-23,C00492,P0079,1,0.15,35.56,Credit Card,Processing
O006830,2026-02-23,C00492,P0017,1,0.05,434.62,UPI,Delivered
O006831,2025-04-18,C01321,P0030,3,0.1,303.31,UPI,Shipped
O006832,2026-03-28,C00050,P0106,2,0.05,94.59,UPI,Delivered
O006833,2025-12-08,C01399,P0086,1,0.15,334.93,UPI,Processing
O006834,2024-05-06,C01117,P0162,1,0.0,392.41,UPI,Processing
O006835,2026-01-19,C00067,P0065,3,0.15,289.45,Debit Card,Cancelled
O006836,2025-07-16,C00506,P0229,1,0.1,386.2,Cash on Delivery,Delivered
O006837,2025-03-07,C01194,P0080,1,0.15,416.03,Credit Card,Delivered
O006838,2025-12-22,C00898,P0104,1,0.1,267.01,UPI,Delivered
O006839,2025-09-15,C00258,P0183,1,0.25,75.63,UPI,Delivered
O006840,2025-06-17,C00263,P0024,1,0.05,252.13,Credit Card,Cancelled
O006840,2025-06-17,C00263,P0007,1,0.15,452.02,Credit Card,Processing
O006841,2026-02-19,C00028,P0217,1,0.1,211.44,Net Banking,Processing
O006842,2024-12-30,C01277,P0008,1,0.15,173.79,UPI,Cancelled
O006842,2024-12-30,C01277,P0250,2,0.15,406.0,UPI,Delivered
O006843,2024-08-02,C00408,P0017,1,0.1,36.59,UPI,Processing
O006844,2026-01-03,C01406,P0025,1,0.1,272.37,Credit Card,Cancelled
O006845,2025-08-14,C01498,P0062,2,0.15,274.11,UPI,Delivered
O006846,2024-05-02,C00899,P0162,2,0.15,142.76,Credit Card,Shipped
O006847,2025-01-28,C00222,P0108,1,0.1,71.26,Credit Card,Processing
O006848,2025-02-20,C00601,P0110,3,0.1,96.11,Wallet,Delivered
O006849,2025-01-13,C01301,P0121,1,0.05,293.51,Net Banking,Delivered
O006850,2026-02-02,C00003,P0119,1,0.15,438.92,UPI,Delivered
O006851,2026-02-21,C00319,P0075,3,0.05,486.11,UPI,Delivered
O006851,2026-02-21,C00319,P0035,2,0.1,55.86,UPI,Shipped
O006852,2025-08-04,C01238,P0082,3,0.15,49.07,Net Banking,Shipped
O006853,2025-02-01,C00404,P0120,3,0.0,465.74,Debit Card,Processing
O006854,2025-09-07,C01478,P0029,1,0.1,278.79,Credit Card,Delivered
O006855,2024-09-12,C01129,P0012,1,0.1,372.75,Credit Card,Cancelled
O006856,2026-01-21,C00123,P0097,1,0.1,403.46,UPI,Delivered
O006856,2026-01-21,C00123,P0027,1,0.1,175.86,UPI,Delivered
O006857,2025-01-06,C00224,P0236,1,0.15,300.97,Debit Card,Delivered
O006857,2025-01-06,C00224,P0114,2,0.3,301.95,UPI,Processing
O006858,2025-04-06,C00214,P0218,1,0.2,57.63,Debit Card,Delivered
O006858,2025-04-06,C00214,P0237,1,0.05,33.57,UPI,Processing
O006859,2026-03-07,C00936,P0031,1,0.15,403.09,Credit Card,Delivered
O006859,2026-03-07,C00936,P0081,3,0.15,369.28,Cash on Delivery,Cancelled
O006860,2024-05-11,C00906,P0216,1,0.1,216.91,Cash on Delivery,Delivered
O006860,2024-05-11,C00906,P0183,1,0.1,292.33,Net Banking,Delivered
O006860,2024-05-11,C00906,P0032,1,0.1,161.41,Wallet,Processing
O006861,2025-08-28,C00797,P0160,2,0.15,437.3,Credit Card,Shipped
O006862,2024-10-26,C00423,P0216,2,0.1,170.76,Credit Card,Shipped
O006862,2024-10-26,C00423,P0009,1,0.1,310.54,UPI,Delivered
O006863,2024-09-29,C00713,P0039,1,0.0,246.94,Net Banking,Delivered
O006863,2024-09-29,C00713,P0201,2,0.15,221.91,Cash on Delivery,Cancelled
O006864,2025-06-16,C00828,P0146,1,0.0,71.52,Net Banking,Processing
O006864,2025-06-16,C00828,P0200,1,0.1,33.41,UPI,Delivered
O006865,2024-12-13,C00502,P0039,1,0.05,295.55,Debit Card,Shipped
O006866,2025-01-22,C01024,P0178,2,0.15,225.01,Wallet,Delivered
O006866,2025-01-22,C01024,P0070,1,0.05,418.76,Net Banking,Cancelled
O006867,2025-11-13,C00615,P0233,1,0.25,207.1,UPI,Delivered
O006868,2024-06-03,C01177,P0011,1,0.15,347.18,UPI,Delivered
O006868,2024-06-03,C01177,P0089,4,0.1,149.38,Credit Card,Cancelled
O006869,2025-03-13,C01247,P0126,1,0.15,281.54,UPI,Delivered
O006869,2025-03-13,C01247,P0047,2,0.3,214.65,Debit Card,Delivered
O006870,2025-03-12,C00534,P0085,1,0.0,48.39,Net Banking,Delivered
O006871,2025-01-14,C01350,P0186,1,0.05,187.19,Net Banking,Cancelled
O006872,2025-02-16,C01043,P0014,2,0.1,223.39,UPI,Cancelled
O006873,2024-12-13,C00411,P0196,1,0.2,436.22,Credit Card,Cancelled
O006874,2025-03-22,C00174,P0243,1,0.1,145.88,Debit Card,Delivered
O006875,2025-03-08,C00361,P0009,2,0.05,53.87,UPI,Delivered
O006875,2025-03-08,C00361,P0182,3,0.05,107.54,Cash on Delivery,Delivered
O006876,2025-11-01,C00769,P0100,1,0.25,325.3,UPI,Delivered
O006876,2025-11-01,C00769,P0188,1,0.1,230.78,Credit Card,Processing
O006877,2025-06-07,C00957,P0081,1,0.25,46.8,Wallet,Shipped
O006877,2025-06-07,C00957,P0114,1,0.1,216.66,Credit Card,Delivered
O006878,2024-05-17,C01303,P0052,1,0.1,387.99,Credit Card,Delivered
O006879,2025-01-20,C00589,P0012,2,0.05,414.5,Net Banking,Processing
O006880,2025-08-02,C01171,P0020,2,0.05,262.2,UPI,Delivered
O006881,2025-12-17,C01201,P0238,1,0.2,448.45,Credit Card,Delivered
O006882,2025-07-08,C00240,P0173,1,0.3,164.49,Credit Card,Delivered
O006883,2025-12-25,C01477,P0245,1,0.2,228.94,Cash on Delivery,Delivered
O006883,2025-12-25,C01477,P0239,1,0.15,329.1,Credit Card,Delivered
O006884,2026-03-17,C01339,P0229,1,0.1,127.41,Cash on Delivery,Delivered
O006885,2026-03-28,C01101,P0233,3,0.0,129.82,UPI,Delivered
O006886,2025-06-22,C01390,P0012,1,0.2,28.89,UPI,Delivered
O006886,2025-06-22,C01390,P0004,2,0.15,212.89,UPI,Cancelled
O006886,2025-06-22,C01390,P0137,1,0.2,393.17,UPI,Delivered
O006887,2025-02-25,C00796,P0162,1,0.1,99.72,Debit Card,Processing
O006888,2024-08-07,C00942,P0048,3,0.0,240.44,Net Banking,Delivered
O006889,2024-06-22,C00665,P0187,1,0.05,170.8,Credit Card,Delivered
O006890,2025-02-04,C00553,P0162,1,0.0,98.03,UPI,Processing
O006891,2025-02-05,C00129,P0113,2,0.2,211.48,UPI,Delivered
O006892,2025-04-20,C00002,P0142,1,0.05,229.04,Net Banking,Processing
O006893,2024-12-25,C00309,P0250,2,0.25,262.26,UPI,Delivered
O006893,2024-12-25,C00309,P0021,1,0.2,332.63,Net Banking,Delivered
O006893,2024-12-25,C00309,P0023,1,0.15,80.3,UPI,Cancelled
O006894,2024-08-18,C01377,P0223,1,0.1,336.57,Debit Card,Delivered
O006895,2026-02-15,C00742,P0117,1,0.05,257.03,Debit Card,Shipped
O006895,2026-02-15,C00742,P0190,1,0.15,326.46,Credit Card,Delivered
O006896,2026-02-16,C00541,P0233,1,0.0,42.43,UPI,Delivered
O006896,2026-02-16,C00541,P0007,3,0.05,50.97,Cash on Delivery,Delivered
O006897,2024-12-31,C00735,P0075,1,0.1,314.33,UPI,Processing
O006897,2024-12-31,C00735,P0111,1,0.2,284.72,UPI,Processing
O006897,2024-12-31,C00735,P0035,2,0.2,379.35,Credit Card,Processing
O006898,2025-06-12,C00151,P0245,1,0.15,234.52,UPI,Delivered
O006899,2025-07-22,C01272,P0227,1,0.1,269.28,Credit Card,Delivered
O006899,2025-07-22,C01272,P0138,4,0.1,465.62,Credit Card,Delivered
O006900,2024-05-07,C00793,P0172,1,0.0,72.5,Wallet,Delivered
O006900,2024-05-07,C00793,P0158,1,0.15,185.89,Credit Card,Delivered
O006901,2024-06-23,C00594,P0039,2,0.0,492.15,Wallet,Cancelled
O006902,2025-12-19,C00772,P0151,1,0.1,308.0,Debit Card,Delivered
O006902,2025-12-19,C00772,P0147,3,0.25,242.91,UPI,Delivered
O006903,2025-11-18,C01378,P0058,1,0.15,104.21,Credit Card,Delivered
O006904,2025-12-14,C01118,P0173,4,0.15,169.82,Cash on Delivery,Processing
O006904,2025-12-14,C01118,P0073,1,0.15,279.65,Debit Card,Delivered
O006905,2025-09-18,C00425,P0150,1,0.15,402.93,Cash on Delivery,Shipped
O006906,2024-11-01,C00093,P0021,1,0.15,199.89,UPI,Shipped
O006906,2024-11-01,C00093,P0236,1,0.1,153.92,UPI,Delivered
O006907,2025-01-14,C01247,P0167,3,0.2,393.42,UPI,Shipped
O006908,2025-03-20,C00515,P0227,1,0.05,301.62,UPI,Delivered
O006908,2025-03-20,C00515,P0100,3,0.05,161.41,Net Banking,Shipped
O006909,2024-12-11,C00550,P0111,2,0.1,200.46,Credit Card,Delivered
O006909,2024-12-11,C00550,P0125,1,0.1,361.2,Cash on Delivery,Delivered
O006910,2024-12-14,C00780,P0241,1,0.0,50.96,Wallet,Delivered
O006911,2024-07-02,C00724,P0242,1,0.05,291.94,Credit Card,Cancelled
O006911,2024-07-02,C00724,P0243,1,0.15,143.62,Cash on Delivery,Cancelled
O006912,2025-08-20,C01169,P0156,2,0.0,105.91,Credit Card,Delivered
O006913,2024-12-08,C00728,P0151,1,0.25,279.32,Net Banking,Cancelled
O006914,2024-09-19,C00672,P0186,4,0.05,393.91,UPI,Delivered
O006915,2025-12-26,C00621,P0171,1,0.25,375.45,UPI,Delivered
O006916,2025-06-23,C00008,P0047,1,0.0,220.01,Cash on Delivery,Processing
O006917,2024-07-21,C01270,P0160,2,0.2,60.63,Net Banking,Delivered
O006918,2024-09-06,C01084,P0056,1,0.1,295.37,Credit Card,Delivered
O006918,2024-09-06,C01084,P0202,1,0.15,202.27,Credit Card,Shipped
O006918,2024-09-06,C01084,P0107,1,0.05,298.02,UPI,Delivered
O006919,2024-11-28,C00896,P0066,1,0.05,234.22,Wallet,Cancelled
O006920,2024-04-28,C00902,P0078,2,0.1,493.81,Credit Card,Delivered
O006921,2025-11-06,C00831,P0204,1,0.15,74.49,UPI,Shipped
O006922,2024-05-07,C00150,P0160,1,0.05,301.13,UPI,Processing
O006922,2024-05-07,C00150,P0245,2,0.05,430.11,UPI,Delivered
O006922,2024-05-07,C00150,P0108,1,0.1,48.97,Wallet,Delivered
O006923,2025-12-13,C00607,P0043,1,0.1,280.41,Cash on Delivery,Delivered
O006924,2025-04-10,C00678,P0084,1,0.1,187.74,UPI,Cancelled
O006925,2024-09-23,C00643,P0069,1,0.0,367.67,Credit Card,Shipped
O006926,2024-07-23,C00587,P0056,1,0.0,217.4,Cash on Delivery,Cancelled
O006926,2024-07-23,C00587,P0139,1,0.05,439.91,UPI,Cancelled
O006927,2024-12-22,C01334,P0152,2,0.15,146.02,UPI,Cancelled
O006928,2024-10-18,C00335,P0235,1,0.2,197.29,Debit Card,Shipped
O006928,2024-10-18,C00335,P0073,4,0.05,188.07,UPI,Delivered
O006928,2024-10-18,C00335,P0016,1,0.1,205.54,Debit Card,Cancelled
O006929,2025-03-06,C00928,P0152,2,0.05,137.06,Cash on Delivery,Processing
O006929,2025-03-06,C00928,P0154,1,0.1,130.56,UPI,Shipped
O006930,2025-03-06,C01250,P0099,1,0.0,213.77,Net Banking,Delivered
O006931,2025-12-19,C00928,P0098,1,0.1,63.7,Credit Card,Delivered
O006932,2024-09-09,C01360,P0066,1,0.3,245.54,UPI,Processing
O006933,2026-01-15,C00549,P0094,1,0.1,106.87,UPI,Delivered
O006934,2025-06-07,C00038,P0199,1,0.0,357.46,Net Banking,Delivered
O006934,2025-06-07,C00038,P0220,1,0.0,408.21,Debit Card,Delivered
O006935,2025-10-07,C00194,P0180,2,0.15,488.65,Cash on Delivery,Delivered
O006935,2025-10-07,C00194,P0145,1,0.25,179.46,Wallet,Delivered
O006935,2025-10-07,C00194,P0197,2,0.1,104.25,Credit Card,Delivered
O006936,2024-10-29,C00713,P0249,3,0.0,333.58,UPI,Delivered
O006937,2025-09-26,C00458,P0232,1,0.25,155.84,Cash on Delivery,Cancelled
O006937,2025-09-26,C00458,P0088,2,0.0,89.45,Wallet,Delivered
O006938,2024-08-30,C01271,P0130,2,0.0,197.86,Cash on Delivery,Delivered
O006939,2025-10-20,C00603,P0111,2,0.1,329.04,Cash on Delivery,Processing
O006940,2025-07-29,C00560,P0206,4,0.0,190.85,Credit Card,Shipped
O006941,2024-04-18,C00653,P0185,2,0.15,276.8,Cash on Delivery,Delivered
O006942,2025-10-27,C00028,P0060,1,0.05,201.89,UPI,Cancelled
O006943,2024-06-27,C01383,P0143,1,0.2,139.41,Cash on Delivery,Processing
O006943,2024-06-27,C01383,P0005,1,0.0,355.07,UPI,Delivered
O006944,2025-08-08,C01245,P0167,1,0.1,405.45,UPI,Processing
O006945,2025-02-05,C00278,P0206,1,0.1,68.0,Debit Card,Delivered
O006946,2025-02-09,C00313,P0237,3,0.25,241.46,Cash on Delivery,Cancelled
O006946,2025-02-09,C00313,P0218,3,0.15,373.86,Debit Card,Delivered
O006947,2025-09-08,C01308,P0038,4,0.0,404.42,UPI,Shipped
O006948,2025-02-14,C00488,P0129,2,0.15,74.21,UPI,Shipped
O006949,2024-11-13,C00227,P0041,1,0.3,366.61,Cash on Delivery,Processing
O006950,2026-03-14,C00645,P0125,1,0.0,495.95,UPI,Shipped
O006951,2025-05-01,C00747,P0125,1,0.1,359.89,UPI,Delivered
O006951,2025-05-01,C00747,P0242,1,0.2,427.24,Debit Card,Delivered
O006952,2025-08-14,C01498,P0092,1,0.15,147.78,Credit Card,Delivered
O006952,2025-08-14,C01498,P0231,1,0.15,376.16,UPI,Cancelled
O006953,2026-01-16,C01437,P0200,1,0.1,468.63,Debit Card,Delivered
O006954,2025-01-29,C00750,P0243,1,0.0,371.7,Cash on Delivery,Delivered
O006954,2025-01-29,C00750,P0145,1,0.1,73.08,Credit Card,Delivered
O006955,2025-08-11,C00410,P0091,1,0.1,411.66,Cash on Delivery,Cancelled
O006956,2024-04-15,C01230,P0170,2,0.1,133.77,Credit Card,Delivered
O006957,2025-03-09,C01149,P0095,1,0.0,181.29,Credit Card,Shipped
O006958,2025-02-26,C00483,P0132,1,0.05,108.12,Credit Card,Processing
O006959,2024-11-17,C01020,P0107,4,0.2,444.72,UPI,Delivered
O006959,2024-11-17,C01020,P0114,1,0.2,434.73,Net Banking,Delivered
O006960,2025-01-02,C00698,P0115,1,0.05,106.11,Credit Card,Shipped
O006961,2025-11-26,C01356,P0086,1,0.1,213.24,Credit Card,Delivered
O006961,2025-11-26,C01356,P0062,1,0.0,379.87,Cash on Delivery,Cancelled
O006962,2025-10-24,C00522,P0037,1,0.1,121.66,UPI,Processing
O006962,2025-10-24,C00522,P0233,1,0.0,31.51,Credit Card,Delivered
O006962,2025-10-24,C00522,P0243,1,0.15,106.02,UPI,Delivered
O006963,2025-09-09,C01127,P0079,2,0.1,441.55,UPI,Shipped
O006964,2024-10-07,C00168,P0129,1,0.1,34.16,Net Banking,Delivered
O006965,2025-01-18,C00237,P0001,1,0.15,327.88,Net Banking,Delivered
O006966,2025-04-11,C00642,P0204,2,0.0,265.26,Net Banking,Shipped
O006966,2025-04-11,C00642,P0025,2,0.05,472.7,Wallet,Processing
O006967,2024-07-06,C00340,P0139,1,0.15,433.56,UPI,Cancelled
O006968,2025-10-24,C01149,P0218,1,0.05,126.48,Cash on Delivery,Delivered
O006969,2025-03-16,C01391,P0213,1,0.1,189.84,UPI,Delivered
O006970,2025-04-12,C00771,P0059,3,0.1,94.03,Credit Card,Shipped
O006970,2025-04-12,C00771,P0204,1,0.1,48.9,UPI,Delivered
O006971,2024-08-20,C00974,P0049,4,0.0,313.21,Cash on Delivery,Delivered
O006971,2024-08-20,C00974,P0141,1,0.1,173.73,UPI,Delivered
O006972,2024-12-04,C00727,P0001,1,0.1,237.29,Cash on Delivery,Cancelled
O006972,2024-12-04,C00727,P0070,1,0.1,191.17,Credit Card,Delivered
O006973,2026-01-21,C01318,P0112,1,0.1,158.31,Cash on Delivery,Shipped
O006974,2024-04-01,C00126,P0146,1,0.25,450.08,Credit Card,Cancelled
O006975,2025-08-09,C01394,P0027,2,0.1,182.83,UPI,Delivered
O006975,2025-08-09,C01394,P0216,1,0.15,117.44,Net Banking,Delivered
O006976,2025-02-27,C01217,P0194,1,0.05,399.3,Credit Card,Delivered
O006976,2025-02-27,C01217,P0116,1,0.2,388.7,UPI,Shipped
O006977,2025-12-23,C00252,P0194,1,0.1,181.04,UPI,Cancelled
O006977,2025-12-23,C00252,P0158,1,0.0,409.02,UPI,Delivered
O006978,2024-11-15,C00939,P0230,1,0.05,461.06,Cash on Delivery,Delivered
O006978,2024-11-15,C00939,P0151,1,0.0,144.53,Debit Card,Delivered
O006979,2025-11-04,C00155,P0235,2,0.15,266.9,Wallet,Delivered
O006980,2025-01-24,C01103,P0216,1,0.0,319.98,Cash on Delivery,Delivered
O006980,2025-01-24,C01103,P0227,1,0.05,162.03,Debit Card,Delivered
O006981,2025-03-09,C00155,P0011,2,0.1,59.05,UPI,Delivered
O006982,2025-01-29,C01146,P0063,1,0.0,82.03,UPI,Shipped
O006983,2025-02-08,C00652,P0004,1,0.1,366.62,UPI,Shipped
O006984,2025-04-13,C00041,P0131,2,0.05,197.66,Wallet,Delivered
O006985,2025-02-27,C00078,P0106,1,0.15,67.08,Cash on Delivery,Delivered
O006985,2025-02-27,C00078,P0172,1,0.05,428.17,UPI,Processing
O006986,2024-08-06,C00454,P0193,1,0.05,131.87,Credit Card,Delivered
O006987,2025-03-25,C00620,P0180,1,0.15,63.97,Credit Card,Delivered
O006988,2025-07-28,C00048,P0024,1,0.05,97.27,Cash on Delivery,Delivered
O006988,2025-07-28,C00048,P0087,1,0.2,376.16,Net Banking,Cancelled
O006989,2025-06-12,C00208,P0052,1,0.3,133.76,Net Banking,Delivered
O006990,2024-07-11,C00129,P0225,1,0.2,349.89,UPI,Delivered
O006990,2024-07-11,C00129,P0053,1,0.05,394.4,Debit Card,Shipped
O006991,2024-04-13,C00234,P0165,1,0.1,202.65,Debit Card,Delivered
O006991,2024-04-13,C00234,P0074,1,0.05,106.18,Credit Card,Processing
O006992,2024-06-29,C01143,P0085,1,0.15,330.93,Wallet,Shipped
O006993,2024-04-26,C00358,P0176,1,0.0,146.52,Debit Card,Delivered
O006994,2024-11-09,C00464,P0153,1,0.2,437.22,Net Banking,Delivered
O006995,2025-10-30,C00973,P0186,1,0.0,78.89,Credit Card,Shipped
O006996,2025-02-16,C01453,P0167,1,0.1,462.58,Credit Card,Delivered
O006997,2025-06-03,C00837,P0089,1,0.2,144.66,UPI,Delivered
O006998,2026-02-18,C00745,P0241,1,0.15,489.1,UPI,Delivered
O006999,2025-03-30,C00351,P0013,1,0.1,43.23,Cash on Delivery,Shipped
O007000,2024-12-06,C00553,P0024,3,0.0,479.01,UPI,Delivered
O007000,2024-12-06,C00553,P0138,1,0.05,84.25,Net Banking,Delivered
O007000,2024-12-06,C00553,P0066,3,0.2,429.46,Credit Card,Shipped
O007001,2025-10-02,C01039,P0162,1,0.0,61.24,Credit Card,Processing
O007002,2024-04-15,C00389,P0017,1,0.05,126.5,UPI,Cancelled
O007002,2024-04-15,C00389,P0213,3,0.2,190.11,Cash on Delivery,Delivered
O007003,2024-06-12,C00816,P0215,1,0.05,431.34,UPI,Cancelled
O007004,2025-12-20,C00919,P0099,2,0.05,143.26,Cash on Delivery,Cancelled
O007005,2026-01-11,C00035,P0234,1,0.15,178.51,UPI,Delivered
O007006,2025-02-02,C00928,P0076,1,0.1,198.02,Net Banking,Delivered
O007007,2024-06-02,C01206,P0248,1,0.15,246.06,UPI,Cancelled
O007007,2024-06-02,C01206,P0160,1,0.05,198.02,UPI,Delivered
O007008,2025-01-13,C00262,P0204,1,0.1,442.78,Debit Card,Delivered
O007008,2025-01-13,C00262,P0082,1,0.2,496.12,Cash on Delivery,Cancelled
O007009,2025-09-13,C00900,P0111,3,0.1,66.08,UPI,Cancelled
O007009,2025-09-13,C00900,P0164,4,0.0,336.31,Debit Card,Shipped
O007009,2025-09-13,C00900,P0161,1,0.1,437.51,Debit Card,Delivered
O007010,2025-01-29,C00997,P0127,1,0.0,361.64,UPI,Delivered
O007010,2025-01-29,C00997,P0240,1,0.0,367.17,UPI,Delivered
O007011,2026-01-16,C01369,P0154,1,0.1,421.47,Wallet,Delivered
O007011,2026-01-16,C01369,P0019,1,0.0,330.76,UPI,Delivered
O007011,2026-01-16,C01369,P0098,4,0.25,109.72,UPI,Delivered
O007012,2024-04-29,C00914,P0123,2,0.05,275.81,UPI,Delivered
O007013,2025-02-20,C01330,P0103,1,0.1,91.51,Net Banking,Delivered
O007013,2025-02-20,C01330,P0060,1,0.05,190.78,Net Banking,Delivered
O007013,2025-02-20,C01330,P0227,2,0.15,489.63,UPI,Delivered
O007014,2026-01-31,C00380,P0217,1,0.1,278.65,Debit Card,Shipped
O007015,2024-06-30,C01353,P0024,4,0.0,190.83,Credit Card,Delivered
O007016,2024-08-08,C00569,P0078,1,0.15,440.2,UPI,Delivered
O007017,2025-02-12,C01240,P0207,2,0.15,269.16,Credit Card,Delivered
O007018,2025-02-14,C00733,P0141,1,0.1,130.11,Credit Card,Delivered
O007019,2025-08-26,C00059,P0148,2,0.05,243.11,UPI,Delivered
O007019,2025-08-26,C00059,P0196,1,0.15,443.6,UPI,Processing
O007020,2025-08-27,C00817,P0060,1,0.1,148.29,UPI,Processing
O007021,2024-10-14,C00827,P0233,1,0.05,215.67,Credit Card,Delivered
O007021,2024-10-14,C00827,P0050,1,0.15,327.62,UPI,Shipped
O007021,2024-10-14,C00827,P0092,1,0.1,180.25,Credit Card,Delivered
O007022,2025-04-21,C00760,P0039,1,0.2,195.12,Debit Card,Delivered
O007022,2025-04-21,C00760,P0179,1,0.15,377.15,Net Banking,Cancelled
O007022,2025-04-21,C00760,P0180,1,0.1,318.14,Cash on Delivery,Delivered
O007023,2024-06-06,C00531,P0175,1,0.1,189.1,UPI,Processing
O007023,2024-06-06,C00531,P0139,1,0.15,279.24,Debit Card,Shipped
O007024,2024-06-28,C00911,P0018,1,0.2,294.56,Net Banking,Shipped
O007025,2025-12-12,C01488,P0211,3,0.25,349.68,Wallet,Delivered
O007026,2024-05-09,C00530,P0029,2,0.1,89.82,UPI,Cancelled
O007026,2024-05-09,C00530,P0181,1,0.15,453.95,UPI,Shipped
O007027,2024-06-29,C00562,P0067,1,0.05,189.24,UPI,Delivered
O007028,2024-09-11,C00808,P0021,1,0.1,184.98,Credit Card,Delivered
O007029,2026-01-08,C00161,P0081,1,0.0,395.2,Credit Card,Delivered
O007029,2026-01-08,C00161,P0133,1,0.15,281.2,Net Banking,Shipped
O007030,2025-01-23,C01286,P0165,2,0.1,247.28,Credit Card,Delivered
O007030,2025-01-23,C01286,P0147,2,0.1,43.73,Credit Card,Delivered
O007031,2025-05-09,C00553,P0149,1,0.15,445.4,UPI,Delivered
O007032,2025-12-31,C01459,P0052,2,0.1,149.79,Wallet,Shipped
O007033,2024-12-03,C00880,P0115,1,0.15,241.81,Net Banking,Delivered
O007034,2026-01-24,C00518,P0143,1,0.1,43.6,Net Banking,Delivered
O007034,2026-01-24,C00518,P0110,2,0.0,204.74,Wallet,Processing
O007035,2024-05-09,C01124,P0021,2,0.0,156.82,UPI,Shipped
O007036,2025-02-24,C01225,P0232,1,0.15,191.98,UPI,Delivered
O007036,2025-02-24,C01225,P0067,1,0.2,160.75,Debit Card,Delivered
O007037,2025-08-07,C00530,P0089,2,0.2,499.82,Credit Card,Shipped
O007038,2024-12-01,C00462,P0123,3,0.05,472.48,Wallet,Delivered
O007039,2024-10-06,C00619,P0051,1,0.1,224.0,UPI,Delivered
O007040,2025-02-23,C00775,P0213,1,0.05,262.13,Debit Card,Processing
O007041,2025-08-25,C00220,P0149,1,0.1,324.82,Credit Card,Delivered
O007042,2025-02-21,C00059,P0005,1,0.1,446.85,Credit Card,Delivered
O007043,2024-09-18,C00368,P0011,1,0.15,346.43,Debit Card,Processing
O007044,2024-09-22,C01098,P0069,2,0.3,100.83,Credit Card,Delivered
O007045,2025-11-14,C00159,P0189,1,0.1,267.47,Credit Card,Cancelled
O007046,2025-11-09,C00749,P0091,1,0.1,74.27,UPI,Delivered
O007046,2025-11-09,C00749,P0139,1,0.15,334.49,Credit Card,Delivered
O007047,2026-01-22,C00637,P0074,1,0.1,32.76,Wallet,Cancelled
O007047,2026-01-22,C00637,P0233,1,0.0,112.75,Cash on Delivery,Processing
O007048,2025-11-29,C00122,P0196,3,0.15,451.41,Debit Card,Delivered
O007049,2026-02-26,C01073,P0053,1,0.1,144.8,Debit Card,Delivered
O007050,2024-06-21,C01475,P0054,3,0.15,495.1,UPI,Cancelled
O007051,2025-08-03,C00469,P0016,1,0.0,251.12,UPI,Delivered
O007052,2024-04-10,C00912,P0190,4,0.2,248.27,Cash on Delivery,Delivered
O007052,2024-04-10,C00912,P0048,2,0.05,300.11,UPI,Shipped
O007053,2025-07-04,C00125,P0043,1,0.1,306.22,Credit Card,Delivered
O007054,2025-02-12,C01044,P0095,1,0.15,277.08,Credit Card,Delivered
O007054,2025-02-12,C01044,P0215,1,0.0,143.15,Debit Card,Delivered
O007055,2024-07-26,C00487,P0017,4,0.25,60.54,Cash on Delivery,Delivered
O007055,2024-07-26,C00487,P0131,3,0.15,246.69,UPI,Delivered
O007056,2024-07-25,C01261,P0055,1,0.05,103.36,Debit Card,Delivered
O007057,2024-11-18,C00129,P0233,1,0.2,464.6,UPI,Processing
O007058,2024-06-28,C01136,P0184,2,0.05,119.69,Credit Card,Delivered
O007058,2024-06-28,C01136,P0030,1,0.2,75.93,UPI,Processing
O007059,2026-03-27,C00151,P0147,1,0.1,392.64,Debit Card,Cancelled
O007060,2025-01-31,C01474,P0158,1,0.0,149.34,Credit Card,Cancelled
O007061,2025-01-21,C00997,P0011,2,0.1,218.98,Wallet,Delivered
O007062,2024-04-25,C00389,P0061,1,0.15,300.13,Debit Card,Processing
O007063,2025-03-26,C00901,P0235,1,0.05,238.78,UPI,Cancelled
O007064,2025-12-05,C01092,P0068,1,0.0,93.28,UPI,Delivered
O007064,2025-12-05,C01092,P0052,2,0.2,326.28,Credit Card,Processing
O007065,2024-11-27,C00552,P0181,1,0.2,438.23,Net Banking,Cancelled
O007065,2024-11-27,C00552,P0228,1,0.15,82.19,Credit Card,Cancelled
O007066,2024-10-11,C00202,P0163,3,0.1,273.09,UPI,Delivered
O007066,2024-10-11,C00202,P0179,1,0.1,116.94,Wallet,Delivered
O007067,2025-10-02,C00934,P0010,2,0.1,241.78,Net Banking,Delivered
O007068,2025-05-02,C01121,P0102,2,0.1,212.08,Wallet,Cancelled
O007069,2025-06-05,C00723,P0004,1,0.2,154.7,UPI,Delivered
O007070,2025-11-22,C01050,P0037,1,0.15,337.32,Net Banking,Cancelled
O007071,2025-04-22,C01211,P0149,1,0.15,423.02,Cash on Delivery,Delivered
O007072,2025-12-15,C00664,P0107,1,0.05,438.89,Credit Card,Shipped
O007073,2025-06-04,C00125,P0122,2,0.15,405.64,Wallet,Processing
O007074,2024-12-05,C01327,P0167,1,0.2,348.09,UPI,Cancelled
O007075,2024-12-28,C01158,P0008,1,0.05,170.37,UPI,Processing
O007076,2026-03-09,C00450,P0004,1,0.05,333.66,Cash on Delivery,Delivered
O007077,2025-08-28,C01063,P0149,1,0.1,243.83,UPI,Delivered
O007078,2024-05-16,C00347,P0090,4,0.15,259.53,UPI,Processing
O007078,2024-05-16,C00347,P0075,1,0.15,465.92,Cash on Delivery,Shipped
O007078,2024-05-16,C00347,P0061,1,0.0,313.21,Net Banking,Shipped
O007079,2024-05-06,C00417,P0246,3,0.0,172.61,UPI,Delivered
O007080,2025-06-20,C01258,P0049,2,0.25,351.38,UPI,Shipped
O007081,2024-04-23,C00570,P0192,1,0.15,94.21,Cash on Delivery,Delivered
O007081,2024-04-23,C00570,P0004,1,0.2,225.45,UPI,Delivered
O007082,2025-04-05,C01052,P0162,4,0.2,452.34,UPI,Delivered
O007082,2025-04-05,C01052,P0124,1,0.2,54.2,Debit Card,Shipped
O007083,2024-12-25,C01272,P0081,1,0.1,341.57,UPI,Shipped
O007084,2025-06-26,C00341,P0057,1,0.2,363.27,Credit Card,Shipped
O007085,2025-12-25,C00943,P0232,3,0.1,197.15,Wallet,Processing
O007086,2025-03-18,C00184,P0083,1,0.0,475.31,Cash on Delivery,Processing
O007086,2025-03-18,C00184,P0070,1,0.15,372.8,UPI,Delivered
O007086,2025-03-18,C00184,P0058,1,0.1,356.67,Credit Card,Processing
O007087,2024-09-27,C00151,P0247,1,0.0,391.39,Cash on Delivery,Cancelled
O007088,2025-07-19,C01245,P0192,1,0.2,34.64,Cash on Delivery,Cancelled
O007088,2025-07-19,C01245,P0227,1,0.25,254.01,UPI,Delivered
O007089,2025-12-06,C00242,P0216,4,0.1,344.21,Cash on Delivery,Processing
O007090,2025-02-26,C00752,P0220,4,0.1,314.0,Debit Card,Processing
O007090,2025-02-26,C00752,P0006,2,0.1,412.36,Credit Card,Delivered
O007090,2025-02-26,C00752,P0025,2,0.15,276.93,Debit Card,Delivered
O007091,2026-01-02,C00542,P0085,2,0.1,333.13,Debit Card,Delivered
O007092,2024-12-25,C00027,P0088,2,0.15,189.48,Debit Card,Processing
O007093,2024-06-09,C00807,P0138,1,0.1,373.0,UPI,Shipped
O007093,2024-06-09,C00807,P0042,1,0.1,470.4,UPI,Delivered
O007094,2026-01-28,C01205,P0167,2,0.1,310.01,Credit Card,Delivered
O007095,2024-10-08,C00805,P0032,1,0.15,266.56,Debit Card,Delivered
O007096,2025-04-10,C00444,P0047,1,0.15,212.54,UPI,Delivered
O007096,2025-04-10,C00444,P0194,1,0.0,351.43,Debit Card,Processing
O007097,2025-01-11,C00892,P0239,2,0.15,449.05,Debit Card,Delivered
O007098,2025-10-24,C00668,P0139,1,0.1,441.26,Credit Card,Delivered
O007099,2025-08-05,C00138,P0124,1,0.05,192.62,Debit Card,Shipped
O007099,2025-08-05,C00138,P0027,1,0.05,25.9,Credit Card,Delivered
O007099,2025-08-05,C00138,P0246,1,0.3,396.77,UPI,Cancelled
O007100,2025-07-16,C01434,P0192,4,0.0,419.75,Cash on Delivery,Processing
O007100,2025-07-16,C01434,P0065,2,0.3,260.24,Cash on Delivery,Delivered
O007101,2025-01-07,C01217,P0166,1,0.05,134.01,UPI,Delivered
O007102,2024-05-11,C00432,P0203,1,0.15,384.76,Debit Card,Processing
O007103,2025-03-08,C01391,P0014,4,0.2,339.44,Cash on Delivery,Processing
O007104,2025-12-11,C01274,P0205,4,0.1,140.49,UPI,Delivered
O007105,2024-09-30,C00238,P0243,1,0.1,89.84,Wallet,Shipped
O007105,2024-09-30,C00238,P0049,1,0.05,117.77,Debit Card,Delivered
O007106,2025-01-01,C00609,P0010,1,0.0,74.07,UPI,Shipped
O007107,2025-07-04,C00589,P0018,3,0.05,402.47,Credit Card,Delivered
O007108,2024-04-26,C00889,P0160,1,0.1,409.37,Credit Card,Processing
O007109,2025-05-28,C00957,P0017,2,0.1,482.14,UPI,Processing
O007110,2025-04-01,C00508,P0137,2,0.1,370.44,Cash on Delivery,Delivered
O007110,2025-04-01,C00508,P0112,1,0.05,103.81,UPI,Delivered
O007110,2025-04-01,C00508,P0103,3,0.0,257.22,Credit Card,Cancelled
O007111,2024-08-18,C00138,P0034,2,0.15,224.97,Cash on Delivery,Delivered
O007112,2025-06-29,C00947,P0056,1,0.05,431.67,Debit Card,Delivered
O007112,2025-06-29,C00947,P0061,1,0.2,26.11,UPI,Delivered
O007113,2024-07-01,C01464,P0072,1,0.05,280.63,UPI,Delivered
O007113,2024-07-01,C01464,P0120,3,0.2,258.73,Debit Card,Shipped
O007114,2025-12-26,C01292,P0066,2,0.15,328.74,Debit Card,Delivered
O007115,2024-04-06,C00456,P0037,1,0.1,130.41,Cash on Delivery,Shipped
O007116,2024-12-21,C00626,P0075,1,0.0,186.65,Wallet,Cancelled
O007117,2025-07-12,C01149,P0013,1,0.05,245.99,Debit Card,Delivered
O007117,2025-07-12,C01149,P0029,2,0.1,286.22,Credit Card,Cancelled
O007118,2024-10-22,C01176,P0062,3,0.1,386.46,Debit Card,Delivered
O007119,2025-06-19,C00292,P0097,1,0.2,484.8,Debit Card,Cancelled
O007120,2024-06-06,C01407,P0187,1,0.1,108.39,Wallet,Cancelled
O007120,2024-06-06,C01407,P0203,3,0.25,160.26,Cash on Delivery,Delivered
O007121,2024-08-16,C00697,P0106,1,0.05,143.17,Credit Card,Delivered
O007122,2025-02-18,C00858,P0003,1,0.1,314.73,Net Banking,Delivered
O007122,2025-02-18,C00858,P0063,2,0.1,416.25,Credit Card,Delivered
O007123,2024-08-20,C01179,P0026,1,0.25,76.49,UPI,Shipped
O007124,2025-09-08,C01084,P0130,1,0.1,267.38,Debit Card,Cancelled
O007125,2024-11-30,C01315,P0184,1,0.0,452.87,Cash on Delivery,Processing
O007125,2024-11-30,C01315,P0235,2,0.0,478.54,Net Banking,Delivered
O007125,2024-11-30,C01315,P0139,1,0.0,335.81,Net Banking,Delivered
O007126,2024-09-07,C00483,P0031,1,0.3,307.42,UPI,Processing
O007127,2024-11-12,C00138,P0083,1,0.05,166.25,Credit Card,Delivered
O007128,2025-01-22,C00751,P0060,1,0.0,33.4,UPI,Processing
O007129,2026-01-29,C00535,P0182,1,0.05,415.74,UPI,Shipped
O007130,2025-01-19,C00730,P0245,1,0.05,305.88,Cash on Delivery,Delivered
O007130,2025-01-19,C00730,P0217,2,0.15,401.94,Net Banking,Cancelled
O007131,2024-06-01,C00610,P0229,4,0.25,489.33,Cash on Delivery,Cancelled
O007132,2026-03-09,C00697,P0171,2,0.1,406.01,Wallet,Delivered
O007132,2026-03-09,C00697,P0001,3,0.1,241.17,Wallet,Processing
O007132,2026-03-09,C00697,P0165,1,0.05,95.61,Credit Card,Delivered
O007133,2026-03-16,C01207,P0151,1,0.15,191.32,Credit Card,Cancelled
O007134,2025-01-07,C00263,P0159,3,0.25,245.72,UPI,Cancelled
O007135,2026-03-26,C00553,P0019,2,0.15,83.98,Cash on Delivery,Delivered
O007136,2025-03-15,C01301,P0117,3,0.3,289.58,Net Banking,Shipped
O007137,2024-07-04,C01350,P0059,1,0.3,495.99,Credit Card,Delivered
O007137,2024-07-04,C01350,P0140,1,0.05,261.24,Net Banking,Delivered
O007138,2025-12-02,C01256,P0219,2,0.0,496.66,UPI,Delivered
O007139,2024-10-29,C01087,P0099,1,0.0,168.05,Debit Card,Delivered
O007140,2025-09-02,C01184,P0225,3,0.05,113.32,Debit Card,Delivered
O007141,2025-08-06,C01053,P0153,1,0.2,377.17,UPI,Processing
O007142,2025-10-19,C00601,P0170,1,0.15,117.95,Credit Card,Processing
O007143,2025-02-14,C01266,P0208,2,0.0,273.44,Cash on Delivery,Delivered
O007144,2024-06-08,C00607,P0005,1,0.2,372.0,Credit Card,Delivered
O007144,2024-06-08,C00607,P0003,1,0.15,226.37,Credit Card,Delivered
O007145,2025-12-27,C00939,P0239,1,0.1,212.92,UPI,Delivered
O007146,2025-12-03,C01447,P0237,1,0.05,123.8,Cash on Delivery,Delivered
O007146,2025-12-03,C01447,P0236,2,0.15,41.88,Net Banking,Delivered
O007147,2025-12-22,C00979,P0059,4,0.3,425.97,Net Banking,Cancelled
O007148,2025-09-01,C00833,P0220,2,0.1,218.14,UPI,Cancelled
O007149,2025-12-10,C00368,P0205,1,0.1,471.51,UPI,Delivered
O007149,2025-12-10,C00368,P0007,4,0.15,142.7,UPI,Delivered
O007150,2025-01-03,C00790,P0101,1,0.15,246.42,UPI,Delivered
O007151,2024-09-04,C00429,P0043,1,0.15,39.89,UPI,Delivered
O007151,2024-09-04,C00429,P0189,4,0.05,55.89,Credit Card,Delivered
O007151,2024-09-04,C00429,P0119,2,0.05,165.9,UPI,Delivered
O007152,2025-05-21,C00093,P0135,1,0.05,84.73,Debit Card,Delivered
O007153,2025-11-27,C00276,P0211,1,0.2,298.49,UPI,Delivered
O007153,2025-11-27,C00276,P0100,1,0.0,452.01,UPI,Delivered
O007154,2024-10-30,C00385,P0065,1,0.0,387.8,UPI,Processing
O007154,2024-10-30,C00385,P0109,2,0.1,334.9,UPI,Shipped
O007155,2024-12-17,C00271,P0115,2,0.1,287.21,UPI,Delivered
O007155,2024-12-17,C00271,P0109,2,0.1,453.09,UPI,Processing
O007156,2024-07-08,C00468,P0010,2,0.05,144.52,Debit Card,Delivered
O007157,2025-08-21,C00442,P0236,1,0.05,176.6,UPI,Delivered
O007157,2025-08-21,C00442,P0134,1,0.1,168.0,UPI,Delivered
O007158,2025-05-02,C01020,P0163,1,0.05,357.55,Debit Card,Delivered
O007158,2025-05-02,C01020,P0115,1,0.1,297.15,Debit Card,Delivered
O007158,2025-05-02,C01020,P0118,2,0.15,229.69,Net Banking,Cancelled
O007159,2024-07-19,C00913,P0028,1,0.15,388.27,Debit Card,Delivered
O007159,2024-07-19,C00913,P0019,1,0.0,461.56,UPI,Processing
O007160,2025-03-04,C01427,P0131,2,0.1,93.37,Wallet,Delivered
O007161,2025-03-08,C01459,P0082,1,0.2,284.62,Net Banking,Delivered
O007162,2025-07-28,C00982,P0061,1,0.1,308.65,UPI,Processing
O007163,2025-09-21,C00151,P0107,1,0.05,408.06,Credit Card,Shipped
O007164,2025-09-12,C01091,P0134,2,0.2,192.18,Debit Card,Delivered
O007165,2024-10-29,C00640,P0118,1,0.05,53.1,Wallet,Delivered
O007166,2025-03-29,C00206,P0149,1,0.1,405.22,UPI,Delivered
O007166,2025-03-29,C00206,P0188,1,0.1,294.78,UPI,Delivered
O007166,2025-03-29,C00206,P0127,1,0.0,106.78,Cash on Delivery,Delivered
O007167,2025-10-07,C01034,P0134,1,0.05,405.95,Debit Card,Delivered
O007168,2025-08-13,C00056,P0052,1,0.1,486.33,UPI,Delivered
O007168,2025-08-13,C00056,P0218,3,0.3,42.0,Wallet,Shipped
O007168,2025-08-13,C00056,P0238,1,0.1,28.32,Cash on Delivery,Shipped
O007169,2024-11-23,C01282,P0208,2,0.0,46.17,Debit Card,Delivered
O007170,2024-11-18,C00262,P0157,1,0.1,271.04,Credit Card,Delivered
O007171,2025-02-04,C00282,P0134,1,0.05,39.84,UPI,Shipped
O007171,2025-02-04,C00282,P0052,1,0.05,139.68,UPI,Delivered
O007172,2024-08-08,C01209,P0073,3,0.1,141.27,Net Banking,Delivered
O007173,2026-02-21,C01335,P0169,2,0.2,215.09,UPI,Processing
O007174,2025-03-23,C01446,P0248,1,0.2,183.66,UPI,Shipped
O007175,2025-06-23,C01024,P0167,4,0.1,483.27,Debit Card,Delivered
O007175,2025-06-23,C01024,P0015,1,0.1,460.15,Credit Card,Delivered
O007176,2025-06-11,C01187,P0093,1,0.05,315.58,UPI,Delivered
O007177,2025-10-03,C01128,P0046,1,0.1,492.43,UPI,Processing
O007178,2025-10-11,C00876,P0242,1,0.3,170.21,Credit Card,Processing
O007179,2026-02-28,C01164,P0011,1,0.05,320.78,UPI,Cancelled
O007180,2025-02-03,C00876,P0211,1,0.1,412.15,UPI,Delivered
O007181,2024-12-30,C01405,P0098,1,0.15,61.54,Debit Card,Cancelled
O007181,2024-12-30,C01405,P0023,2,0.0,274.59,Wallet,Cancelled
O007181,2024-12-30,C01405,P0038,1,0.25,415.3,Credit Card,Cancelled
O007182,2025-09-30,C00126,P0249,1,0.05,280.81,Debit Card,Delivered
O007182,2025-09-30,C00126,P0104,3,0.15,269.3,Debit Card,Processing
O007183,2025-04-26,C00217,P0244,2,0.05,60.83,UPI,Delivered
O007184,2024-11-14,C01186,P0006,1,0.25,83.27,Credit Card,Delivered
O007184,2024-11-14,C01186,P0008,1,0.2,144.52,Cash on Delivery,Shipped
O007185,2025-01-30,C01052,P0086,1,0.05,418.5,UPI,Processing
O007186,2026-01-22,C00649,P0247,1,0.15,375.43,Wallet,Delivered
O007187,2025-07-03,C00891,P0051,1,0.2,466.25,Credit Card,Delivered
O007188,2025-08-04,C00413,P0036,1,0.0,254.34,UPI,Delivered
O007189,2024-12-09,C00391,P0113,1,0.05,105.16,Debit Card,Delivered
O007190,2024-07-09,C00919,P0195,1,0.1,380.88,UPI,Delivered
O007191,2024-09-02,C01050,P0069,1,0.05,393.08,Cash on Delivery,Cancelled
O007192,2025-03-26,C00924,P0143,1,0.1,136.92,Debit Card,Delivered
O007192,2025-03-26,C00924,P0163,1,0.15,69.43,UPI,Delivered
O007193,2025-01-05,C00743,P0228,3,0.2,97.19,Net Banking,Delivered
O007194,2025-10-09,C00024,P0011,1,0.1,426.1,Cash on Delivery,Delivered
O007195,2025-12-25,C00992,P0191,1,0.1,191.39,UPI,Delivered
O007195,2025-12-25,C00992,P0079,2,0.0,380.61,Wallet,Delivered
O007196,2025-02-10,C00326,P0131,2,0.2,248.56,Cash on Delivery,Delivered
O007197,2024-11-12,C00470,P0231,2,0.15,310.83,Debit Card,Delivered
O007198,2025-01-31,C00105,P0058,2,0.05,451.57,UPI,Delivered
O007199,2025-04-24,C00898,P0041,2,0.1,437.91,Net Banking,Shipped
O007199,2025-04-24,C00898,P0154,1,0.15,323.79,Debit Card,Delivered
O007200,2024-06-02,C00891,P0005,4,0.2,144.57,Debit Card,Delivered
O007201,2025-07-23,C00228,P0136,1,0.15,30.27,Cash on Delivery,Delivered
O007202,2025-04-13,C00260,P0048,1,0.1,287.04,Credit Card,Delivered
O007203,2026-01-25,C00786,P0031,1,0.2,360.82,UPI,Delivered
O007203,2026-01-25,C00786,P0152,1,0.1,352.29,Credit Card,Shipped
O007204,2025-01-17,C00122,P0147,1,0.15,62.8,Wallet,Delivered
O007204,2025-01-17,C00122,P0117,1,0.3,186.44,Credit Card,Delivered
O007205,2024-09-17,C00122,P0045,2,0.0,220.53,UPI,Shipped
O007205,2024-09-17,C00122,P0202,1,0.05,75.25,UPI,Delivered
O007206,2024-06-10,C00693,P0043,1,0.05,373.23,Credit Card,Cancelled
O007206,2024-06-10,C00693,P0237,1,0.1,160.59,Credit Card,Delivered
O007207,2025-03-02,C00082,P0129,1,0.15,353.18,Net Banking,Delivered
O007208,2026-03-17,C00824,P0014,1,0.05,478.49,Wallet,Cancelled
O007209,2024-10-03,C00787,P0074,2,0.15,287.11,Credit Card,Shipped
O007210,2026-01-30,C00150,P0032,2,0.25,398.67,Net Banking,Processing
O007210,2026-01-30,C00150,P0009,1,0.0,164.49,UPI,Cancelled
O007211,2026-01-25,C00124,P0243,1,0.1,385.85,Credit Card,Cancelled
O007211,2026-01-25,C00124,P0118,1,0.1,196.49,Credit Card,Cancelled
O007212,2026-03-29,C00533,P0079,1,0.0,244.53,UPI,Shipped
O007212,2026-03-29,C00533,P0055,1,0.0,234.21,Credit Card,Cancelled
O007213,2024-07-30,C00472,P0007,3,0.25,57.45,Cash on Delivery,Delivered
O007214,2024-04-30,C00426,P0002,3,0.0,386.17,Debit Card,Delivered
O007215,2025-10-19,C00856,P0053,1,0.0,394.19,Net Banking,Shipped
O007215,2025-10-19,C00856,P0041,1,0.0,248.52,UPI,Cancelled
O007215,2025-10-19,C00856,P0147,2,0.05,135.45,Cash on Delivery,Processing
O007216,2024-06-24,C01147,P0089,1,0.1,289.84,UPI,Delivered
O007217,2025-07-05,C01005,P0151,1,0.0,133.3,UPI,Delivered
O007218,2024-05-06,C00335,P0243,1,0.2,239.94,Credit Card,Delivered
O007219,2024-06-15,C01467,P0124,2,0.2,457.07,UPI,Delivered
O007220,2024-07-12,C01134,P0060,1,0.1,434.23,UPI,Delivered
O007221,2025-06-19,C00254,P0094,2,0.0,411.75,Cash on Delivery,Shipped
O007221,2025-06-19,C00254,P0145,1,0.1,138.09,Credit Card,Processing
O007222,2024-12-16,C00254,P0079,1,0.05,228.98,Debit Card,Delivered
O007223,2025-03-31,C00924,P0024,3,0.1,304.5,Credit Card,Delivered
O007224,2024-06-04,C01112,P0215,1,0.05,412.24,Debit Card,Delivered
O007225,2025-09-07,C00886,P0067,2,0.1,337.71,Credit Card,Delivered
O007226,2025-06-24,C01068,P0116,2,0.2,482.31,UPI,Shipped
O007227,2025-10-17,C01455,P0238,2,0.15,215.45,Credit Card,Delivered
O007228,2025-11-19,C01024,P0184,3,0.0,326.88,UPI,Processing
O007228,2025-11-19,C01024,P0146,1,0.1,144.58,UPI,Delivered
O007229,2024-12-14,C00474,P0114,3,0.15,397.44,Net Banking,Shipped
O007229,2024-12-14,C00474,P0075,2,0.0,282.68,UPI,Delivered
O007230,2025-01-21,C01160,P0026,2,0.15,225.93,UPI,Delivered
O007230,2025-01-21,C01160,P0139,2,0.05,442.63,UPI,Processing
O007231,2024-07-01,C00001,P0208,1,0.1,335.0,Net Banking,Processing
O007231,2024-07-01,C00001,P0168,2,0.0,93.13,Wallet,Processing
O007232,2025-07-14,C01442,P0059,2,0.25,399.57,Net Banking,Cancelled
O007233,2024-05-19,C00270,P0034,1,0.1,87.57,Credit Card,Delivered
O007234,2025-12-16,C00291,P0177,1,0.15,36.62,Wallet,Delivered
O007235,2025-05-07,C00014,P0195,1,0.1,391.07,UPI,Delivered
O007235,2025-05-07,C00014,P0090,2,0.15,117.64,Credit Card,Cancelled
O007236,2026-03-10,C00630,P0221,1,0.15,445.17,Debit Card,Delivered
O007237,2025-01-09,C01328,P0016,1,0.3,463.89,UPI,Processing
O007238,2024-11-05,C00083,P0218,1,0.1,183.02,Credit Card,Cancelled
O007239,2024-05-05,C00298,P0121,1,0.1,60.73,UPI,Delivered
O007240,2024-11-07,C00571,P0179,1,0.1,109.69,Net Banking,Processing
O007241,2025-10-21,C00352,P0084,1,0.1,142.76,Cash on Delivery,Cancelled
O007242,2024-06-10,C00386,P0100,1,0.05,145.33,UPI,Delivered
O007242,2024-06-10,C00386,P0213,2,0.05,482.11,Debit Card,Cancelled
O007243,2025-12-17,C00809,P0010,1,0.0,213.56,UPI,Delivered
O007244,2026-03-20,C01004,P0193,2,0.2,97.27,Net Banking,Cancelled
O007245,2025-04-07,C00693,P0080,2,0.1,444.34,Credit Card,Delivered
O007246,2025-11-25,C01244,P0199,1,0.1,356.66,UPI,Delivered
O007247,2025-07-03,C01196,P0019,1,0.1,298.59,UPI,Shipped
O007248,2024-04-18,C00920,P0237,2,0.1,487.08,Credit Card,Delivered
O007249,2024-04-30,C00427,P0029,2,0.1,46.99,UPI,Delivered
O007250,2025-08-07,C00267,P0095,1,0.1,391.84,Cash on Delivery,Shipped
O007251,2024-06-20,C01485,P0157,2,0.05,36.74,Credit Card,Processing
O007252,2025-08-21,C00309,P0187,1,0.0,418.23,UPI,Processing
O007252,2025-08-21,C00309,P0240,2,0.1,77.7,UPI,Delivered
O007253,2025-01-21,C01160,P0066,2,0.3,29.81,UPI,Shipped
O007253,2025-01-21,C01160,P0195,1,0.05,37.3,Debit Card,Cancelled
O007254,2024-05-10,C01350,P0184,1,0.05,25.06,Credit Card,Delivered
O007255,2026-01-14,C01247,P0028,1,0.15,151.92,UPI,Cancelled
O007255,2026-01-14,C01247,P0107,1,0.2,78.19,UPI,Shipped
O007256,2024-07-08,C00849,P0168,1,0.1,252.02,Credit Card,Shipped
O007257,2024-11-18,C01356,P0083,1,0.0,54.77,Net Banking,Processing
O007258,2025-01-18,C00125,P0126,4,0.15,225.62,Wallet,Cancelled
O007259,2025-12-14,C01029,P0143,1,0.1,65.46,Credit Card,Delivered
O007260,2024-05-01,C00312,P0047,1,0.1,182.06,UPI,Delivered
O007261,2025-06-17,C00302,P0191,1,0.05,72.3,Credit Card,Delivered
O007262,2024-08-18,C01347,P0249,1,0.05,257.75,Cash on Delivery,Cancelled
O007263,2024-06-21,C00662,P0076,2,0.1,140.1,Net Banking,Shipped
O007263,2024-06-21,C00662,P0194,1,0.3,395.97,UPI,Delivered
O007264,2024-06-16,C00927,P0007,1,0.1,357.61,Cash on Delivery,Delivered
O007265,2025-11-17,C00282,P0038,1,0.1,317.93,Credit Card,Delivered
O007266,2025-01-09,C00564,P0148,3,0.2,240.93,Credit Card,Delivered
O007267,2024-12-02,C01179,P0063,1,0.1,358.23,UPI,Shipped
O007268,2026-03-29,C01427,P0196,1,0.1,80.99,Credit Card,Delivered
O007269,2024-10-31,C00571,P0230,1,0.1,171.02,Credit Card,Delivered
O007270,2024-09-13,C00888,P0007,3,0.1,196.4,Wallet,Cancelled
O007271,2024-06-11,C00391,P0144,1,0.05,495.93,Debit Card,Delivered
O007272,2025-06-03,C00092,P0172,1,0.15,112.96,Net Banking,Delivered
O007273,2024-10-14,C00580,P0154,1,0.2,212.12,Cash on Delivery,Delivered
O007273,2024-10-14,C00580,P0010,1,0.1,390.1,Credit Card,Delivered
O007274,2025-03-09,C01040,P0193,1,0.1,50.47,UPI,Shipped
O007274,2025-03-09,C01040,P0079,1,0.1,249.49,Credit Card,Delivered
O007275,2024-11-24,C01123,P0019,1,0.05,211.6,Credit Card,Delivered
O007275,2024-11-24,C01123,P0225,1,0.15,130.12,UPI,Processing
O007276,2024-04-02,C00196,P0075,1,0.2,201.11,Credit Card,Shipped
O007276,2024-04-02,C00196,P0213,1,0.15,249.6,Credit Card,Processing
O007277,2024-12-15,C01291,P0035,4,0.1,326.94,Credit Card,Delivered
O007277,2024-12-15,C01291,P0239,1,0.15,161.04,UPI,Processing
O007278,2025-01-12,C01497,P0020,1,0.15,385.18,UPI,Cancelled
O007279,2024-09-17,C00518,P0151,2,0.1,287.0,Credit Card,Delivered
O007279,2024-09-17,C00518,P0126,2,0.25,399.19,Credit Card,Delivered
O007280,2025-10-22,C00144,P0170,1,0.15,470.87,Debit Card,Processing
O007281,2026-03-06,C00818,P0099,2,0.1,233.97,Net Banking,Delivered
O007281,2026-03-06,C00818,P0104,1,0.1,450.68,Credit Card,Cancelled
O007282,2026-01-08,C01467,P0203,1,0.1,49.27,UPI,Shipped
O007283,2024-10-05,C00322,P0193,2,0.1,196.57,Net Banking,Delivered
O007284,2025-09-04,C00834,P0092,1,0.0,395.99,UPI,Delivered
O007285,2025-08-22,C00048,P0033,1,0.05,137.9,UPI,Delivered
O007285,2025-08-22,C00048,P0231,1,0.0,161.41,UPI,Processing
O007286,2025-08-27,C00575,P0065,1,0.1,487.99,Credit Card,Shipped
O007286,2025-08-27,C00575,P0042,1,0.15,372.69,UPI,Delivered
O007287,2025-11-24,C01032,P0153,1,0.05,307.23,Credit Card,Shipped
O007287,2025-11-24,C01032,P0065,1,0.15,95.77,Cash on Delivery,Processing
O007288,2025-06-11,C01274,P0066,1,0.1,133.28,Cash on Delivery,Delivered
O007289,2025-04-01,C00743,P0202,1,0.1,127.21,Debit Card,Cancelled
O007290,2026-01-19,C01211,P0227,4,0.1,128.63,Debit Card,Delivered
O007291,2025-10-05,C00167,P0080,2,0.05,345.11,Net Banking,Processing
O007292,2025-06-20,C00363,P0075,1,0.1,387.55,Credit Card,Delivered
O007293,2025-09-28,C00284,P0210,1,0.0,410.07,Credit Card,Delivered
O007294,2024-11-15,C01075,P0074,1,0.0,164.81,Credit Card,Cancelled
O007294,2024-11-15,C01075,P0227,3,0.15,324.23,UPI,Delivered
O007295,2025-01-16,C01142,P0130,1,0.05,450.98,UPI,Delivered
O007295,2025-01-16,C01142,P0161,1,0.15,340.48,Credit Card,Cancelled
O007296,2025-04-13,C00298,P0173,1,0.0,76.56,Net Banking,Cancelled
O007296,2025-04-13,C00298,P0174,1,0.15,327.26,Cash on Delivery,Delivered
O007296,2025-04-13,C00298,P0017,1,0.15,95.48,Credit Card,Processing
O007297,2025-02-25,C00823,P0157,1,0.1,193.97,UPI,Delivered
O007297,2025-02-25,C00823,P0030,1,0.05,144.23,Cash on Delivery,Cancelled
O007297,2025-02-25,C00823,P0147,3,0.0,294.51,Credit Card,Processing
O007298,2026-03-02,C01404,P0115,4,0.1,92.81,Debit Card,Cancelled
O007298,2026-03-02,C01404,P0176,1,0.15,241.11,Net Banking,Delivered
O007299,2025-08-22,C00686,P0012,1,0.1,161.63,UPI,Cancelled
O007300,2025-03-02,C00028,P0193,1,0.1,316.05,Wallet,Delivered
O007301,2025-05-04,C00191,P0052,1,0.05,237.41,UPI,Processing
O007302,2024-09-23,C00014,P0243,2,0.2,366.22,Credit Card,Cancelled
O007302,2024-09-23,C00014,P0164,1,0.15,232.23,UPI,Delivered
O007303,2024-06-11,C01052,P0190,1,0.05,58.21,Net Banking,Delivered
O007303,2024-06-11,C01052,P0006,1,0.3,191.06,Credit Card,Delivered
O007303,2024-06-11,C01052,P0057,1,0.1,180.55,UPI,Delivered
O007304,2024-07-23,C00780,P0186,1,0.15,175.79,Cash on Delivery,Cancelled
O007304,2024-07-23,C00780,P0052,1,0.15,389.89,Credit Card,Delivered
O007305,2025-10-29,C01263,P0091,1,0.25,90.33,Credit Card,Delivered
O007306,2024-05-29,C01093,P0166,2,0.15,112.77,Credit Card,Delivered
O007307,2024-08-26,C01193,P0236,3,0.1,421.17,Credit Card,Delivered
O007308,2024-11-23,C01393,P0191,1,0.3,222.61,Net Banking,Delivered
O007309,2024-07-14,C01467,P0056,3,0.25,447.32,Credit Card,Delivered
O007309,2024-07-14,C01467,P0092,1,0.15,438.26,UPI,Cancelled
O007310,2024-04-05,C00951,P0250,1,0.05,326.07,Debit Card,Delivered
O007311,2024-06-18,C00281,P0186,2,0.15,354.1,Cash on Delivery,Delivered
O007311,2024-06-18,C00281,P0036,1,0.0,209.06,UPI,Delivered
O007311,2024-06-18,C00281,P0047,1,0.0,484.77,UPI,Shipped
O007312,2025-05-19,C01065,P0058,3,0.15,318.28,UPI,Delivered
O007312,2025-05-19,C01065,P0184,1,0.25,78.29,UPI,Delivered
O007313,2024-04-18,C00200,P0134,1,0.1,299.39,Cash on Delivery,Delivered
O007313,2024-04-18,C00200,P0141,1,0.0,491.0,UPI,Shipped
O007314,2024-05-18,C00222,P0003,2,0.15,218.93,Debit Card,Delivered
O007314,2024-05-18,C00222,P0005,2,0.05,218.46,Cash on Delivery,Delivered
O007314,2024-05-18,C00222,P0242,1,0.25,394.54,UPI,Delivered
O007315,2025-04-23,C00460,P0097,1,0.15,69.55,Wallet,Shipped
O007315,2025-04-23,C00460,P0051,4,0.2,467.81,UPI,Delivered
O007315,2025-04-23,C00460,P0058,1,0.1,427.34,Wallet,Delivered
O007316,2024-06-14,C00750,P0188,1,0.15,165.51,Credit Card,Processing
O007316,2024-06-14,C00750,P0072,1,0.0,309.99,Credit Card,Shipped
O007317,2025-08-14,C01216,P0246,3,0.05,461.65,Net Banking,Delivered
O007317,2025-08-14,C01216,P0186,1,0.0,396.82,Wallet,Cancelled
O007318,2024-09-14,C00044,P0149,1,0.05,247.29,Debit Card,Processing
O007319,2024-06-27,C00993,P0015,1,0.1,487.65,Debit Card,Delivered
O007319,2024-06-27,C00993,P0080,2,0.0,431.21,Cash on Delivery,Delivered
O007320,2024-05-17,C00115,P0022,2,0.0,305.63,Wallet,Cancelled
O007321,2024-08-30,C00676,P0112,1,0.1,282.59,UPI,Processing
O007322,2024-12-02,C00601,P0248,3,0.1,475.23,Credit Card,Cancelled
O007323,2025-01-11,C00471,P0204,2,0.05,275.24,UPI,Cancelled
O007323,2025-01-11,C00471,P0235,1,0.1,119.67,Credit Card,Cancelled
O007324,2024-09-04,C00670,P0113,1,0.0,107.8,UPI,Delivered
O007324,2024-09-04,C00670,P0193,2,0.15,338.55,Credit Card,Shipped
O007325,2024-06-19,C00810,P0108,1,0.15,168.96,UPI,Delivered
O007326,2025-12-27,C01271,P0140,1,0.05,42.87,UPI,Cancelled
O007327,2025-06-30,C00545,P0186,1,0.05,382.64,Credit Card,Shipped
O007328,2025-03-29,C00659,P0215,2,0.05,312.91,Wallet,Processing
O007329,2025-11-24,C00374,P0035,1,0.1,27.09,UPI,Delivered
O007329,2025-11-24,C00374,P0014,2,0.1,371.84,Net Banking,Delivered
O007329,2025-11-24,C00374,P0153,2,0.1,419.64,Credit Card,Delivered
O007330,2025-10-27,C00120,P0175,2,0.1,105.98,Credit Card,Delivered
O007331,2025-12-12,C01176,P0100,1,0.05,486.04,Cash on Delivery,Delivered
O007332,2025-11-22,C00775,P0074,2,0.2,110.9,UPI,Delivered
O007333,2024-07-14,C01142,P0234,1,0.2,342.43,UPI,Shipped
O007334,2026-01-05,C00180,P0051,1,0.1,152.79,UPI,Delivered
O007335,2024-10-04,C01170,P0025,1,0.1,364.05,UPI,Processing
O007336,2025-03-27,C00991,P0070,3,0.0,169.51,Credit Card,Delivered
O007336,2025-03-27,C00991,P0171,4,0.1,107.94,UPI,Cancelled
O007337,2026-03-31,C00479,P0128,1,0.1,89.95,Debit Card,Delivered
O007338,2025-03-25,C00537,P0079,1,0.1,438.85,Wallet,Delivered
O007339,2024-09-03,C00584,P0069,1,0.3,270.51,Net Banking,Shipped
O007340,2026-02-02,C01270,P0051,1,0.05,427.15,Cash on Delivery,Processing
O007341,2024-05-30,C00171,P0164,1,0.0,459.2,Credit Card,Processing
O007341,2024-05-30,C00171,P0243,4,0.05,284.0,Cash on Delivery,Shipped
O007342,2025-05-04,C00454,P0074,1,0.0,237.3,Debit Card,Cancelled
O007343,2025-10-11,C01078,P0097,1,0.15,179.87,UPI,Cancelled
O007344,2026-03-30,C00648,P0168,1,0.1,394.57,Cash on Delivery,Delivered
O007345,2024-11-18,C01477,P0220,1,0.05,323.2,Debit Card,Shipped
O007346,2024-04-14,C00972,P0141,1,0.0,422.96,UPI,Shipped
O007346,2024-04-14,C00972,P0239,2,0.05,255.82,Cash on Delivery,Delivered
O007347,2025-10-16,C00372,P0185,2,0.2,427.39,Credit Card,Delivered
O007348,2025-10-04,C00967,P0249,4,0.05,142.96,Debit Card,Delivered
O007349,2025-10-31,C00245,P0053,2,0.15,402.15,UPI,Delivered
O007350,2024-07-21,C00255,P0120,1,0.1,121.27,Credit Card,Delivered
O007350,2024-07-21,C00255,P0114,2,0.0,117.21,Credit Card,Delivered
O007351,2025-05-12,C01000,P0038,1,0.05,388.78,Credit Card,Delivered
O007351,2025-05-12,C01000,P0203,1,0.0,490.68,Credit Card,Delivered
O007351,2025-05-12,C01000,P0244,3,0.1,416.33,Cash on Delivery,Delivered
O007352,2026-02-19,C00673,P0231,1,0.15,122.14,Debit Card,Cancelled
O007353,2025-01-27,C00371,P0138,1,0.0,360.53,Credit Card,Delivered
O007354,2024-04-29,C00140,P0168,1,0.0,447.49,UPI,Delivered
O007355,2025-04-29,C01416,P0215,1,0.0,454.89,Debit Card,Processing
O007356,2024-07-30,C01011,P0142,2,0.0,93.4,Credit Card,Delivered
O007356,2024-07-30,C01011,P0140,3,0.0,482.05,Credit Card,Delivered
O007357,2025-03-15,C01347,P0114,1,0.1,145.14,Debit Card,Processing
O007358,2025-08-19,C00247,P0248,1,0.05,263.29,Wallet,Cancelled
O007359,2025-04-20,C00184,P0110,2,0.2,353.27,Credit Card,Cancelled
O007359,2025-04-20,C00184,P0196,1,0.0,495.03,Wallet,Cancelled
O007360,2024-08-20,C01121,P0116,2,0.0,230.37,Wallet,Delivered
O007360,2024-08-20,C01121,P0046,1,0.1,228.51,Credit Card,Delivered
O007361,2025-09-01,C00032,P0075,4,0.15,102.31,UPI,Delivered
O007362,2025-05-12,C00586,P0246,1,0.05,175.88,Debit Card,Cancelled
O007363,2024-08-22,C00971,P0247,1,0.05,389.74,UPI,Cancelled
O007363,2024-08-22,C00971,P0234,1,0.1,438.28,Credit Card,Delivered
O007363,2024-08-22,C00971,P0180,1,0.1,219.41,Debit Card,Delivered
O007364,2024-06-27,C00273,P0127,1,0.15,177.62,UPI,Shipped
O007364,2024-06-27,C00273,P0110,2,0.1,135.88,Credit Card,Delivered
O007365,2025-09-21,C00470,P0020,2,0.0,285.76,Net Banking,Delivered
O007366,2025-01-10,C01191,P0094,1,0.15,449.72,Cash on Delivery,Cancelled
O007366,2025-01-10,C01191,P0101,1,0.15,376.95,Credit Card,Processing
O007367,2025-08-10,C00019,P0104,2,0.05,370.52,UPI,Processing
O007367,2025-08-10,C00019,P0052,2,0.25,488.42,Credit Card,Processing
O007367,2025-08-10,C00019,P0053,1,0.3,159.16,UPI,Delivered
O007368,2024-08-25,C00964,P0067,1,0.0,37.27,UPI,Delivered
O007369,2025-04-17,C00536,P0142,1,0.2,114.97,Credit Card,Delivered
O007370,2024-11-26,C01376,P0149,1,0.1,472.18,Debit Card,Delivered
O007371,2024-05-04,C01108,P0010,1,0.1,93.86,Debit Card,Cancelled
O007371,2024-05-04,C01108,P0042,1,0.05,108.92,Cash on Delivery,Delivered
O007371,2024-05-04,C01108,P0161,1,0.1,255.08,UPI,Cancelled
O007372,2025-08-23,C01384,P0041,1,0.1,271.35,Debit Card,Shipped
O007372,2025-08-23,C01384,P0227,1,0.25,383.32,Credit Card,Delivered
O007373,2024-11-29,C00311,P0004,2,0.1,157.86,Debit Card,Delivered
O007374,2024-09-12,C00386,P0019,1,0.0,329.47,UPI,Delivered
O007375,2025-03-22,C01354,P0028,1,0.05,382.01,UPI,Delivered
O007375,2025-03-22,C01354,P0126,1,0.3,284.28,Cash on Delivery,Delivered
O007376,2025-10-16,C01068,P0222,1,0.0,468.98,Net Banking,Delivered
O007377,2025-04-28,C01036,P0153,2,0.1,394.49,UPI,Delivered
O007378,2025-04-17,C00376,P0112,2,0.1,293.47,Credit Card,Cancelled
O007379,2025-04-07,C00017,P0233,1,0.1,170.6,Wallet,Cancelled
O007380,2025-02-24,C01266,P0239,2,0.05,260.49,Debit Card,Delivered
O007380,2025-02-24,C01266,P0047,2,0.2,466.14,Cash on Delivery,Processing
O007380,2025-02-24,C01266,P0194,1,0.15,463.61,UPI,Delivered
O007381,2025-09-26,C01039,P0112,2,0.05,176.55,UPI,Delivered
O007382,2024-06-18,C00861,P0104,1,0.15,371.95,Debit Card,Delivered
O007382,2024-06-18,C00861,P0243,1,0.05,188.19,UPI,Delivered
O007383,2025-03-23,C00042,P0129,2,0.1,408.38,Cash on Delivery,Delivered
O007384,2025-05-22,C00032,P0228,1,0.0,427.46,Credit Card,Delivered
O007385,2025-04-05,C01082,P0154,2,0.15,481.35,Debit Card,Delivered
O007386,2025-04-23,C00323,P0149,1,0.1,286.67,Debit Card,Delivered
O007386,2025-04-23,C00323,P0038,1,0.05,110.24,UPI,Processing
O007387,2026-02-04,C00580,P0133,2,0.15,361.36,Cash on Delivery,Delivered
O007388,2026-01-11,C00725,P0142,1,0.1,84.54,Credit Card,Delivered
O007388,2026-01-11,C00725,P0126,2,0.2,238.41,Debit Card,Delivered
O007389,2024-07-31,C00900,P0177,2,0.15,449.41,Credit Card,Delivered
O007389,2024-07-31,C00900,P0218,1,0.0,183.07,Credit Card,Shipped
O007389,2024-07-31,C00900,P0214,1,0.25,441.46,Wallet,Delivered
O007390,2025-09-26,C00946,P0169,1,0.05,306.45,UPI,Delivered
O007390,2025-09-26,C00946,P0042,2,0.05,394.28,UPI,Cancelled
O007391,2024-09-21,C00031,P0167,2,0.15,348.2,UPI,Delivered
O007392,2025-01-09,C01493,P0065,1,0.1,325.02,Net Banking,Delivered
O007392,2025-01-09,C01493,P0117,1,0.2,58.23,Net Banking,Shipped
O007393,2025-11-24,C00187,P0204,1,0.1,297.2,Cash on Delivery,Delivered
O007393,2025-11-24,C00187,P0190,1,0.0,232.87,UPI,Shipped
O007394,2026-02-08,C00696,P0166,1,0.05,68.85,Wallet,Delivered
O007395,2024-11-06,C01402,P0110,3,0.15,413.2,Credit Card,Cancelled
O007396,2024-12-08,C00698,P0096,1,0.15,218.31,Cash on Delivery,Delivered
O007396,2024-12-08,C00698,P0173,1,0.25,496.18,Debit Card,Shipped
O007396,2024-12-08,C00698,P0242,2,0.0,359.57,Credit Card,Delivered
O007397,2026-02-27,C01012,P0206,1,0.1,184.86,Credit Card,Shipped
O007398,2024-07-20,C00588,P0201,2,0.15,94.0,UPI,Delivered
O007398,2024-07-20,C00588,P0064,1,0.1,283.6,Debit Card,Delivered
O007399,2025-03-29,C00628,P0210,1,0.15,456.68,Net Banking,Processing
O007400,2025-11-21,C01287,P0080,4,0.2,245.4,Wallet,Processing
O007400,2025-11-21,C01287,P0077,1,0.0,71.39,UPI,Delivered
O007401,2024-06-15,C00281,P0064,1,0.1,60.8,Debit Card,Delivered
O007402,2025-12-03,C00448,P0048,1,0.1,68.59,Debit Card,Processing
O007403,2025-10-28,C01377,P0012,1,0.0,103.97,UPI,Delivered
O007404,2025-08-18,C00287,P0111,4,0.1,489.16,UPI,Delivered
O007405,2025-02-13,C00059,P0148,2,0.15,429.22,UPI,Delivered
O007406,2024-08-24,C00197,P0097,1,0.05,427.52,Wallet,Delivered
O007406,2024-08-24,C00197,P0162,2,0.15,174.27,UPI,Cancelled
O007407,2024-04-10,C00046,P0185,1,0.15,462.98,Debit Card,Delivered
O007408,2025-04-28,C00112,P0109,1,0.1,482.82,Credit Card,Delivered
O007409,2025-10-06,C00295,P0212,2,0.15,25.46,Credit Card,Delivered
O007409,2025-10-06,C00295,P0089,1,0.1,354.84,Net Banking,Shipped
O007410,2024-11-12,C00575,P0231,1,0.2,52.57,Debit Card,Delivered
O007410,2024-11-12,C00575,P0159,1,0.0,408.68,Debit Card,Shipped
O007411,2025-05-10,C00240,P0178,2,0.1,181.63,Credit Card,Shipped
O007412,2025-11-06,C00157,P0139,2,0.2,166.93,UPI,Delivered
O007413,2025-04-06,C01249,P0050,1,0.25,379.13,Net Banking,Processing
O007413,2025-04-06,C01249,P0124,1,0.1,138.97,Net Banking,Processing
O007413,2025-04-06,C01249,P0039,1,0.1,217.3,Wallet,Delivered
O007414,2024-08-15,C00877,P0160,1,0.1,496.62,Cash on Delivery,Delivered
O007415,2024-11-16,C00706,P0215,2,0.0,498.8,UPI,Delivered
O007416,2024-09-24,C01334,P0136,3,0.05,216.62,Net Banking,Delivered
O007417,2025-05-31,C01059,P0065,1,0.05,404.72,UPI,Delivered
O007417,2025-05-31,C01059,P0183,2,0.1,471.52,UPI,Cancelled
O007418,2025-09-08,C00386,P0107,3,0.1,139.35,UPI,Delivered
O007418,2025-09-08,C00386,P0024,1,0.2,326.81,Credit Card,Processing
O007419,2025-05-25,C00526,P0048,1,0.05,106.67,Wallet,Processing
O007419,2025-05-25,C00526,P0080,1,0.0,314.78,Wallet,Cancelled
O007419,2025-05-25,C00526,P0102,2,0.1,469.97,Net Banking,Delivered
O007420,2024-10-18,C01099,P0104,1,0.1,272.1,UPI,Cancelled
O007421,2026-03-13,C00783,P0128,1,0.15,231.22,Credit Card,Delivered
O007422,2025-09-08,C00333,P0104,1,0.05,68.62,Cash on Delivery,Delivered
O007423,2025-02-05,C00346,P0215,1,0.15,480.96,Credit Card,Delivered
O007424,2025-06-24,C01289,P0087,1,0.05,459.14,Credit Card,Delivered
O007424,2025-06-24,C01289,P0183,4,0.15,369.39,UPI,Delivered
O007425,2024-09-24,C00503,P0244,1,0.1,114.9,Cash on Delivery,Delivered
O007426,2025-09-12,C00165,P0085,2,0.15,332.88,Credit Card,Delivered
O007427,2025-02-18,C01316,P0223,2,0.2,161.94,Credit Card,Cancelled
O007428,2024-05-11,C00231,P0068,1,0.1,252.63,Cash on Delivery,Delivered
O007429,2025-05-20,C00014,P0204,1,0.1,396.17,UPI,Delivered
O007430,2024-07-22,C01379,P0150,1,0.05,217.72,UPI,Delivered
O007431,2025-06-28,C00483,P0238,1,0.0,465.1,UPI,Delivered
O007432,2026-01-24,C00975,P0219,3,0.1,94.53,Cash on Delivery,Shipped
O007432,2026-01-24,C00975,P0038,4,0.1,190.28,Credit Card,Delivered
O007433,2025-11-28,C00951,P0068,1,0.05,390.95,Credit Card,Processing
O007433,2025-11-28,C00951,P0080,1,0.2,375.98,UPI,Delivered
O007434,2025-02-08,C00109,P0126,1,0.0,132.1,Debit Card,Delivered
O007435,2025-05-14,C01245,P0040,1,0.1,131.04,Cash on Delivery,Delivered
O007436,2024-12-27,C00348,P0213,1,0.15,361.39,Credit Card,Delivered
O007437,2024-07-24,C00538,P0217,1,0.1,223.04,UPI,Delivered
O007438,2024-07-26,C00322,P0027,1,0.2,281.46,Cash on Delivery,Delivered
O007438,2024-07-26,C00322,P0098,1,0.1,145.61,Debit Card,Delivered
O007439,2024-12-16,C00457,P0009,2,0.1,322.75,Credit Card,Processing
O007440,2026-02-18,C00072,P0214,1,0.0,240.07,Debit Card,Delivered
O007441,2024-08-11,C00676,P0081,2,0.25,67.26,UPI,Delivered
O007442,2024-11-12,C01020,P0044,2,0.05,313.31,Credit Card,Delivered
O007443,2024-07-16,C00651,P0001,1,0.0,399.6,UPI,Delivered
O007444,2024-09-28,C00091,P0062,1,0.1,275.43,Cash on Delivery,Delivered
O007444,2024-09-28,C00091,P0042,1,0.05,410.63,Credit Card,Delivered
O007444,2024-09-28,C00091,P0176,1,0.05,393.4,Cash on Delivery,Processing
O007445,2024-07-06,C01403,P0002,1,0.1,155.58,UPI,Delivered
O007445,2024-07-06,C01403,P0041,2,0.2,54.81,UPI,Delivered
O007446,2025-09-30,C00214,P0217,1,0.2,495.55,UPI,Cancelled
O007447,2025-11-04,C01110,P0072,1,0.05,348.59,Credit Card,Shipped
O007448,2025-07-23,C00905,P0174,3,0.2,186.66,Wallet,Delivered
O007449,2025-03-11,C01453,P0081,1,0.1,49.83,Net Banking,Delivered
O007450,2025-06-05,C00993,P0033,3,0.1,304.27,UPI,Cancelled
O007451,2025-01-31,C00927,P0063,3,0.1,489.84,Debit Card,Delivered
O007452,2025-05-09,C01214,P0087,1,0.15,179.52,Credit Card,Delivered
O007452,2025-05-09,C01214,P0115,3,0.15,208.25,UPI,Shipped
O007453,2025-07-24,C00829,P0014,1,0.05,120.62,Cash on Delivery,Delivered
O007453,2025-07-24,C00829,P0193,1,0.1,409.18,UPI,Delivered
O007453,2025-07-24,C00829,P0117,3,0.0,422.36,Credit Card,Processing
O007454,2025-01-17,C01441,P0067,1,0.1,346.76,Credit Card,Delivered
O007454,2025-01-17,C01441,P0224,2,0.1,192.0,Debit Card,Delivered
O007455,2025-12-15,C00429,P0174,3,0.05,430.97,Credit Card,Cancelled
O007455,2025-12-15,C00429,P0055,1,0.25,40.54,Credit Card,Delivered
O007456,2025-04-21,C00192,P0127,1,0.05,319.4,Credit Card,Cancelled
O007456,2025-04-21,C00192,P0146,2,0.25,363.09,Credit Card,Delivered
O007457,2025-10-20,C01144,P0116,1,0.05,107.17,Credit Card,Delivered
O007457,2025-10-20,C01144,P0228,1,0.25,250.68,UPI,Cancelled
O007458,2025-12-13,C01345,P0177,1,0.1,230.94,UPI,Processing
O007458,2025-12-13,C01345,P0104,2,0.0,61.52,Credit Card,Delivered
O007458,2025-12-13,C01345,P0038,1,0.15,393.25,UPI,Delivered
O007459,2024-08-16,C00299,P0087,1,0.1,234.49,Wallet,Shipped
O007459,2024-08-16,C00299,P0156,1,0.05,284.8,UPI,Delivered
O007460,2024-12-28,C01106,P0138,2,0.0,106.77,UPI,Processing
O007460,2024-12-28,C01106,P0156,1,0.15,222.93,UPI,Shipped
O007461,2024-12-16,C01433,P0128,1,0.15,420.98,Wallet,Processing
O007462,2026-01-11,C00576,P0150,1,0.2,212.84,Wallet,Delivered
O007463,2024-08-04,C01121,P0245,1,0.05,437.0,UPI,Delivered
O007463,2024-08-04,C01121,P0248,1,0.1,90.8,Credit Card,Shipped
O007464,2025-06-28,C00105,P0188,1,0.0,124.3,UPI,Cancelled
O007465,2024-12-29,C01179,P0045,1,0.0,263.33,Debit Card,Cancelled
O007465,2024-12-29,C01179,P0102,1,0.1,112.92,Debit Card,Delivered
O007465,2024-12-29,C01179,P0083,1,0.15,357.91,Cash on Delivery,Processing
O007466,2024-10-12,C01050,P0202,1,0.2,396.56,Cash on Delivery,Delivered
O007467,2024-05-04,C01095,P0169,1,0.1,408.79,UPI,Delivered
O007468,2025-01-04,C00229,P0010,1,0.0,90.76,UPI,Cancelled
O007469,2025-04-14,C00067,P0244,1,0.15,274.76,Net Banking,Delivered
O007469,2025-04-14,C00067,P0049,2,0.1,399.97,Credit Card,Delivered
O007470,2025-02-21,C01422,P0228,1,0.05,368.52,Debit Card,Shipped
O007471,2024-12-24,C00104,P0008,1,0.1,435.31,UPI,Delivered
O007472,2024-05-06,C00761,P0114,2,0.1,453.49,Credit Card,Cancelled
O007472,2024-05-06,C00761,P0021,4,0.15,269.83,Debit Card,Cancelled
O007472,2024-05-06,C00761,P0171,2,0.0,62.44,Cash on Delivery,Shipped
O007473,2026-03-20,C00981,P0153,2,0.2,78.62,Wallet,Cancelled
O007473,2026-03-20,C00981,P0119,1,0.15,483.52,UPI,Cancelled
O007474,2025-10-15,C00803,P0125,2,0.15,422.34,UPI,Cancelled
O007475,2024-04-14,C00826,P0214,1,0.05,372.78,Cash on Delivery,Shipped
O007476,2024-12-18,C00276,P0088,1,0.05,97.15,UPI,Processing
O007477,2024-07-13,C01458,P0192,2,0.05,446.01,Cash on Delivery,Shipped
O007478,2026-03-27,C01322,P0022,1,0.1,155.94,Credit Card,Delivered
O007479,2025-06-24,C01173,P0057,2,0.15,438.62,Cash on Delivery,Processing
O007480,2025-05-11,C00323,P0093,1,0.15,488.91,Cash on Delivery,Delivered
O007481,2025-02-21,C00273,P0154,1,0.1,440.98,Wallet,Shipped
O007482,2024-12-08,C00840,P0054,1,0.3,332.58,Wallet,Cancelled
O007482,2024-12-08,C00840,P0064,1,0.05,410.91,Credit Card,Shipped
O007483,2025-05-28,C00029,P0139,1,0.15,141.32,UPI,Delivered
O007483,2025-05-28,C00029,P0228,1,0.15,424.02,UPI,Shipped
O007484,2025-08-20,C00299,P0102,2,0.15,382.78,Net Banking,Delivered
O007484,2025-08-20,C00299,P0193,2,0.3,355.93,Credit Card,Shipped
O007484,2025-08-20,C00299,P0083,2,0.1,210.63,Credit Card,Processing
O007485,2024-09-18,C00229,P0007,2,0.15,163.91,Wallet,Cancelled
O007486,2025-11-05,C00218,P0077,4,0.0,243.65,Net Banking,Cancelled
O007487,2026-02-20,C00135,P0041,2,0.05,358.63,Net Banking,Delivered
O007488,2025-01-16,C00207,P0153,2,0.05,263.67,UPI,Delivered
O007488,2025-01-16,C00207,P0072,1,0.15,74.9,UPI,Processing
O007489,2026-03-04,C00467,P0147,2,0.0,304.17,UPI,Delivered
O007490,2024-06-18,C00450,P0017,1,0.15,319.56,UPI,Delivered
O007491,2024-08-08,C00990,P0032,2,0.25,377.67,UPI,Shipped
O007492,2025-02-28,C00975,P0100,1,0.1,346.19,Credit Card,Delivered
O007492,2025-02-28,C00975,P0214,1,0.1,26.32,Credit Card,Delivered
O007493,2026-01-09,C00754,P0014,2,0.0,59.35,Credit Card,Processing
O007494,2024-11-29,C00205,P0006,1,0.1,329.13,Credit Card,Processing
O007495,2026-03-08,C00504,P0157,2,0.1,123.05,Credit Card,Cancelled
O007495,2026-03-08,C00504,P0144,1,0.05,395.81,Cash on Delivery,Delivered
O007495,2026-03-08,C00504,P0112,2,0.25,27.3,Credit Card,Delivered
O007496,2026-03-23,C00658,P0095,2,0.15,64.57,Credit Card,Delivered
O007497,2025-06-08,C01009,P0112,1,0.1,311.04,Net Banking,Delivered
O007498,2026-01-09,C01118,P0141,1,0.05,413.17,UPI,Delivered
O007499,2024-10-27,C00202,P0081,1,0.05,428.12,UPI,Processing
O007499,2024-10-27,C00202,P0248,1,0.1,212.75,Cash on Delivery,Shipped
O007500,2025-03-11,C00850,P0002,2,0.0,428.26,Net Banking,Delivered
O007500,2025-03-11,C00850,P0193,1,0.15,200.06,Net Banking,Delivered
O007501,2025-04-19,C00723,P0248,1,0.1,453.09,UPI,Processing
O007502,2024-11-21,C00506,P0119,1,0.15,323.63,UPI,Delivered
O007503,2024-07-16,C00964,P0193,1,0.25,264.35,UPI,Delivered
O007503,2024-07-16,C00964,P0102,1,0.1,73.0,Debit Card,Delivered
O007503,2024-07-16,C00964,P0079,2,0.15,145.53,Net Banking,Delivered
O007504,2025-11-25,C00731,P0229,1,0.0,257.76,Debit Card,Cancelled
O007504,2025-11-25,C00731,P0236,1,0.1,325.96,UPI,Processing
O007505,2025-02-17,C00804,P0065,1,0.15,452.97,Credit Card,Delivered
O007506,2025-01-27,C00129,P0038,2,0.1,491.91,Net Banking,Delivered
O007507,2025-03-01,C00107,P0174,1,0.1,33.55,Wallet,Delivered
O007507,2025-03-01,C00107,P0142,1,0.05,40.69,Net Banking,Shipped
O007508,2024-05-09,C00321,P0120,1,0.2,124.87,Credit Card,Shipped
O007509,2024-07-31,C00382,P0016,2,0.15,307.32,Debit Card,Cancelled
O007510,2025-02-19,C01086,P0023,1,0.0,385.77,Wallet,Delivered
O007511,2024-10-11,C00048,P0078,1,0.15,54.98,Net Banking,Delivered
O007511,2024-10-11,C00048,P0021,4,0.2,391.79,Net Banking,Delivered
O007512,2026-01-05,C00984,P0228,1,0.15,271.0,UPI,Delivered
O007512,2026-01-05,C00984,P0031,1,0.1,57.36,UPI,Delivered
O007512,2026-01-05,C00984,P0126,2,0.1,134.23,Debit Card,Delivered
O007513,2024-12-03,C01363,P0062,1,0.3,357.99,Wallet,Delivered
O007514,2025-07-09,C00886,P0096,1,0.1,124.0,UPI,Delivered
O007515,2025-11-17,C00080,P0112,1,0.2,224.89,Wallet,Shipped
O007515,2025-11-17,C00080,P0038,1,0.1,258.31,Debit Card,Delivered
O007516,2025-02-01,C01177,P0152,2,0.05,374.95,UPI,Delivered
O007517,2025-04-02,C00450,P0161,2,0.15,39.45,Credit Card,Delivered
O007517,2025-04-02,C00450,P0175,1,0.1,397.7,Debit Card,Delivered
O007518,2026-03-09,C00897,P0237,1,0.15,367.37,Debit Card,Processing
O007519,2026-03-28,C01185,P0065,1,0.05,423.59,Net Banking,Delivered
O007519,2026-03-28,C01185,P0057,1,0.05,289.12,Cash on Delivery,Cancelled
O007520,2024-11-05,C00257,P0128,2,0.1,327.32,UPI,Shipped
O007521,2026-03-24,C00387,P0052,2,0.1,250.52,Credit Card,Cancelled
O007522,2025-02-07,C00162,P0066,1,0.2,271.76,Credit Card,Delivered
O007523,2025-02-03,C00769,P0049,1,0.0,80.79,Credit Card,Processing
O007524,2025-10-30,C00390,P0124,1,0.2,28.15,UPI,Shipped
O007525,2026-01-04,C00642,P0164,2,0.15,271.75,UPI,Processing
O007525,2026-01-04,C00642,P0109,2,0.25,279.9,Net Banking,Delivered
O007526,2024-09-09,C01257,P0227,1,0.05,238.25,UPI,Delivered
O007527,2026-02-07,C00698,P0043,1,0.15,130.33,Credit Card,Processing
O007528,2025-03-01,C01243,P0028,1,0.0,349.83,UPI,Delivered
O007528,2025-03-01,C01243,P0024,2,0.1,340.31,UPI,Delivered
O007528,2025-03-01,C01243,P0152,1,0.1,178.5,Credit Card,Processing
O007529,2024-06-28,C00554,P0247,1,0.15,129.24,Net Banking,Cancelled
O007530,2026-03-27,C00069,P0245,1,0.05,132.85,Debit Card,Delivered
O007531,2025-06-15,C00632,P0194,1,0.1,331.16,UPI,Cancelled
O007532,2025-02-28,C01314,P0167,1,0.1,458.78,UPI,Delivered
O007533,2024-08-14,C00675,P0092,3,0.05,420.84,Credit Card,Shipped
O007534,2024-04-09,C00076,P0120,1,0.1,388.09,Credit Card,Shipped
O007534,2024-04-09,C00076,P0197,1,0.25,352.18,UPI,Delivered
O007535,2025-02-11,C00280,P0038,1,0.05,376.21,Credit Card,Delivered
O007536,2025-03-07,C01104,P0013,1,0.15,231.0,UPI,Cancelled
O007537,2025-08-10,C01306,P0070,1,0.15,494.96,UPI,Delivered
O007538,2024-12-10,C00663,P0230,2,0.0,383.14,Debit Card,Processing
O007539,2024-06-07,C00226,P0173,1,0.1,348.82,Credit Card,Processing
O007539,2024-06-07,C00226,P0046,1,0.05,207.07,Debit Card,Processing
O007540,2024-05-20,C00692,P0052,1,0.0,73.37,Net Banking,Delivered
O007540,2024-05-20,C00692,P0002,2,0.15,78.84,Credit Card,Delivered
O007540,2024-05-20,C00692,P0006,2,0.15,133.04,UPI,Delivered
O007541,2025-03-15,C00836,P0247,2,0.1,419.71,Net Banking,Cancelled
O007542,2025-01-17,C00645,P0055,1,0.05,53.8,Wallet,Delivered
O007543,2025-10-04,C00373,P0115,2,0.1,417.37,Cash on Delivery,Processing
O007543,2025-10-04,C00373,P0215,1,0.15,35.4,Wallet,Delivered
O007544,2026-03-15,C01247,P0155,1,0.05,233.27,Debit Card,Delivered
O007545,2024-09-20,C00719,P0120,1,0.0,64.15,UPI,Delivered
O007546,2026-03-17,C00689,P0145,1,0.15,287.54,Wallet,Delivered
O007547,2025-02-02,C01217,P0193,2,0.1,470.67,Debit Card,Delivered
O007548,2025-12-29,C00381,P0183,1,0.05,75.87,Debit Card,Shipped
O007549,2024-10-20,C00133,P0248,1,0.1,246.65,Debit Card,Delivered
O007549,2024-10-20,C00133,P0149,1,0.1,211.93,Debit Card,Processing
O007550,2024-12-23,C00493,P0128,1,0.1,356.28,Cash on Delivery,Shipped
O007551,2025-06-05,C01158,P0247,1,0.05,450.22,Debit Card,Delivered
O007551,2025-06-05,C01158,P0079,1,0.1,116.94,Cash on Delivery,Processing
O007552,2024-07-06,C01492,P0045,1,0.1,329.26,UPI,Delivered
O007552,2024-07-06,C01492,P0227,4,0.05,106.75,Net Banking,Delivered
O007553,2025-06-26,C00890,P0053,1,0.0,83.12,Credit Card,Delivered
O007554,2025-12-05,C01179,P0032,1,0.2,40.4,Cash on Delivery,Delivered
O007554,2025-12-05,C01179,P0184,1,0.15,63.41,Net Banking,Delivered
O007555,2025-11-10,C00377,P0164,1,0.15,370.97,Credit Card,Cancelled
O007556,2025-10-17,C00395,P0136,1,0.05,393.05,Cash on Delivery,Delivered
O007557,2026-02-24,C01175,P0006,3,0.15,84.49,Debit Card,Delivered
O007558,2025-07-28,C01195,P0108,1,0.15,267.71,Net Banking,Delivered
O007559,2024-06-01,C01470,P0122,1,0.1,362.5,UPI,Delivered
O007559,2024-06-01,C01470,P0091,1,0.2,308.78,Debit Card,Processing
O007560,2025-05-22,C00544,P0075,2,0.15,467.96,Credit Card,Cancelled
O007561,2026-02-16,C00519,P0117,1,0.15,143.4,Cash on Delivery,Delivered
O007561,2026-02-16,C00519,P0144,1,0.15,362.95,UPI,Delivered
O007561,2026-02-16,C00519,P0064,1,0.05,469.5,Credit Card,Shipped
O007562,2026-01-13,C00907,P0104,2,0.2,231.09,Credit Card,Processing
O007563,2024-06-27,C01055,P0237,1,0.1,292.09,Net Banking,Cancelled
O007564,2024-08-25,C00750,P0091,3,0.25,244.1,Debit Card,Shipped
O007565,2024-04-14,C01442,P0036,1,0.05,72.89,Credit Card,Processing
O007566,2025-08-30,C00678,P0249,1,0.05,402.82,UPI,Delivered
O007567,2024-09-29,C00558,P0041,2,0.15,77.8,Net Banking,Cancelled
O007568,2024-08-20,C01009,P0228,2,0.15,452.14,Credit Card,Delivered
O007568,2024-08-20,C01009,P0160,1,0.0,154.84,Credit Card,Delivered
O007569,2026-01-21,C00891,P0202,1,0.15,161.86,Credit Card,Delivered
O007569,2026-01-21,C00891,P0157,1,0.0,367.53,Net Banking,Processing
O007570,2024-04-13,C01468,P0067,2,0.1,94.21,UPI,Delivered
O007571,2025-06-25,C00528,P0058,2,0.25,327.65,Credit Card,Delivered
O007572,2025-03-17,C00528,P0223,1,0.05,102.46,Credit Card,Delivered
O007572,2025-03-17,C00528,P0096,1,0.0,56.84,Credit Card,Delivered
O007572,2025-03-17,C00528,P0008,1,0.05,286.41,Credit Card,Delivered
O007573,2025-01-07,C01160,P0067,3,0.05,262.1,UPI,Delivered
O007574,2025-02-11,C00716,P0207,2,0.1,394.97,UPI,Delivered
O007575,2025-01-19,C00666,P0231,1,0.05,25.72,UPI,Delivered
O007575,2025-01-19,C00666,P0088,1,0.1,61.05,Net Banking,Delivered
O007576,2025-10-01,C00050,P0122,1,0.1,43.41,Cash on Delivery,Delivered
O007577,2025-01-20,C00588,P0083,1,0.0,221.9,UPI,Delivered
O007578,2025-09-30,C00254,P0183,2,0.05,101.56,Debit Card,Cancelled
O007579,2024-08-05,C01294,P0250,3,0.05,146.69,Net Banking,Delivered
O007580,2025-03-23,C01262,P0230,1,0.1,389.94,UPI,Cancelled
O007580,2025-03-23,C01262,P0004,1,0.1,84.38,UPI,Cancelled
O007581,2025-06-25,C00539,P0222,2,0.05,91.94,Debit Card,Delivered
O007582,2025-07-08,C00122,P0033,1,0.0,189.67,UPI,Delivered
O007583,2026-01-19,C01272,P0010,1,0.1,196.24,UPI,Delivered
O007584,2025-04-01,C01312,P0171,2,0.1,268.93,Credit Card,Delivered
O007584,2025-04-01,C01312,P0234,1,0.05,98.59,UPI,Delivered
O007585,2026-03-12,C01001,P0083,1,0.1,390.46,Cash on Delivery,Processing
O007585,2026-03-12,C01001,P0139,1,0.2,424.69,Cash on Delivery,Delivered
O007586,2025-07-11,C00861,P0073,1,0.05,110.87,Cash on Delivery,Cancelled
O007586,2025-07-11,C00861,P0049,2,0.15,361.13,Net Banking,Delivered
O007587,2024-08-06,C01317,P0019,3,0.05,363.35,Credit Card,Delivered
O007587,2024-08-06,C01317,P0202,1,0.1,127.92,UPI,Delivered
O007588,2024-04-08,C00063,P0066,1,0.0,319.23,Debit Card,Shipped
O007588,2024-04-08,C00063,P0143,1,0.25,355.9,Wallet,Delivered
O007589,2024-09-13,C00742,P0180,1,0.0,450.04,UPI,Delivered
O007590,2025-05-04,C00403,P0030,2,0.15,235.37,Credit Card,Delivered
O007591,2024-05-03,C00416,P0089,2,0.1,185.47,UPI,Cancelled
O007592,2026-02-07,C01176,P0190,1,0.0,230.33,Credit Card,Shipped
O007593,2025-12-09,C00934,P0101,1,0.1,331.04,Debit Card,Delivered
O007593,2025-12-09,C00934,P0088,1,0.1,146.31,Credit Card,Processing
O007594,2025-05-22,C00983,P0244,1,0.1,160.87,Wallet,Processing
O007595,2024-05-10,C00004,P0137,1,0.0,189.66,UPI,Delivered
O007595,2024-05-10,C00004,P0101,1,0.1,52.64,Wallet,Cancelled
O007596,2024-11-03,C00591,P0222,4,0.1,440.17,UPI,Cancelled
O007596,2024-11-03,C00591,P0190,1,0.1,186.58,UPI,Delivered
O007596,2024-11-03,C00591,P0096,2,0.1,349.62,Net Banking,Shipped
O007597,2025-06-22,C00252,P0091,1,0.1,76.47,Credit Card,Cancelled
O007597,2025-06-22,C00252,P0115,1,0.1,494.57,Debit Card,Processing
O007598,2024-09-28,C00331,P0250,1,0.0,254.32,UPI,Delivered
O007598,2024-09-28,C00331,P0167,2,0.1,375.05,Net Banking,Processing
O007599,2025-12-05,C00356,P0075,1,0.15,216.2,UPI,Processing
O007599,2025-12-05,C00356,P0204,1,0.1,453.94,Cash on Delivery,Delivered
O007600,2026-01-04,C00948,P0238,3,0.0,50.74,Cash on Delivery,Shipped
O007601,2024-04-15,C01036,P0061,3,0.3,114.56,Debit Card,Delivered
O007602,2024-10-31,C00244,P0028,1,0.15,292.52,UPI,Delivered
O007602,2024-10-31,C00244,P0073,1,0.15,181.19,Credit Card,Shipped
O007603,2025-05-06,C01137,P0161,1,0.1,449.93,UPI,Cancelled
O007604,2025-01-29,C00221,P0203,1,0.1,282.13,UPI,Delivered
O007604,2025-01-29,C00221,P0047,1,0.1,45.7,Net Banking,Cancelled
O007605,2024-11-15,C00507,P0211,1,0.0,476.57,Credit Card,Delivered
O007606,2026-02-21,C00388,P0159,2,0.25,343.8,Net Banking,Delivered
O007606,2026-02-21,C00388,P0081,1,0.05,161.96,UPI,Delivered
O007606,2026-02-21,C00388,P0021,1,0.15,349.8,Credit Card,Delivered
O007607,2025-09-03,C00802,P0248,1,0.05,211.8,Wallet,Delivered
O007608,2025-09-15,C00250,P0025,2,0.0,289.02,Net Banking,Cancelled
O007608,2025-09-15,C00250,P0223,1,0.15,425.63,UPI,Cancelled
O007609,2024-06-06,C00868,P0195,1,0.1,59.6,Debit Card,Delivered
O007610,2025-02-26,C01288,P0162,1,0.05,211.99,Wallet,Cancelled
O007610,2025-02-26,C01288,P0245,2,0.1,494.1,UPI,Delivered
O007610,2025-02-26,C01288,P0083,1,0.25,49.11,UPI,Shipped
O007611,2024-10-27,C01079,P0039,2,0.1,442.79,Credit Card,Cancelled
O007611,2024-10-27,C01079,P0082,1,0.1,279.1,Credit Card,Processing
O007612,2024-07-14,C00493,P0101,2,0.15,471.05,Wallet,Delivered
O007613,2025-06-18,C00066,P0182,1,0.15,435.59,Cash on Delivery,Shipped
O007613,2025-06-18,C00066,P0116,1,0.2,158.25,Credit Card,Delivered
O007614,2025-01-05,C00777,P0008,1,0.2,216.83,Cash on Delivery,Shipped
O007615,2026-02-28,C00661,P0243,3,0.15,120.95,Cash on Delivery,Delivered
O007616,2026-03-07,C00309,P0028,1,0.0,479.73,UPI,Delivered
O007616,2026-03-07,C00309,P0030,1,0.1,189.69,Wallet,Delivered
O007617,2024-04-24,C01140,P0207,1,0.1,54.49,Debit Card,Delivered
O007617,2024-04-24,C01140,P0019,1,0.1,386.89,Debit Card,Cancelled
O007618,2025-11-11,C00023,P0099,1,0.15,256.99,Credit Card,Delivered
O007618,2025-11-11,C00023,P0131,2,0.1,344.39,Debit Card,Delivered
O007618,2025-11-11,C00023,P0230,3,0.0,482.5,UPI,Delivered
O007619,2025-01-19,C01110,P0016,2,0.05,179.72,Credit Card,Delivered
O007620,2025-01-18,C00185,P0102,1,0.0,240.79,Cash on Delivery,Delivered
O007620,2025-01-18,C00185,P0058,1,0.1,144.73,Cash on Delivery,Delivered
O007621,2024-11-11,C00764,P0027,2,0.15,203.59,Cash on Delivery,Delivered
O007622,2025-09-14,C00857,P0073,2,0.0,467.16,UPI,Delivered
O007623,2025-10-21,C00648,P0203,1,0.05,301.34,Cash on Delivery,Processing
O007623,2025-10-21,C00648,P0174,1,0.1,209.46,Debit Card,Delivered
O007624,2025-11-28,C01022,P0084,3,0.2,313.55,Debit Card,Delivered
O007625,2024-04-02,C01381,P0141,1,0.25,258.6,Cash on Delivery,Delivered
O007626,2024-12-29,C00274,P0134,2,0.1,111.62,UPI,Processing
O007627,2024-06-13,C00160,P0110,2,0.1,46.39,Net Banking,Processing
O007627,2024-06-13,C00160,P0197,1,0.25,445.37,UPI,Processing
O007628,2024-12-20,C00506,P0179,2,0.0,259.6,Debit Card,Shipped
O007629,2024-04-27,C00166,P0070,2,0.2,67.44,Credit Card,Delivered
O007630,2025-08-22,C01380,P0149,1,0.15,94.48,Credit Card,Delivered
O007631,2024-06-02,C00073,P0221,2,0.2,358.11,UPI,Delivered
O007632,2025-11-02,C01048,P0022,1,0.1,105.35,Net Banking,Processing
O007632,2025-11-02,C01048,P0185,2,0.1,229.54,Cash on Delivery,Shipped
O007633,2024-09-05,C00111,P0172,1,0.25,184.08,Credit Card,Delivered
O007633,2024-09-05,C00111,P0215,1,0.1,316.69,Debit Card,Delivered
O007633,2024-09-05,C00111,P0155,1,0.2,121.81,Credit Card,Delivered
O007634,2025-02-19,C00176,P0056,1,0.15,309.8,UPI,Delivered
O007635,2024-05-27,C01086,P0145,1,0.15,285.35,Debit Card,Delivered
O007635,2024-05-27,C01086,P0038,2,0.1,389.78,Debit Card,Delivered
O007636,2025-03-05,C00375,P0068,1,0.05,175.25,UPI,Cancelled
O007636,2025-03-05,C00375,P0140,1,0.1,247.63,UPI,Delivered
O007637,2025-08-29,C01448,P0017,2,0.1,72.92,Debit Card,Delivered
O007637,2025-08-29,C01448,P0237,1,0.15,31.2,Cash on Delivery,Processing
O007638,2024-04-20,C00311,P0068,1,0.05,182.86,UPI,Shipped
O007638,2024-04-20,C00311,P0230,2,0.1,316.75,Credit Card,Delivered
O007639,2024-09-02,C00274,P0092,1,0.15,350.92,UPI,Delivered
O007640,2024-05-16,C00486,P0148,1,0.1,378.86,Cash on Delivery,Processing
O007641,2025-09-02,C00760,P0169,1,0.15,216.98,Cash on Delivery,Delivered
O007642,2025-06-18,C01494,P0129,4,0.1,125.84,Cash on Delivery,Shipped
O007643,2024-07-02,C00997,P0005,1,0.1,300.2,UPI,Delivered
O007644,2025-09-19,C01272,P0103,1,0.2,140.3,UPI,Delivered
O007645,2026-03-28,C01233,P0122,1,0.1,326.63,Wallet,Delivered
O007646,2025-04-28,C00913,P0101,2,0.1,494.51,UPI,Delivered
O007647,2025-03-16,C01272,P0166,1,0.25,448.06,Debit Card,Delivered
O007648,2026-03-30,C00767,P0052,2,0.1,82.52,Credit Card,Cancelled
O007648,2026-03-30,C00767,P0079,2,0.1,328.72,Credit Card,Delivered
O007649,2024-05-09,C00029,P0112,2,0.0,200.3,Wallet,Delivered
O007650,2024-09-25,C00272,P0164,2,0.25,260.1,Debit Card,Processing
O007651,2024-04-17,C01299,P0243,1,0.05,392.85,Debit Card,Delivered
O007651,2024-04-17,C01299,P0143,1,0.15,328.12,Credit Card,Processing
O007652,2024-09-15,C01092,P0178,1,0.1,261.37,Wallet,Shipped
O007653,2025-01-24,C01373,P0247,1,0.0,35.85,Net Banking,Delivered
O007654,2025-12-15,C00689,P0165,3,0.05,401.39,UPI,Delivered
O007655,2026-02-20,C00972,P0236,1,0.0,335.91,Debit Card,Processing
O007656,2024-12-07,C00985,P0183,2,0.1,483.5,Credit Card,Cancelled
O007657,2024-10-12,C00771,P0137,3,0.0,497.94,Debit Card,Delivered
O007657,2024-10-12,C00771,P0146,1,0.1,187.04,UPI,Cancelled
O007658,2024-08-25,C01120,P0199,1,0.05,164.91,Wallet,Delivered
O007659,2024-10-13,C01235,P0094,1,0.1,66.85,Net Banking,Shipped
O007659,2024-10-13,C01235,P0054,1,0.05,385.54,Cash on Delivery,Delivered
O007660,2026-02-15,C01411,P0202,1,0.1,241.25,Debit Card,Delivered
O007660,2026-02-15,C01411,P0045,2,0.15,364.41,Credit Card,Delivered
O007661,2025-09-07,C01284,P0235,2,0.05,146.54,Wallet,Cancelled
O007662,2024-11-26,C01201,P0129,2,0.05,131.96,UPI,Processing
O007662,2024-11-26,C01201,P0018,1,0.15,355.62,UPI,Delivered
O007663,2024-06-12,C01472,P0042,1,0.15,170.26,Net Banking,Delivered
O007663,2024-06-12,C01472,P0174,1,0.1,109.22,Credit Card,Processing
O007663,2024-06-12,C01472,P0097,1,0.05,134.54,UPI,Delivered
O007664,2024-10-13,C01212,P0077,2,0.2,307.12,Credit Card,Shipped
O007665,2025-08-31,C00411,P0077,1,0.1,406.09,Debit Card,Delivered
O007666,2024-10-20,C00953,P0170,1,0.05,143.87,Credit Card,Delivered
O007666,2024-10-20,C00953,P0157,1,0.2,139.79,Net Banking,Delivered
O007666,2024-10-20,C00953,P0212,2,0.0,244.03,Debit Card,Processing
O007667,2024-12-03,C00517,P0061,2,0.15,56.53,UPI,Delivered
O007668,2025-03-02,C00465,P0060,1,0.15,410.98,UPI,Delivered
O007669,2026-03-29,C00404,P0124,2,0.2,36.98,Debit Card,Cancelled
O007670,2024-09-05,C00126,P0220,1,0.1,274.44,UPI,Delivered
O007671,2024-05-28,C01221,P0075,1,0.05,393.56,Credit Card,Delivered
O007672,2025-10-08,C00437,P0214,1,0.1,427.44,Credit Card,Shipped
O007673,2024-09-11,C00485,P0153,2,0.1,89.08,Credit Card,Processing
O007674,2025-07-16,C00909,P0219,1,0.2,459.19,UPI,Processing
O007674,2025-07-16,C00909,P0021,1,0.0,316.14,Credit Card,Processing
O007674,2025-07-16,C00909,P0101,1,0.05,99.56,UPI,Delivered
O007675,2025-07-01,C00896,P0149,1,0.1,322.75,Wallet,Delivered
O007675,2025-07-01,C00896,P0036,2,0.1,396.42,Debit Card,Shipped
O007676,2026-02-23,C00418,P0226,1,0.0,185.36,Cash on Delivery,Delivered
O007676,2026-02-23,C00418,P0216,1,0.0,439.66,Debit Card,Delivered
O007677,2024-08-16,C00882,P0026,2,0.15,109.18,UPI,Delivered
O007678,2025-10-30,C00077,P0217,3,0.25,474.15,Credit Card,Processing
O007678,2025-10-30,C00077,P0187,3,0.15,458.77,Cash on Delivery,Processing
O007679,2025-01-17,C00069,P0208,1,0.2,476.13,UPI,Delivered
O007679,2025-01-17,C00069,P0068,1,0.05,176.49,Net Banking,Cancelled
O007680,2024-08-15,C01410,P0099,1,0.15,485.55,Debit Card,Delivered
O007681,2024-09-11,C00037,P0018,2,0.0,423.17,Debit Card,Delivered
O007682,2025-06-16,C00563,P0245,2,0.1,425.45,Debit Card,Cancelled
O007683,2025-09-09,C00689,P0103,4,0.05,332.98,UPI,Processing
O007684,2025-04-10,C00828,P0152,1,0.1,211.24,Debit Card,Delivered
O007684,2025-04-10,C00828,P0025,1,0.1,181.85,Cash on Delivery,Delivered
O007685,2024-11-13,C00227,P0141,2,0.0,435.69,UPI,Processing
O007685,2024-11-13,C00227,P0043,2,0.1,228.85,Cash on Delivery,Cancelled
O007686,2025-05-03,C00160,P0011,3,0.1,445.63,Cash on Delivery,Delivered
O007687,2025-05-01,C01265,P0159,1,0.05,247.46,UPI,Shipped
O007687,2025-05-01,C01265,P0116,3,0.0,228.6,Net Banking,Cancelled
O007688,2025-12-28,C00384,P0032,1,0.1,320.78,Net Banking,Cancelled
O007689,2025-03-26,C00582,P0159,1,0.15,149.97,UPI,Shipped
O007689,2025-03-26,C00582,P0107,1,0.1,496.72,Wallet,Delivered
O007689,2025-03-26,C00582,P0199,1,0.15,275.94,UPI,Processing
O007690,2024-07-28,C01290,P0192,2,0.05,66.66,Debit Card,Processing
O007690,2024-07-28,C01290,P0058,1,0.05,59.87,UPI,Delivered
O007691,2024-07-11,C00816,P0060,4,0.15,109.54,Cash on Delivery,Processing
O007691,2024-07-11,C00816,P0196,1,0.15,63.68,Debit Card,Processing
O007692,2025-12-31,C01429,P0174,4,0.15,285.18,Cash on Delivery,Processing
O007693,2025-04-25,C00791,P0241,3,0.15,141.49,Credit Card,Shipped
O007693,2025-04-25,C00791,P0205,2,0.1,123.38,Debit Card,Processing
O007694,2024-04-23,C01277,P0137,2,0.0,184.31,UPI,Delivered
O007694,2024-04-23,C01277,P0063,1,0.25,309.11,Cash on Delivery,Shipped
O007695,2025-02-13,C00287,P0030,1,0.1,342.23,Debit Card,Delivered
O007696,2025-07-21,C00096,P0161,1,0.05,95.52,UPI,Processing
O007697,2024-09-03,C01163,P0104,2,0.05,31.17,UPI,Delivered
O007697,2024-09-03,C01163,P0023,1,0.2,81.51,UPI,Delivered
O007698,2025-11-23,C00169,P0105,2,0.15,79.61,Wallet,Processing
O007699,2025-11-15,C00697,P0093,1,0.05,38.28,UPI,Delivered
O007700,2024-05-27,C01392,P0156,1,0.0,350.32,Debit Card,Cancelled
O007700,2024-05-27,C01392,P0024,4,0.15,482.79,Credit Card,Delivered
O007701,2025-05-08,C00301,P0054,3,0.1,92.67,Net Banking,Shipped
O007702,2024-11-01,C00144,P0114,1,0.2,115.36,UPI,Delivered
O007703,2024-08-22,C00920,P0158,1,0.0,454.23,Credit Card,Cancelled
O007704,2024-10-05,C00071,P0054,2,0.0,386.25,UPI,Delivered
O007705,2024-12-23,C01397,P0150,1,0.1,31.03,Credit Card,Delivered
O007706,2024-08-25,C01277,P0005,1,0.1,322.82,Cash on Delivery,Processing
O007706,2024-08-25,C01277,P0104,2,0.05,40.58,UPI,Cancelled
O007707,2024-06-03,C00831,P0110,1,0.1,240.13,Credit Card,Delivered
O007708,2024-11-07,C01178,P0231,1,0.05,477.62,Net Banking,Shipped
O007709,2026-03-31,C00331,P0213,2,0.05,272.24,UPI,Delivered
O007709,2026-03-31,C00331,P0074,2,0.15,466.14,UPI,Cancelled
O007710,2025-05-16,C01136,P0115,1,0.25,335.8,Credit Card,Cancelled
O007711,2024-11-21,C00137,P0035,1,0.1,110.33,UPI,Delivered
O007712,2025-10-31,C00343,P0143,3,0.15,248.11,UPI,Delivered
O007713,2025-12-24,C01130,P0089,1,0.1,334.72,UPI,Shipped
O007714,2025-01-02,C00030,P0043,3,0.05,342.09,UPI,Delivered
O007715,2025-11-27,C00614,P0074,1,0.05,262.67,UPI,Cancelled
O007715,2025-11-27,C00614,P0021,2,0.15,442.19,Wallet,Shipped
O007716,2025-08-15,C01437,P0008,2,0.1,421.08,UPI,Delivered
O007717,2025-06-08,C00142,P0087,1,0.05,43.64,UPI,Delivered
O007718,2024-06-26,C00273,P0063,1,0.05,136.9,Cash on Delivery,Cancelled
O007719,2024-11-18,C00234,P0055,1,0.05,412.78,Credit Card,Delivered
O007720,2025-11-30,C01415,P0201,3,0.2,117.32,Debit Card,Shipped
O007721,2025-02-18,C01097,P0218,4,0.1,410.5,Debit Card,Delivered
O007721,2025-02-18,C01097,P0162,1,0.25,422.69,Net Banking,Delivered
O007722,2026-03-22,C01224,P0028,1,0.25,94.89,UPI,Delivered
O007723,2025-02-02,C01225,P0060,1,0.15,49.47,Credit Card,Processing
O007724,2025-12-14,C01308,P0145,1,0.1,236.03,Cash on Delivery,Delivered
O007725,2025-01-19,C00682,P0208,1,0.25,50.72,Credit Card,Processing
O007725,2025-01-19,C00682,P0116,2,0.05,427.33,Cash on Delivery,Delivered
O007726,2025-12-31,C00822,P0151,1,0.1,81.37,Credit Card,Delivered
O007726,2025-12-31,C00822,P0173,1,0.05,492.36,Credit Card,Shipped
O007727,2025-01-13,C00019,P0038,2,0.25,477.86,Debit Card,Delivered
O007728,2025-03-11,C01034,P0043,1,0.3,484.41,UPI,Delivered
O007729,2025-04-25,C00982,P0048,3,0.15,154.97,Net Banking,Shipped
O007730,2024-10-07,C00593,P0145,1,0.0,368.16,Credit Card,Delivered
O007730,2024-10-07,C00593,P0116,1,0.1,46.51,Debit Card,Shipped
O007731,2024-08-14,C00672,P0137,2,0.05,248.46,Cash on Delivery,Shipped
O007732,2024-10-10,C00816,P0092,1,0.1,44.95,Cash on Delivery,Processing
O007733,2024-07-30,C01248,P0237,1,0.15,78.03,Debit Card,Delivered
O007733,2024-07-30,C01248,P0106,2,0.15,245.12,UPI,Delivered
O007734,2024-07-06,C00613,P0222,1,0.2,415.87,Debit Card,Processing
O007735,2024-06-10,C00047,P0123,1,0.15,300.87,Net Banking,Delivered
O007736,2024-07-15,C00379,P0181,1,0.1,96.65,Credit Card,Processing
O007736,2024-07-15,C00379,P0079,2,0.05,74.22,Net Banking,Shipped
O007737,2026-01-12,C00306,P0085,1,0.1,387.43,Debit Card,Shipped
O007738,2025-02-19,C00192,P0089,1,0.05,136.33,Credit Card,Processing
O007739,2024-06-11,C00117,P0071,2,0.0,277.52,UPI,Delivered
O007740,2025-12-18,C01440,P0098,2,0.05,318.64,Credit Card,Delivered
O007741,2024-05-13,C00913,P0096,2,0.1,219.1,Debit Card,Shipped
O007741,2024-05-13,C00913,P0169,1,0.0,149.87,Cash on Delivery,Processing
O007742,2025-07-27,C00220,P0232,1,0.3,139.49,Cash on Delivery,Delivered
O007743,2024-09-16,C01052,P0214,1,0.0,130.26,UPI,Cancelled
O007743,2024-09-16,C01052,P0179,2,0.15,31.04,UPI,Delivered
O007744,2024-08-22,C01127,P0194,1,0.1,494.43,Credit Card,Delivered
O007744,2024-08-22,C01127,P0191,2,0.05,93.73,UPI,Cancelled
O007745,2024-07-24,C00558,P0149,2,0.05,457.67,Net Banking,Delivered
O007745,2024-07-24,C00558,P0109,4,0.0,155.36,Credit Card,Delivered
O007746,2024-10-20,C00608,P0032,2,0.0,188.26,Credit Card,Cancelled
O007747,2025-10-04,C00548,P0194,4,0.05,430.74,UPI,Shipped
O007747,2025-10-04,C00548,P0008,1,0.15,218.95,UPI,Delivered
O007747,2025-10-04,C00548,P0248,2,0.05,241.23,Debit Card,Shipped
O007748,2025-12-27,C01212,P0082,3,0.05,427.32,UPI,Shipped
O007749,2025-06-07,C00119,P0209,2,0.15,281.82,Credit Card,Delivered
O007749,2025-06-07,C00119,P0054,3,0.05,263.5,UPI,Processing
O007750,2024-04-16,C00525,P0205,1,0.1,214.4,Net Banking,Delivered
O007750,2024-04-16,C00525,P0211,1,0.1,470.94,Debit Card,Delivered
O007751,2024-07-21,C00058,P0106,3,0.15,278.78,Net Banking,Cancelled
O007752,2024-05-15,C00937,P0154,1,0.25,75.79,Cash on Delivery,Delivered
O007753,2025-11-11,C00207,P0200,1,0.05,473.32,UPI,Delivered
O007753,2025-11-11,C00207,P0002,1,0.1,363.19,Credit Card,Cancelled
O007754,2024-08-15,C01159,P0060,2,0.05,251.52,UPI,Processing
O007755,2025-08-12,C00642,P0017,1,0.05,125.15,UPI,Processing
O007756,2025-12-31,C00449,P0095,2,0.0,75.07,UPI,Shipped
O007757,2025-01-28,C00063,P0189,1,0.0,242.52,Credit Card,Delivered
O007757,2025-01-28,C00063,P0125,1,0.15,340.72,UPI,Processing
O007758,2024-07-03,C00894,P0204,2,0.15,205.96,UPI,Delivered
O007759,2025-09-12,C00802,P0030,1,0.1,152.33,Credit Card,Shipped
O007760,2025-11-27,C00548,P0100,1,0.2,111.94,Debit Card,Processing
O007760,2025-11-27,C00548,P0040,1,0.0,416.39,UPI,Delivered
O007761,2025-11-21,C01074,P0092,1,0.05,253.87,Cash on Delivery,Delivered
O007761,2025-11-21,C01074,P0225,1,0.15,242.98,Wallet,Delivered
O007761,2025-11-21,C01074,P0165,3,0.05,60.61,UPI,Delivered
O007762,2024-06-24,C00270,P0175,1,0.25,280.21,Debit Card,Processing
O007763,2025-09-10,C01027,P0242,1,0.1,498.76,UPI,Shipped
O007764,2024-12-20,C01317,P0125,1,0.1,65.46,UPI,Delivered
O007765,2024-10-21,C00870,P0022,1,0.1,438.26,Credit Card,Delivered
O007766,2024-05-12,C01106,P0056,1,0.3,255.2,Net Banking,Delivered
O007767,2024-06-17,C00928,P0220,2,0.15,171.44,Net Banking,Shipped
O007768,2026-01-04,C00064,P0022,2,0.15,98.7,UPI,Delivered
O007769,2024-05-09,C00072,P0024,1,0.1,25.63,UPI,Delivered
O007770,2025-09-05,C00350,P0042,1,0.05,443.21,Credit Card,Delivered
O007771,2024-11-26,C01058,P0189,3,0.05,400.1,Debit Card,Delivered
O007772,2024-09-01,C00682,P0093,2,0.1,225.63,Net Banking,Delivered
O007773,2025-05-19,C00363,P0115,2,0.1,346.27,UPI,Delivered
O007773,2025-05-19,C00363,P0191,1,0.1,102.62,Cash on Delivery,Delivered
O007774,2024-04-24,C00942,P0205,1,0.1,112.21,UPI,Delivered
O007775,2024-09-28,C00013,P0112,2,0.15,201.9,UPI,Delivered
O007775,2024-09-28,C00013,P0137,1,0.05,222.76,Net Banking,Delivered
O007776,2025-09-16,C00289,P0110,1,0.1,195.36,Debit Card,Processing
O007776,2025-09-16,C00289,P0158,1,0.15,480.48,UPI,Delivered
O007776,2025-09-16,C00289,P0230,1,0.2,94.42,Debit Card,Cancelled
O007777,2025-08-12,C01198,P0082,1,0.2,269.26,Net Banking,Delivered
O007778,2026-01-18,C00635,P0150,1,0.25,391.86,Debit Card,Shipped
O007779,2025-05-23,C00446,P0187,2,0.1,191.86,Debit Card,Shipped
O007780,2025-05-25,C00160,P0203,2,0.0,339.19,Credit Card,Shipped
O007781,2025-02-02,C01264,P0152,1,0.05,390.26,UPI,Processing
O007782,2024-10-16,C01480,P0041,4,0.15,208.63,Cash on Delivery,Cancelled
O007783,2024-08-05,C01129,P0007,2,0.1,358.65,Debit Card,Delivered
O007783,2024-08-05,C01129,P0249,1,0.05,173.68,UPI,Shipped
O007784,2025-06-15,C01206,P0128,2,0.0,313.97,Credit Card,Processing
O007784,2025-06-15,C01206,P0039,1,0.3,394.37,Cash on Delivery,Processing
O007784,2025-06-15,C01206,P0220,2,0.05,51.28,Debit Card,Delivered
O007785,2025-11-13,C01163,P0163,1,0.05,380.48,UPI,Delivered
O007785,2025-11-13,C01163,P0175,1,0.15,30.38,Net Banking,Shipped
O007786,2025-05-23,C00210,P0063,1,0.2,360.14,Debit Card,Delivered
O007787,2025-09-19,C00438,P0026,3,0.0,143.36,UPI,Delivered
O007787,2025-09-19,C00438,P0218,1,0.1,115.87,UPI,Shipped
O007788,2025-12-20,C01079,P0010,1,0.1,307.85,Cash on Delivery,Cancelled
O007789,2025-07-28,C00163,P0234,2,0.05,45.51,Debit Card,Processing
O007789,2025-07-28,C00163,P0023,1,0.25,223.09,UPI,Delivered
O007789,2025-07-28,C00163,P0191,1,0.15,137.11,Credit Card,Cancelled
O007790,2025-05-02,C00314,P0060,1,0.1,228.54,Credit Card,Processing
O007791,2024-12-16,C01392,P0017,2,0.3,333.16,Debit Card,Cancelled
O007792,2025-03-03,C01472,P0019,2,0.0,125.44,Cash on Delivery,Delivered
O007792,2025-03-03,C01472,P0231,2,0.15,163.95,Credit Card,Shipped
O007793,2024-09-14,C01356,P0083,1,0.05,79.68,Debit Card,Delivered
O007793,2024-09-14,C01356,P0215,1,0.1,229.59,UPI,Cancelled
O007794,2026-02-02,C01464,P0248,2,0.2,79.64,UPI,Delivered
O007795,2025-01-04,C00176,P0245,3,0.1,102.88,Wallet,Cancelled
O007796,2025-03-27,C00056,P0028,1,0.15,202.46,Cash on Delivery,Delivered
O007797,2026-02-16,C01338,P0055,1,0.0,292.68,Net Banking,Delivered
O007798,2025-10-17,C00240,P0248,1,0.0,52.91,Debit Card,Processing
O007798,2025-10-17,C00240,P0057,1,0.15,488.99,UPI,Delivered
O007799,2025-09-18,C00174,P0152,1,0.15,429.3,Debit Card,Delivered
O007800,2026-03-12,C01298,P0026,1,0.0,222.56,Cash on Delivery,Delivered
O007800,2026-03-12,C01298,P0119,1,0.0,102.98,Debit Card,Delivered
O007801,2024-07-25,C01174,P0051,3,0.05,110.17,Cash on Delivery,Delivered
O007801,2024-07-25,C01174,P0183,1,0.25,69.76,UPI,Delivered
O007802,2026-01-27,C01140,P0068,1,0.15,55.88,Cash on Delivery,Processing
O007803,2025-03-04,C00596,P0102,3,0.0,143.15,Cash on Delivery,Delivered
O007804,2024-06-07,C00898,P0079,1,0.1,499.34,UPI,Delivered
O007805,2025-12-20,C00737,P0085,1,0.15,374.44,Debit Card,Shipped
O007805,2025-12-20,C00737,P0194,1,0.2,488.75,UPI,Delivered
O007806,2025-03-18,C01323,P0073,1,0.05,344.19,Debit Card,Delivered
O007807,2026-03-06,C00775,P0245,1,0.05,25.75,UPI,Delivered
O007807,2026-03-06,C00775,P0176,1,0.0,80.7,Debit Card,Shipped
O007808,2024-10-09,C01344,P0028,1,0.2,55.31,Cash on Delivery,Shipped
O007809,2025-10-13,C00016,P0077,2,0.15,343.89,UPI,Shipped
O007810,2026-02-27,C00236,P0231,2,0.2,275.17,UPI,Shipped
O007811,2025-11-15,C00604,P0195,3,0.2,372.04,Credit Card,Cancelled
O007811,2025-11-15,C00604,P0062,2,0.15,497.02,Debit Card,Shipped
O007812,2024-09-13,C00435,P0219,1,0.15,85.47,Net Banking,Delivered
O007813,2024-05-23,C00558,P0186,1,0.05,404.5,Cash on Delivery,Cancelled
O007814,2026-03-19,C00682,P0021,1,0.15,414.4,Net Banking,Delivered
O007815,2024-12-25,C00076,P0180,2,0.0,211.57,Cash on Delivery,Delivered
O007816,2026-01-14,C01432,P0037,2,0.0,473.48,Debit Card,Delivered
O007817,2025-05-18,C00142,P0075,1,0.15,27.03,Net Banking,Delivered
O007818,2024-04-05,C01218,P0243,4,0.1,46.97,Debit Card,Delivered
O007819,2025-07-25,C00665,P0094,2,0.1,71.67,Credit Card,Delivered
O007820,2024-10-20,C00856,P0176,3,0.2,27.65,Debit Card,Delivered
O007821,2025-09-29,C00325,P0240,4,0.1,100.4,UPI,Processing
O007822,2025-10-20,C00600,P0074,1,0.05,92.14,Credit Card,Shipped
O007823,2025-05-14,C01348,P0046,1,0.1,289.66,UPI,Processing
O007824,2025-09-22,C00931,P0064,2,0.05,82.43,UPI,Delivered
O007825,2025-01-31,C00600,P0073,1,0.0,311.26,Net Banking,Cancelled
O007825,2025-01-31,C00600,P0145,2,0.1,267.64,Cash on Delivery,Processing
O007826,2025-04-06,C01226,P0027,1,0.1,164.71,Credit Card,Delivered
O007827,2025-02-13,C01050,P0172,1,0.05,197.67,UPI,Cancelled
O007828,2025-05-18,C00297,P0186,1,0.15,25.79,Net Banking,Delivered
O007829,2024-08-31,C00915,P0089,1,0.2,323.59,Net Banking,Delivered
O007830,2025-06-23,C00065,P0088,1,0.1,290.04,Cash on Delivery,Delivered
O007831,2024-04-04,C00336,P0149,1,0.1,68.69,Wallet,Delivered
O007831,2024-04-04,C00336,P0188,2,0.05,156.74,Debit Card,Shipped
O007832,2024-06-27,C00632,P0089,1,0.15,52.75,Credit Card,Delivered
O007833,2025-06-21,C00125,P0140,1,0.15,229.21,UPI,Processing
O007834,2025-03-20,C00588,P0037,1,0.1,486.2,Net Banking,Shipped
O007835,2024-05-23,C01123,P0046,1,0.0,495.65,Debit Card,Processing
O007836,2025-03-05,C01466,P0220,1,0.1,82.94,Net Banking,Shipped
O007837,2025-09-15,C00767,P0153,1,0.1,183.46,Net Banking,Delivered
O007838,2024-11-10,C00616,P0188,1,0.1,489.73,UPI,Delivered
O007838,2024-11-10,C00616,P0136,1,0.0,241.99,UPI,Delivered
O007838,2024-11-10,C00616,P0171,1,0.15,259.71,Credit Card,Delivered
O007839,2024-04-17,C00298,P0138,1,0.05,238.05,UPI,Delivered
O007839,2024-04-17,C00298,P0205,1,0.0,432.4,Credit Card,Delivered
O007839,2024-04-17,C00298,P0002,1,0.05,407.44,Net Banking,Delivered
O007840,2025-07-06,C00417,P0072,2,0.1,156.75,UPI,Shipped
O007841,2024-04-20,C00824,P0204,2,0.15,334.83,Credit Card,Processing
O007842,2025-07-02,C00117,P0163,1,0.1,195.94,Credit Card,Delivered
O007843,2026-01-28,C00820,P0119,4,0.05,258.4,Credit Card,Shipped
O007843,2026-01-28,C00820,P0055,2,0.1,117.18,UPI,Cancelled
O007844,2025-10-17,C01106,P0198,1,0.0,246.87,Net Banking,Delivered
O007844,2025-10-17,C01106,P0240,1,0.2,217.08,Credit Card,Shipped
O007845,2025-10-30,C01297,P0070,1,0.0,129.13,Cash on Delivery,Delivered
O007846,2026-02-12,C01300,P0122,2,0.1,75.69,Cash on Delivery,Cancelled
O007847,2025-02-14,C00850,P0077,1,0.05,364.68,Credit Card,Delivered
O007848,2025-02-27,C00823,P0068,2,0.15,407.7,Debit Card,Delivered
O007849,2025-12-15,C01306,P0216,1,0.1,390.77,Net Banking,Delivered
O007849,2025-12-15,C01306,P0233,1,0.1,246.88,UPI,Delivered
O007850,2025-02-08,C01068,P0221,1,0.15,433.8,UPI,Delivered
O007851,2024-05-30,C00470,P0242,1,0.25,131.76,Wallet,Delivered
O007852,2024-06-21,C01051,P0148,1,0.05,182.98,Debit Card,Processing
O007853,2024-11-06,C01230,P0190,1,0.1,167.97,UPI,Delivered
O007853,2024-11-06,C01230,P0082,3,0.2,418.03,Cash on Delivery,Delivered
O007854,2024-10-05,C00624,P0170,1,0.2,138.77,UPI,Cancelled
O007855,2024-12-21,C00292,P0146,2,0.1,25.47,UPI,Cancelled
O007856,2024-05-23,C01374,P0246,1,0.15,483.86,Net Banking,Cancelled
O007856,2024-05-23,C01374,P0098,1,0.0,400.53,Credit Card,Delivered
O007857,2024-04-22,C00346,P0170,2,0.15,319.74,Debit Card,Delivered
O007858,2026-01-15,C00275,P0113,1,0.1,202.12,Debit Card,Shipped
O007859,2025-12-10,C01015,P0096,2,0.25,393.06,Debit Card,Processing
O007860,2025-09-22,C01173,P0245,1,0.1,221.75,UPI,Delivered
O007860,2025-09-22,C01173,P0077,1,0.1,274.46,Net Banking,Delivered
O007860,2025-09-22,C01173,P0106,2,0.05,276.46,Wallet,Cancelled
O007861,2024-04-17,C00164,P0175,1,0.2,86.62,Debit Card,Shipped
O007861,2024-04-17,C00164,P0049,2,0.05,219.77,Credit Card,Processing
O007862,2024-06-29,C00145,P0087,1,0.1,27.54,UPI,Delivered
O007862,2024-06-29,C00145,P0193,4,0.2,294.54,Credit Card,Delivered
O007863,2024-08-16,C00301,P0190,4,0.1,279.03,UPI,Shipped
O007864,2025-03-24,C00382,P0084,1,0.2,184.75,Credit Card,Shipped
O007865,2026-01-09,C00714,P0170,4,0.1,237.94,UPI,Delivered
O007865,2026-01-09,C00714,P0127,1,0.1,386.03,UPI,Delivered
O007866,2025-07-31,C01250,P0028,1,0.2,277.99,Cash on Delivery,Delivered
O007867,2024-10-05,C01333,P0128,1,0.15,434.26,Credit Card,Delivered
O007868,2025-11-06,C01069,P0230,1,0.0,489.96,Credit Card,Delivered
O007869,2026-02-21,C00192,P0106,1,0.15,187.17,Debit Card,Processing
O007870,2025-12-27,C00332,P0089,4,0.1,428.07,UPI,Delivered
O007871,2024-08-01,C00330,P0032,1,0.05,456.74,Wallet,Delivered
O007871,2024-08-01,C00330,P0146,1,0.05,403.53,Debit Card,Delivered
O007872,2025-10-18,C00074,P0235,3,0.15,346.14,Cash on Delivery,Cancelled
O007873,2025-11-28,C00131,P0117,3,0.0,153.29,Debit Card,Cancelled
O007874,2025-08-17,C00750,P0109,2,0.15,32.93,UPI,Cancelled
O007875,2024-06-18,C00797,P0250,3,0.0,398.04,Debit Card,Delivered
O007876,2025-04-08,C01440,P0188,3,0.05,109.02,UPI,Cancelled
O007876,2025-04-08,C01440,P0005,1,0.1,364.36,Credit Card,Delivered
O007877,2024-07-15,C01403,P0111,3,0.05,472.27,Credit Card,Delivered
O007878,2024-08-16,C00137,P0015,2,0.1,112.4,Net Banking,Delivered
O007879,2025-01-31,C00904,P0230,1,0.25,50.96,Debit Card,Shipped
O007880,2024-12-16,C01435,P0249,2,0.2,412.3,Debit Card,Processing
O007880,2024-12-16,C01435,P0116,1,0.15,359.87,Wallet,Cancelled
O007881,2024-04-26,C00346,P0135,1,0.1,426.9,Debit Card,Delivered
O007882,2024-11-26,C01090,P0051,3,0.0,192.89,Credit Card,Processing
O007882,2024-11-26,C01090,P0150,2,0.3,440.59,UPI,Delivered
O007883,2025-02-03,C00363,P0211,1,0.1,236.13,Net Banking,Delivered
O007883,2025-02-03,C00363,P0221,4,0.05,454.07,Cash on Delivery,Processing
O007884,2025-06-16,C00109,P0204,2,0.15,161.14,UPI,Delivered
O007884,2025-06-16,C00109,P0070,2,0.0,231.6,UPI,Delivered
O007885,2025-12-20,C00485,P0013,1,0.15,428.74,Cash on Delivery,Cancelled
O007886,2025-01-05,C01037,P0221,1,0.1,477.71,Credit Card,Delivered
O007887,2025-12-02,C00315,P0221,2,0.3,298.1,Cash on Delivery,Cancelled
O007888,2024-07-14,C00267,P0072,2,0.0,80.71,Debit Card,Delivered
O007889,2024-07-28,C00868,P0090,1,0.0,118.36,Credit Card,Delivered
O007889,2024-07-28,C00868,P0143,2,0.0,245.54,Cash on Delivery,Delivered
O007890,2024-06-06,C00866,P0069,1,0.25,148.79,Credit Card,Delivered
O007890,2024-06-06,C00866,P0190,3,0.05,498.47,Cash on Delivery,Processing
O007891,2025-12-26,C00238,P0090,2,0.0,424.49,Credit Card,Delivered
O007892,2024-11-19,C01113,P0064,1,0.2,399.51,Credit Card,Delivered
O007892,2024-11-19,C01113,P0196,1,0.1,322.79,Debit Card,Delivered
O007893,2026-03-24,C00377,P0239,2,0.15,166.7,Credit Card,Delivered
O007894,2024-08-02,C00106,P0058,2,0.15,312.36,UPI,Processing
O007894,2024-08-02,C00106,P0207,1,0.05,300.45,UPI,Delivered
O007895,2025-03-26,C01173,P0057,2,0.15,201.75,Cash on Delivery,Delivered
O007895,2025-03-26,C01173,P0074,1,0.0,277.56,Cash on Delivery,Processing
O007896,2025-11-21,C00916,P0051,1,0.15,178.95,Debit Card,Processing
O007897,2025-06-20,C01256,P0183,1,0.1,432.52,Credit Card,Delivered
O007897,2025-06-20,C01256,P0244,2,0.25,245.98,Wallet,Delivered
O007898,2025-04-20,C00290,P0003,1,0.05,267.7,Net Banking,Processing
O007899,2025-01-01,C00454,P0103,1,0.2,271.38,UPI,Cancelled
O007900,2025-12-24,C00265,P0182,2,0.0,278.82,Cash on Delivery,Delivered
O007900,2025-12-24,C00265,P0045,2,0.2,185.85,Debit Card,Delivered
O007901,2025-05-24,C01245,P0114,2,0.1,387.97,Wallet,Delivered
O007902,2025-06-16,C01047,P0062,3,0.1,298.82,Debit Card,Cancelled
O007902,2025-06-16,C01047,P0143,1,0.0,258.85,UPI,Processing
O007903,2025-11-05,C00979,P0092,4,0.05,458.93,Cash on Delivery,Cancelled
O007903,2025-11-05,C00979,P0021,2,0.0,65.51,Credit Card,Processing
O007904,2025-10-01,C00454,P0002,1,0.0,111.84,Net Banking,Delivered
O007904,2025-10-01,C00454,P0232,2,0.15,75.54,Cash on Delivery,Processing
O007905,2025-06-20,C01352,P0156,1,0.0,266.27,Cash on Delivery,Delivered
O007906,2025-02-09,C00195,P0236,1,0.15,75.67,Debit Card,Delivered
O007906,2025-02-09,C00195,P0025,1,0.05,152.24,Credit Card,Processing
O007907,2025-01-08,C01034,P0039,4,0.0,252.51,UPI,Delivered
O007908,2025-03-07,C00243,P0166,1,0.2,364.76,Credit Card,Delivered
O007909,2025-05-17,C01295,P0101,2,0.1,311.51,Debit Card,Shipped
O007910,2025-05-31,C00331,P0217,2,0.1,49.21,UPI,Delivered
O007911,2025-06-01,C00162,P0117,1,0.1,426.54,Credit Card,Delivered
O007912,2024-09-07,C00570,P0100,2,0.1,83.29,Debit Card,Delivered
O007913,2024-04-16,C00161,P0125,2,0.1,377.86,Net Banking,Delivered
O007914,2024-06-07,C00158,P0232,1,0.25,410.34,Net Banking,Cancelled
O007914,2024-06-07,C00158,P0109,1,0.1,67.09,Credit Card,Processing
O007915,2025-02-20,C00203,P0217,1,0.2,347.38,UPI,Delivered
O007916,2025-05-03,C01439,P0202,1,0.0,267.46,UPI,Shipped
O007916,2025-05-03,C01439,P0175,1,0.05,126.92,Debit Card,Delivered
O007917,2025-02-23,C00963,P0170,3,0.1,415.25,Credit Card,Delivered
O007918,2024-09-26,C00105,P0116,2,0.0,383.44,Credit Card,Cancelled
O007919,2024-10-11,C00475,P0249,1,0.05,180.12,Credit Card,Processing
O007919,2024-10-11,C00475,P0044,1,0.05,493.63,UPI,Cancelled
O007920,2024-09-19,C00613,P0011,3,0.05,147.13,Wallet,Delivered
O007920,2024-09-19,C00613,P0139,1,0.2,373.3,Credit Card,Delivered
O007921,2024-04-08,C01197,P0137,2,0.05,247.2,UPI,Shipped
O007922,2024-04-15,C01163,P0052,1,0.1,131.61,UPI,Shipped
O007923,2024-08-02,C00994,P0012,1,0.1,367.02,Cash on Delivery,Delivered
O007924,2024-07-08,C01213,P0202,1,0.1,211.44,Debit Card,Cancelled
O007924,2024-07-08,C01213,P0236,1,0.2,54.29,Credit Card,Delivered
O007924,2024-07-08,C01213,P0206,1,0.1,209.98,UPI,Processing
O007925,2025-06-17,C00286,P0111,1,0.25,328.98,Debit Card,Processing
O007926,2024-09-07,C01236,P0100,2,0.05,214.98,Credit Card,Delivered
O007927,2025-04-20,C00036,P0126,1,0.0,90.8,UPI,Delivered
O007927,2025-04-20,C00036,P0014,2,0.05,451.23,Cash on Delivery,Delivered
O007927,2025-04-20,C00036,P0194,4,0.1,192.98,Net Banking,Delivered
O007928,2025-01-27,C01495,P0087,1,0.05,479.93,Credit Card,Processing
O007929,2024-06-29,C00619,P0163,1,0.0,213.38,UPI,Delivered
O007930,2024-05-26,C00872,P0100,1,0.1,193.1,UPI,Delivered
O007931,2025-11-19,C00112,P0057,3,0.25,435.92,UPI,Delivered
O007931,2025-11-19,C00112,P0159,3,0.3,32.38,Net Banking,Delivered
O007932,2025-04-23,C01177,P0238,1,0.1,354.23,Cash on Delivery,Delivered
O007933,2025-03-10,C01379,P0060,1,0.1,331.43,UPI,Cancelled
O007933,2025-03-10,C01379,P0052,1,0.1,397.73,Debit Card,Delivered
O007933,2025-03-10,C01379,P0211,1,0.1,324.79,UPI,Delivered
O007934,2025-03-27,C00163,P0012,4,0.15,231.9,Credit Card,Shipped
O007934,2025-03-27,C00163,P0104,1,0.15,456.98,Cash on Delivery,Delivered
O007934,2025-03-27,C00163,P0140,2,0.1,319.68,Net Banking,Cancelled
O007935,2025-01-06,C00322,P0067,1,0.15,131.8,Credit Card,Delivered
O007936,2024-06-15,C00042,P0169,1,0.1,106.78,Debit Card,Delivered
O007936,2024-06-15,C00042,P0044,1,0.05,146.78,Cash on Delivery,Cancelled
O007937,2025-04-30,C01077,P0122,1,0.15,317.77,Credit Card,Delivered
O007938,2024-06-28,C01037,P0211,1,0.0,486.99,Wallet,Delivered
O007939,2024-12-13,C01200,P0190,1,0.0,159.83,Net Banking,Processing
O007940,2025-09-19,C01310,P0160,1,0.3,274.93,Debit Card,Delivered
O007940,2025-09-19,C01310,P0022,2,0.05,410.3,Wallet,Shipped
O007941,2024-11-13,C01310,P0218,2,0.2,68.21,UPI,Delivered
O007941,2024-11-13,C01310,P0152,2,0.15,372.64,Net Banking,Delivered
O007942,2024-05-01,C01381,P0044,2,0.1,182.55,Net Banking,Processing
O007942,2024-05-01,C01381,P0064,1,0.1,105.94,UPI,Processing
O007943,2025-07-25,C00130,P0129,1,0.0,56.04,Cash on Delivery,Processing
O007944,2025-03-13,C00603,P0115,1,0.0,147.87,UPI,Processing
O007945,2025-05-12,C00489,P0057,2,0.05,268.0,UPI,Processing
O007945,2025-05-12,C00489,P0199,2,0.0,320.59,UPI,Delivered
O007945,2025-05-12,C00489,P0023,2,0.1,65.81,Cash on Delivery,Processing
O007946,2026-01-16,C01476,P0171,1,0.15,284.53,Credit Card,Cancelled
O007946,2026-01-16,C01476,P0172,1,0.05,120.25,Cash on Delivery,Delivered
O007946,2026-01-16,C01476,P0108,2,0.0,418.23,Cash on Delivery,Delivered
O007947,2025-08-16,C00713,P0138,2,0.1,98.12,Debit Card,Cancelled
O007947,2025-08-16,C00713,P0147,3,0.0,312.02,UPI,Shipped
O007948,2025-06-10,C00869,P0103,1,0.05,278.68,UPI,Delivered
O007948,2025-06-10,C00869,P0107,1,0.1,436.76,UPI,Delivered
O007948,2025-06-10,C00869,P0230,1,0.15,186.39,UPI,Cancelled
O007949,2025-11-01,C01345,P0246,3,0.1,222.98,Cash on Delivery,Delivered
O007950,2025-08-18,C01311,P0125,2,0.1,62.86,Credit Card,Delivered
O007951,2026-01-17,C01291,P0245,2,0.05,347.1,UPI,Cancelled
O007952,2025-09-19,C00141,P0195,1,0.1,472.97,Debit Card,Delivered
O007953,2025-08-09,C00645,P0231,1,0.0,335.33,UPI,Shipped
O007954,2025-10-12,C00846,P0073,2,0.1,405.05,Cash on Delivery,Delivered
O007954,2025-10-12,C00846,P0221,2,0.0,428.52,Credit Card,Delivered
O007954,2025-10-12,C00846,P0196,1,0.0,328.61,UPI,Delivered
O007955,2025-08-26,C00444,P0230,1,0.05,318.39,UPI,Delivered
O007955,2025-08-26,C00444,P0039,1,0.05,61.96,Cash on Delivery,Processing
O007956,2025-06-02,C00761,P0212,2,0.0,362.92,UPI,Shipped
O007957,2024-05-14,C01138,P0013,2,0.15,157.78,UPI,Delivered
O007958,2024-12-31,C00533,P0174,1,0.05,140.81,Debit Card,Delivered
O007958,2024-12-31,C00533,P0036,2,0.05,273.08,Credit Card,Shipped
O007959,2025-08-14,C01386,P0152,1,0.2,489.27,Credit Card,Cancelled
O007960,2025-01-01,C00401,P0219,1,0.0,73.3,UPI,Delivered
O007960,2025-01-01,C00401,P0194,1,0.2,46.82,Credit Card,Delivered
O007961,2025-04-30,C00727,P0202,1,0.25,430.05,UPI,Shipped
O007961,2025-04-30,C00727,P0110,1,0.2,80.61,Credit Card,Shipped
O007962,2025-06-21,C00787,P0188,2,0.1,426.99,Credit Card,Delivered
O007962,2025-06-21,C00787,P0213,2,0.15,383.02,UPI,Delivered
O007963,2025-10-13,C01041,P0201,1,0.1,122.61,Wallet,Delivered
O007963,2025-10-13,C01041,P0138,1,0.1,183.34,Debit Card,Delivered
O007964,2024-04-16,C00725,P0136,4,0.1,254.7,Wallet,Delivered
O007965,2026-03-29,C00507,P0119,1,0.1,32.54,Wallet,Delivered
O007965,2026-03-29,C00507,P0203,2,0.0,431.16,Wallet,Cancelled
O007965,2026-03-29,C00507,P0177,1,0.1,299.55,Credit Card,Cancelled
O007966,2025-08-09,C00737,P0101,1,0.15,320.88,Credit Card,Delivered
O007967,2025-11-11,C00223,P0189,1,0.1,358.47,Credit Card,Delivered
O007967,2025-11-11,C00223,P0125,2,0.1,378.86,UPI,Shipped
O007968,2025-12-10,C01365,P0178,1,0.1,382.55,UPI,Delivered
O007969,2026-02-12,C00149,P0210,3,0.1,207.04,Credit Card,Processing
O007970,2024-11-09,C00609,P0162,2,0.05,490.66,Wallet,Delivered
O007970,2024-11-09,C00609,P0031,2,0.1,382.19,UPI,Processing
O007970,2024-11-09,C00609,P0022,2,0.15,39.45,UPI,Shipped
O007971,2025-06-27,C00608,P0022,3,0.0,272.16,Cash on Delivery,Shipped
O007971,2025-06-27,C00608,P0217,1,0.0,373.66,Net Banking,Shipped
O007972,2025-04-27,C00150,P0144,1,0.05,388.89,Net Banking,Processing
O007972,2025-04-27,C00150,P0225,1,0.0,255.66,UPI,Cancelled
O007973,2024-04-23,C00261,P0212,1,0.15,476.19,Credit Card,Delivered
O007973,2024-04-23,C00261,P0100,1,0.25,420.07,Debit Card,Delivered
O007974,2026-02-23,C00400,P0242,1,0.1,103.93,Wallet,Delivered
O007975,2025-06-19,C00583,P0064,1,0.25,280.58,Wallet,Delivered
O007975,2025-06-19,C00583,P0077,2,0.25,311.03,Cash on Delivery,Delivered
O007975,2025-06-19,C00583,P0098,1,0.0,337.57,Cash on Delivery,Processing
O007976,2025-11-05,C00965,P0138,1,0.1,51.38,Net Banking,Delivered
O007976,2025-11-05,C00965,P0239,1,0.2,100.88,Net Banking,Delivered
O007977,2024-07-24,C01401,P0172,1,0.15,109.1,UPI,Cancelled
O007977,2024-07-24,C01401,P0144,1,0.0,234.12,UPI,Delivered
O007978,2024-11-07,C00642,P0022,2,0.1,115.04,Credit Card,Delivered
O007979,2025-01-19,C01169,P0099,3,0.0,392.99,Wallet,Cancelled
O007979,2025-01-19,C01169,P0199,2,0.0,267.14,Credit Card,Delivered
O007980,2025-04-03,C00793,P0147,1,0.1,214.93,Wallet,Delivered
O007981,2025-01-12,C00132,P0140,1,0.1,464.61,Credit Card,Delivered
O007982,2024-04-07,C00893,P0210,2,0.0,328.57,Credit Card,Delivered
O007982,2024-04-07,C00893,P0071,1,0.25,461.22,Debit Card,Delivered
O007982,2024-04-07,C00893,P0121,1,0.1,405.31,UPI,Processing
O007983,2025-08-26,C00951,P0149,1,0.05,272.33,Credit Card,Delivered
O007984,2025-08-09,C00632,P0118,1,0.1,160.89,Debit Card,Delivered
O007985,2024-05-19,C00498,P0234,1,0.0,468.87,Credit Card,Delivered
O007986,2026-03-08,C00795,P0031,1,0.0,279.88,UPI,Delivered
O007987,2024-09-10,C00575,P0089,1,0.1,250.15,Credit Card,Delivered
O007988,2025-08-04,C01151,P0249,2,0.1,476.35,Net Banking,Delivered
O007989,2025-09-08,C00922,P0222,2,0.1,156.86,UPI,Delivered
O007990,2025-10-17,C00042,P0185,2,0.05,253.61,Net Banking,Cancelled
O007990,2025-10-17,C00042,P0075,1,0.15,207.48,UPI,Delivered
O007991,2025-08-10,C00255,P0214,1,0.1,298.34,UPI,Processing
O007992,2025-11-23,C00642,P0008,1,0.2,179.42,UPI,Processing
O007992,2025-11-23,C00642,P0057,1,0.15,338.49,UPI,Delivered
O007993,2024-04-07,C00165,P0163,1,0.25,337.04,Cash on Delivery,Shipped
O007994,2026-02-10,C01309,P0064,2,0.1,453.34,Net Banking,Shipped
O007995,2024-09-13,C00690,P0102,2,0.05,315.79,Debit Card,Delivered
O007996,2025-05-28,C00902,P0025,1,0.05,212.54,Credit Card,Delivered
O007997,2025-07-27,C00073,P0228,1,0.1,54.09,UPI,Delivered
O007998,2024-05-07,C01362,P0215,1,0.1,76.97,Credit Card,Delivered
O007998,2024-05-07,C01362,P0058,2,0.05,181.12,UPI,Delivered
O007999,2025-02-12,C00818,P0089,1,0.0,489.69,UPI,Shipped
O007999,2025-02-12,C00818,P0129,3,0.05,122.26,Credit Card,Shipped
O008000,2024-04-25,C01218,P0143,2,0.15,350.68,Debit Card,Shipped
O008001,2025-12-11,C00619,P0107,1,0.1,142.44,Credit Card,Delivered
O008002,2025-05-15,C00455,P0195,1,0.1,182.82,UPI,Shipped
O008002,2025-05-15,C00455,P0058,1,0.2,232.94,Cash on Delivery,Processing
O008003,2024-04-05,C00613,P0087,1,0.2,321.1,UPI,Cancelled
O008004,2025-05-14,C00086,P0162,2,0.2,96.94,Wallet,Processing
O008004,2025-05-14,C00086,P0188,1,0.1,349.14,UPI,Cancelled
O008005,2026-03-25,C00509,P0185,1,0.1,253.16,Debit Card,Cancelled
O008006,2025-07-19,C00608,P0123,2,0.15,248.07,UPI,Delivered
O008007,2024-04-16,C01449,P0250,2,0.05,391.14,Cash on Delivery,Processing
O008008,2024-06-22,C01482,P0027,1,0.1,84.08,Cash on Delivery,Shipped
O008008,2024-06-22,C01482,P0116,3,0.1,345.37,Cash on Delivery,Delivered
O008009,2025-04-05,C00460,P0247,1,0.0,486.56,Debit Card,Cancelled
O008009,2025-04-05,C00460,P0101,3,0.1,225.39,Credit Card,Delivered
O008010,2025-03-04,C01271,P0027,1,0.1,144.86,UPI,Cancelled
O008011,2026-01-31,C00121,P0045,1,0.0,83.99,Cash on Delivery,Processing
O008012,2025-09-27,C00897,P0174,1,0.15,101.59,Net Banking,Delivered
O008013,2024-04-13,C00809,P0059,3,0.15,420.82,UPI,Delivered
O008014,2025-12-24,C00302,P0148,1,0.25,91.98,Wallet,Delivered
O008015,2024-07-06,C00568,P0233,1,0.05,245.79,Net Banking,Processing
O008016,2025-02-18,C00071,P0184,2,0.1,230.84,UPI,Shipped
O008017,2024-11-19,C01042,P0025,1,0.15,413.71,UPI,Shipped
O008017,2024-11-19,C01042,P0147,1,0.1,278.68,Net Banking,Delivered
O008017,2024-11-19,C01042,P0156,1,0.15,100.77,Credit Card,Shipped
O008018,2025-03-13,C00296,P0122,1,0.15,50.76,Cash on Delivery,Delivered
O008018,2025-03-13,C00296,P0067,2,0.1,242.36,Net Banking,Shipped
O008019,2025-04-21,C00220,P0039,1,0.0,229.76,UPI,Delivered
O008020,2025-05-22,C01487,P0198,1,0.1,235.3,UPI,Delivered
O008020,2025-05-22,C01487,P0148,1,0.1,242.44,Credit Card,Cancelled
O008021,2025-02-06,C00772,P0127,1,0.15,454.41,Wallet,Cancelled
O008021,2025-02-06,C00772,P0234,2,0.1,122.88,UPI,Delivered
O008022,2024-05-16,C00525,P0111,2,0.1,78.94,UPI,Delivered
O008023,2024-10-10,C00639,P0245,1,0.25,244.92,Net Banking,Processing
O008024,2024-08-31,C00413,P0186,1,0.1,193.48,Credit Card,Delivered
O008025,2026-03-22,C00950,P0223,2,0.1,77.94,Cash on Delivery,Shipped
O008026,2024-07-13,C00237,P0092,1,0.1,28.44,Debit Card,Delivered
O008027,2025-03-10,C00600,P0111,1,0.25,148.64,Credit Card,Shipped
O008028,2024-04-24,C00067,P0107,1,0.1,495.67,UPI,Delivered
O008029,2024-12-15,C00233,P0202,2,0.1,284.8,UPI,Cancelled
O008029,2024-12-15,C00233,P0184,1,0.1,66.96,UPI,Delivered
O008029,2024-12-15,C00233,P0003,1,0.2,270.33,Net Banking,Cancelled
O008030,2025-09-18,C00523,P0155,2,0.05,379.21,Debit Card,Delivered
O008030,2025-09-18,C00523,P0091,1,0.1,392.98,UPI,Delivered
O008030,2025-09-18,C00523,P0150,1,0.2,47.8,Wallet,Delivered
O008031,2024-09-01,C01070,P0009,1,0.15,425.2,Cash on Delivery,Delivered
O008032,2026-03-21,C00993,P0240,2,0.15,60.21,UPI,Delivered
O008033,2025-04-03,C00658,P0175,1,0.0,434.65,Credit Card,Processing
O008034,2025-06-03,C00061,P0201,2,0.0,464.55,Cash on Delivery,Shipped
O008035,2025-09-11,C00580,P0117,2,0.2,292.58,Credit Card,Delivered
O008036,2025-11-03,C01145,P0084,2,0.15,227.44,UPI,Delivered
O008036,2025-11-03,C01145,P0103,1,0.1,369.58,Credit Card,Processing
O008037,2024-09-22,C00559,P0240,1,0.2,59.62,Cash on Delivery,Delivered
O008037,2024-09-22,C00559,P0205,1,0.1,359.83,UPI,Processing
O008038,2026-03-27,C00491,P0156,1,0.1,287.49,UPI,Delivered
O008039,2024-11-15,C01392,P0113,1,0.0,332.91,Credit Card,Delivered
O008039,2024-11-15,C01392,P0233,1,0.1,43.69,UPI,Delivered
O008039,2024-11-15,C01392,P0094,1,0.2,222.9,Net Banking,Shipped
O008040,2024-05-08,C00807,P0238,1,0.0,34.25,UPI,Shipped
O008041,2024-12-27,C01390,P0147,4,0.05,444.16,UPI,Shipped
O008042,2024-08-19,C01282,P0237,2,0.1,483.63,Credit Card,Processing
O008043,2024-11-07,C00606,P0041,1,0.1,331.13,UPI,Delivered
O008044,2024-08-04,C00550,P0136,2,0.15,134.05,Credit Card,Delivered
O008044,2024-08-04,C00550,P0012,1,0.1,409.09,UPI,Shipped
O008044,2024-08-04,C00550,P0013,1,0.05,286.93,Net Banking,Delivered
O008045,2025-11-24,C00054,P0144,1,0.15,88.18,Wallet,Processing
O008046,2025-05-29,C00990,P0194,2,0.1,387.83,Credit Card,Delivered
O008047,2024-09-27,C00580,P0162,1,0.0,312.24,UPI,Cancelled
O008048,2024-07-28,C01443,P0211,1,0.05,309.07,Debit Card,Delivered
O008049,2025-05-30,C00451,P0233,2,0.1,199.31,Wallet,Processing
O008049,2025-05-30,C00451,P0181,2,0.2,54.93,Debit Card,Delivered
O008050,2025-03-12,C01422,P0040,1,0.2,211.72,Cash on Delivery,Processing
O008051,2025-02-05,C01140,P0160,1,0.05,169.31,Net Banking,Cancelled
O008052,2026-02-12,C01307,P0095,3,0.05,126.97,Wallet,Delivered
O008052,2026-02-12,C01307,P0124,1,0.3,184.74,UPI,Processing
O008053,2024-05-16,C01125,P0146,2,0.15,441.16,Wallet,Delivered
O008054,2025-08-10,C00995,P0160,1,0.05,115.02,Debit Card,Delivered
O008055,2025-07-27,C00690,P0126,2,0.05,220.08,Debit Card,Cancelled
O008055,2025-07-27,C00690,P0167,1,0.1,231.63,Wallet,Delivered
O008055,2025-07-27,C00690,P0161,1,0.15,375.43,Wallet,Delivered
O008056,2025-08-24,C00762,P0182,1,0.15,244.96,Net Banking,Delivered
O008057,2024-06-01,C01448,P0176,3,0.15,369.54,Debit Card,Cancelled
O008058,2026-01-28,C00636,P0035,1,0.2,40.06,Credit Card,Processing
O008058,2026-01-28,C00636,P0131,1,0.15,319.25,Wallet,Shipped
O008059,2025-07-15,C00316,P0239,1,0.1,457.04,Debit Card,Cancelled
O008060,2024-10-04,C00462,P0202,1,0.1,351.01,Cash on Delivery,Delivered
O008061,2025-05-28,C00941,P0160,1,0.1,270.51,Credit Card,Processing
O008062,2025-07-05,C01432,P0074,1,0.0,27.64,Credit Card,Shipped
O008062,2025-07-05,C01432,P0163,3,0.2,283.96,Credit Card,Delivered
O008062,2025-07-05,C01432,P0239,1,0.1,428.74,Wallet,Delivered
O008063,2026-02-19,C00036,P0021,3,0.1,444.29,Cash on Delivery,Delivered
O008064,2025-04-20,C00148,P0154,1,0.05,218.62,Credit Card,Delivered
O008065,2025-06-27,C00429,P0220,3,0.05,148.28,UPI,Shipped
O008066,2025-07-25,C00185,P0011,1,0.1,262.82,UPI,Processing
O008067,2025-01-29,C01082,P0067,1,0.0,475.0,Debit Card,Cancelled
O008068,2024-04-12,C00220,P0242,1,0.1,297.12,Debit Card,Shipped
O008068,2024-04-12,C00220,P0167,1,0.1,150.27,Wallet,Processing
O008069,2025-07-13,C01279,P0073,1,0.05,144.81,Net Banking,Shipped
O008070,2024-11-02,C01230,P0210,3,0.15,355.61,Credit Card,Delivered
O008070,2024-11-02,C01230,P0024,2,0.1,416.38,UPI,Delivered
O008071,2024-04-19,C00329,P0233,1,0.1,338.68,UPI,Cancelled
O008071,2024-04-19,C00329,P0099,4,0.2,440.17,Credit Card,Delivered
O008072,2026-01-03,C00332,P0148,1,0.25,401.76,Debit Card,Delivered
O008073,2025-08-29,C00070,P0062,2,0.0,215.76,UPI,Shipped
O008073,2025-08-29,C00070,P0231,1,0.1,456.9,Credit Card,Delivered
O008074,2025-05-18,C00468,P0014,3,0.15,260.56,Credit Card,Cancelled
O008075,2025-10-08,C00040,P0223,1,0.05,219.94,UPI,Delivered
O008076,2025-10-26,C00104,P0042,1,0.0,27.81,Net Banking,Cancelled
O008077,2024-07-16,C00932,P0152,1,0.25,61.79,UPI,Shipped
O008078,2026-03-12,C00977,P0009,1,0.25,298.82,Net Banking,Cancelled
O008078,2026-03-12,C00977,P0224,3,0.05,372.23,Cash on Delivery,Delivered
O008079,2024-10-26,C00588,P0142,2,0.25,91.17,UPI,Cancelled
O008080,2024-09-20,C00507,P0109,1,0.2,286.62,Net Banking,Shipped
O008081,2024-11-22,C00069,P0185,1,0.1,115.94,Debit Card,Delivered
O008082,2025-07-22,C00666,P0213,1,0.1,155.32,Wallet,Shipped
O008083,2024-12-23,C00644,P0173,2,0.15,64.23,Credit Card,Processing
O008084,2024-08-28,C00445,P0103,1,0.1,414.37,Net Banking,Delivered
O008084,2024-08-28,C00445,P0137,1,0.1,414.21,UPI,Delivered
O008085,2025-07-31,C01008,P0075,1,0.1,371.05,Cash on Delivery,Delivered
O008086,2024-12-06,C00111,P0182,1,0.25,146.38,UPI,Shipped
O008087,2024-10-20,C01390,P0053,1,0.1,199.61,UPI,Delivered
O008088,2025-10-22,C01081,P0099,1,0.0,403.66,Credit Card,Delivered
O008089,2025-04-12,C00114,P0018,2,0.1,188.05,Debit Card,Delivered
O008089,2025-04-12,C00114,P0182,1,0.15,180.25,Debit Card,Delivered
O008090,2024-11-19,C01136,P0214,3,0.0,52.55,Debit Card,Delivered
O008091,2026-02-18,C00003,P0115,2,0.05,67.52,UPI,Delivered
O008091,2026-02-18,C00003,P0105,1,0.15,440.58,UPI,Shipped
O008092,2025-02-18,C00454,P0239,1,0.15,380.95,Net Banking,Processing
O008093,2025-07-17,C00399,P0078,1,0.05,183.61,UPI,Delivered
O008094,2025-01-24,C00466,P0160,1,0.2,417.2,Debit Card,Delivered
O008094,2025-01-24,C00466,P0236,1,0.0,30.08,Debit Card,Delivered
O008094,2025-01-24,C00466,P0196,1,0.1,448.13,Debit Card,Delivered
O008095,2025-08-08,C00047,P0139,1,0.1,306.05,UPI,Delivered
O008095,2025-08-08,C00047,P0213,1,0.1,98.27,Credit Card,Shipped
O008096,2025-02-07,C00922,P0197,1,0.15,208.04,UPI,Cancelled
O008096,2025-02-07,C00922,P0226,4,0.3,148.98,Debit Card,Delivered
O008096,2025-02-07,C00922,P0133,1,0.1,247.45,Credit Card,Delivered
O008097,2024-11-03,C00410,P0022,1,0.1,144.49,Debit Card,Delivered
O008098,2026-03-09,C01246,P0243,1,0.1,489.86,UPI,Processing
O008098,2026-03-09,C01246,P0208,2,0.0,474.08,UPI,Delivered
O008099,2024-12-30,C01354,P0075,1,0.15,192.21,Debit Card,Delivered
O008099,2024-12-30,C01354,P0004,1,0.05,186.8,Debit Card,Processing
O008100,2026-02-25,C00056,P0026,1,0.15,60.56,UPI,Processing
O008100,2026-02-25,C00056,P0232,1,0.25,272.04,Cash on Delivery,Delivered
O008100,2026-02-25,C00056,P0100,2,0.1,235.52,Debit Card,Delivered
O008101,2025-10-14,C00090,P0196,2,0.15,377.18,Credit Card,Delivered
O008102,2024-06-21,C00034,P0058,1,0.0,449.71,Debit Card,Cancelled
O008102,2024-06-21,C00034,P0159,1,0.05,108.03,Credit Card,Delivered
O008103,2024-12-11,C01017,P0028,1,0.0,487.37,UPI,Cancelled
O008104,2025-05-06,C00423,P0198,1,0.15,205.62,Credit Card,Delivered
O008104,2025-05-06,C00423,P0239,1,0.15,352.56,Cash on Delivery,Shipped
O008105,2025-11-07,C00903,P0124,1,0.1,233.85,Debit Card,Delivered
O008105,2025-11-07,C00903,P0209,1,0.0,493.3,UPI,Delivered
O008105,2025-11-07,C00903,P0112,2,0.05,35.61,Debit Card,Processing
O008106,2025-12-22,C00757,P0032,2,0.1,426.08,Debit Card,Delivered
O008106,2025-12-22,C00757,P0085,2,0.05,321.72,Wallet,Delivered
O008107,2025-02-02,C00947,P0210,1,0.1,118.55,UPI,Delivered
O008108,2024-11-19,C00626,P0162,3,0.1,166.0,UPI,Processing
O008109,2024-10-02,C00961,P0127,1,0.1,412.42,Cash on Delivery,Delivered
O008110,2026-01-22,C01256,P0205,1,0.15,192.55,Cash on Delivery,Delivered
O008111,2025-06-24,C00374,P0212,1,0.0,376.18,UPI,Delivered
O008112,2024-10-28,C00868,P0206,2,0.05,249.18,UPI,Delivered
O008113,2025-04-23,C01247,P0125,2,0.05,471.87,UPI,Delivered
O008114,2024-07-19,C01036,P0149,1,0.15,486.68,UPI,Delivered
O008115,2025-03-31,C00239,P0102,1,0.05,473.04,UPI,Delivered
O008116,2025-12-31,C00370,P0065,1,0.05,279.78,Cash on Delivery,Delivered
O008117,2025-11-28,C00846,P0050,1,0.1,244.09,Credit Card,Cancelled
O008118,2024-12-06,C00116,P0147,3,0.1,25.94,UPI,Delivered
O008118,2024-12-06,C00116,P0241,1,0.1,390.98,UPI,Shipped
O008119,2025-11-17,C01372,P0012,4,0.0,118.86,Credit Card,Cancelled
O008120,2024-12-19,C00247,P0247,2,0.0,255.7,UPI,Delivered
O008120,2024-12-19,C00247,P0094,2,0.1,458.32,UPI,Delivered
O008121,2026-02-23,C00169,P0110,3,0.1,373.88,Credit Card,Delivered
O008121,2026-02-23,C00169,P0223,1,0.1,428.87,UPI,Delivered
O008122,2026-01-13,C01049,P0033,1,0.05,112.77,Debit Card,Delivered
O008123,2024-11-18,C00759,P0113,2,0.1,427.56,UPI,Shipped
O008124,2025-06-04,C00045,P0017,1,0.2,299.41,UPI,Delivered
O008125,2025-02-25,C00568,P0007,1,0.1,375.89,UPI,Delivered
O008125,2025-02-25,C00568,P0071,1,0.2,407.35,Net Banking,Shipped
O008126,2025-01-12,C01243,P0113,1,0.1,480.86,UPI,Shipped
O008127,2026-03-12,C00800,P0068,1,0.0,164.81,UPI,Delivered
O008128,2024-08-31,C01230,P0048,3,0.05,247.18,Credit Card,Delivered
O008129,2025-08-10,C01009,P0215,1,0.1,199.94,Debit Card,Cancelled
O008129,2025-08-10,C01009,P0017,1,0.1,193.43,Credit Card,Delivered
O008129,2025-08-10,C01009,P0056,1,0.1,462.07,UPI,Delivered
O008130,2025-12-21,C01250,P0043,1,0.05,84.08,UPI,Delivered
O008131,2025-08-26,C01243,P0059,2,0.0,428.13,UPI,Delivered
O008132,2024-05-29,C00579,P0072,1,0.05,257.06,Cash on Delivery,Shipped
O008133,2025-05-05,C01097,P0059,1,0.0,211.69,Debit Card,Delivered
O008134,2025-07-23,C01061,P0156,1,0.15,88.5,UPI,Processing
O008135,2025-04-02,C00218,P0074,4,0.2,289.27,Net Banking,Delivered
O008136,2024-08-09,C00785,P0168,2,0.15,229.2,Wallet,Delivered
O008137,2025-04-07,C00691,P0224,1,0.15,136.07,Net Banking,Processing
O008138,2024-09-07,C01300,P0248,1,0.1,429.09,UPI,Shipped
O008139,2025-02-22,C00411,P0072,2,0.15,392.1,Net Banking,Shipped
O008140,2026-02-14,C00631,P0044,2,0.1,228.9,Cash on Delivery,Processing
O008141,2024-04-17,C00077,P0243,4,0.15,281.54,Debit Card,Delivered
O008142,2025-10-09,C00855,P0163,1,0.05,114.31,Cash on Delivery,Delivered
O008142,2025-10-09,C00855,P0063,2,0.2,346.92,Cash on Delivery,Delivered
O008143,2024-10-17,C00485,P0093,1,0.2,224.24,Cash on Delivery,Delivered
O008144,2024-11-09,C01469,P0025,1,0.25,327.76,UPI,Cancelled
O008145,2024-06-18,C00305,P0126,1,0.2,305.2,UPI,Cancelled
O008146,2025-12-07,C00497,P0160,1,0.15,402.82,Debit Card,Cancelled
O008147,2025-05-11,C00898,P0171,1,0.1,491.68,Debit Card,Delivered
O008148,2025-04-23,C01227,P0232,1,0.1,286.34,UPI,Shipped
O008149,2025-01-31,C00489,P0239,1,0.05,497.89,UPI,Delivered
O008150,2025-08-14,C01406,P0169,1,0.1,293.42,UPI,Shipped
O008151,2024-12-16,C01074,P0242,1,0.3,367.22,Cash on Delivery,Delivered
O008151,2024-12-16,C01074,P0044,2,0.1,412.71,UPI,Delivered
O008151,2024-12-16,C01074,P0216,1,0.25,295.79,UPI,Delivered
O008152,2025-01-12,C01189,P0112,1,0.25,399.9,Net Banking,Delivered
O008153,2024-09-19,C00577,P0105,1,0.0,334.67,Credit Card,Delivered
O008154,2025-06-21,C00577,P0097,1,0.05,298.18,Credit Card,Delivered
O008155,2025-10-08,C01199,P0226,1,0.05,49.24,Debit Card,Cancelled
O008156,2025-08-08,C00033,P0074,1,0.15,140.51,Debit Card,Delivered
O008156,2025-08-08,C00033,P0177,2,0.05,288.38,Credit Card,Delivered
O008157,2025-09-20,C00916,P0148,1,0.0,74.4,Debit Card,Cancelled
O008158,2024-10-23,C00131,P0055,3,0.0,163.05,Wallet,Delivered
O008159,2025-06-25,C00730,P0077,1,0.25,374.24,Debit Card,Processing
O008160,2024-04-29,C00176,P0114,2,0.05,41.34,Cash on Delivery,Delivered
O008161,2024-11-11,C00416,P0237,1,0.2,285.16,Credit Card,Delivered
O008162,2026-01-28,C00241,P0184,1,0.25,431.77,Credit Card,Delivered
O008163,2025-01-14,C00470,P0176,2,0.05,221.97,Debit Card,Processing
O008164,2025-07-13,C00033,P0105,2,0.1,447.53,Credit Card,Cancelled
O008165,2025-06-04,C01465,P0242,2,0.25,384.34,UPI,Delivered
O008165,2025-06-04,C01465,P0014,1,0.15,383.62,UPI,Delivered
O008166,2025-05-28,C00335,P0126,3,0.0,483.28,Cash on Delivery,Delivered
O008166,2025-05-28,C00335,P0117,2,0.25,177.09,Credit Card,Processing
O008167,2025-08-16,C00673,P0210,3,0.1,200.36,UPI,Cancelled
O008168,2024-04-10,C01466,P0114,1,0.2,241.88,UPI,Processing
O008169,2025-11-25,C01145,P0011,1,0.1,296.04,UPI,Delivered
O008170,2026-03-21,C00226,P0161,1,0.2,331.84,Wallet,Processing
O008171,2025-01-29,C01296,P0086,2,0.15,183.12,Debit Card,Delivered
O008171,2025-01-29,C01296,P0159,1,0.05,217.16,Debit Card,Delivered
O008172,2024-05-21,C00758,P0192,1,0.1,456.78,Wallet,Delivered
O008172,2024-05-21,C00758,P0147,2,0.1,259.33,UPI,Delivered
O008173,2024-12-24,C00373,P0116,1,0.0,59.68,Net Banking,Shipped
O008173,2024-12-24,C00373,P0249,2,0.1,179.03,Debit Card,Delivered
O008174,2025-07-08,C00079,P0031,1,0.0,120.44,UPI,Delivered
O008175,2024-07-04,C00838,P0023,1,0.15,123.33,Debit Card,Delivered
O008176,2025-12-24,C00378,P0225,1,0.1,451.43,UPI,Delivered
O008177,2025-11-20,C01136,P0218,1,0.0,413.04,Credit Card,Shipped
O008177,2025-11-20,C01136,P0216,1,0.0,455.41,Credit Card,Delivered
O008178,2024-09-19,C00742,P0043,2,0.15,241.44,Credit Card,Shipped
O008179,2024-09-26,C01166,P0091,1,0.0,154.46,Net Banking,Delivered
O008179,2024-09-26,C01166,P0077,3,0.15,41.41,UPI,Delivered
O008179,2024-09-26,C01166,P0103,3,0.15,260.2,Cash on Delivery,Processing
O008180,2025-05-08,C00399,P0213,1,0.1,232.2,Cash on Delivery,Delivered
O008180,2025-05-08,C00399,P0114,3,0.05,143.74,Wallet,Processing
O008181,2024-07-23,C01199,P0153,1,0.0,157.01,Debit Card,Processing
O008182,2025-01-30,C01066,P0230,1,0.0,413.89,UPI,Delivered
O008182,2025-01-30,C01066,P0221,1,0.2,315.31,Debit Card,Delivered
O008183,2025-01-06,C00947,P0248,1,0.0,69.49,Credit Card,Delivered
O008184,2024-07-15,C01397,P0153,1,0.0,257.12,Credit Card,Shipped
O008184,2024-07-15,C01397,P0246,1,0.2,179.32,Wallet,Delivered
O008185,2025-10-08,C00777,P0186,1,0.05,328.57,Cash on Delivery,Delivered
O008186,2026-02-11,C01172,P0141,1,0.05,157.2,UPI,Delivered
O008186,2026-02-11,C01172,P0161,1,0.15,305.19,Debit Card,Shipped
O008186,2026-02-11,C01172,P0038,1,0.2,268.32,UPI,Shipped
O008187,2025-01-05,C00831,P0215,3,0.2,281.46,Debit Card,Delivered
O008187,2025-01-05,C00831,P0096,1,0.1,318.64,Debit Card,Delivered
O008187,2025-01-05,C00831,P0195,1,0.0,133.31,Credit Card,Cancelled
O008188,2024-09-24,C01210,P0174,1,0.2,164.0,UPI,Delivered
O008189,2025-04-04,C00315,P0200,1,0.05,494.06,Wallet,Processing
O008190,2024-10-24,C00783,P0042,4,0.1,99.75,Net Banking,Delivered
O008190,2024-10-24,C00783,P0077,1,0.05,217.93,Cash on Delivery,Delivered
O008191,2024-06-05,C01076,P0102,4,0.25,495.58,Credit Card,Delivered
O008192,2024-07-14,C01314,P0104,1,0.1,405.55,Credit Card,Delivered
O008192,2024-07-14,C01314,P0080,3,0.05,392.08,UPI,Shipped
O008193,2024-06-12,C00056,P0086,3,0.05,377.48,UPI,Delivered
O008194,2026-03-06,C00641,P0080,1,0.2,69.62,Credit Card,Shipped
O008195,2025-09-21,C00194,P0143,2,0.15,427.41,Cash on Delivery,Processing
O008196,2025-03-23,C00702,P0030,1,0.0,187.14,Credit Card,Cancelled
O008196,2025-03-23,C00702,P0230,1,0.1,31.56,Net Banking,Shipped
O008197,2024-05-07,C01316,P0139,2,0.1,131.67,Debit Card,Cancelled
O008198,2025-07-10,C00756,P0247,1,0.1,336.7,Credit Card,Delivered
O008198,2025-07-10,C00756,P0051,1,0.1,232.74,Credit Card,Delivered
O008199,2024-10-02,C00373,P0109,1,0.15,104.71,Credit Card,Processing
O008200,2025-12-17,C00906,P0004,1,0.2,108.34,Cash on Delivery,Cancelled
O008201,2026-01-01,C00791,P0055,1,0.05,387.29,Net Banking,Delivered
O008201,2026-01-01,C00791,P0234,2,0.1,380.54,Net Banking,Cancelled
O008202,2024-10-18,C01059,P0245,1,0.1,336.08,UPI,Delivered
O008202,2024-10-18,C01059,P0231,1,0.2,163.95,Debit Card,Cancelled
O008202,2024-10-18,C01059,P0085,1,0.1,140.51,Debit Card,Processing
O008203,2024-06-09,C00464,P0070,1,0.1,302.24,Cash on Delivery,Cancelled
O008204,2024-11-09,C01267,P0003,2,0.1,367.6,UPI,Delivered
O008205,2026-02-09,C00046,P0188,3,0.05,135.18,Debit Card,Processing
O008206,2026-02-09,C01460,P0150,1,0.2,475.1,Wallet,Delivered
O008207,2025-11-20,C01205,P0044,1,0.2,121.7,UPI,Delivered
O008208,2026-03-06,C01178,P0019,2,0.0,404.28,UPI,Delivered
O008209,2024-05-30,C01236,P0129,1,0.05,206.51,UPI,Delivered
O008210,2025-09-13,C01038,P0227,1,0.05,285.38,Credit Card,Delivered
O008211,2025-08-11,C00936,P0224,2,0.1,138.59,Debit Card,Cancelled
O008212,2024-08-18,C01210,P0047,1,0.15,72.83,UPI,Delivered
O008213,2024-11-29,C00492,P0208,1,0.05,274.42,UPI,Delivered
O008214,2025-03-07,C00800,P0169,1,0.0,90.09,UPI,Shipped
O008214,2025-03-07,C00800,P0053,1,0.15,118.24,Wallet,Cancelled
O008215,2026-02-23,C00527,P0002,1,0.3,170.92,Net Banking,Delivered
O008216,2025-12-19,C00837,P0001,1,0.0,156.66,Credit Card,Cancelled
O008216,2025-12-19,C00837,P0038,1,0.0,370.23,Credit Card,Delivered
O008217,2024-06-15,C01132,P0103,3,0.05,128.08,Debit Card,Cancelled
O008218,2024-11-05,C01192,P0097,1,0.0,236.57,Wallet,Delivered
O008219,2024-04-06,C00345,P0153,2,0.0,298.05,UPI,Delivered
O008219,2024-04-06,C00345,P0045,1,0.1,297.21,UPI,Delivered
O008219,2024-04-06,C00345,P0242,1,0.25,33.29,UPI,Shipped
O008220,2025-09-16,C01300,P0089,1,0.1,282.56,Cash on Delivery,Shipped
O008221,2024-05-09,C01332,P0017,2,0.05,73.95,Net Banking,Delivered
O008222,2024-12-29,C00040,P0203,1,0.25,86.7,Credit Card,Processing
O008223,2024-07-09,C00489,P0136,1,0.1,216.46,Credit Card,Processing
O008223,2024-07-09,C00489,P0154,1,0.0,190.58,Net Banking,Shipped
O008224,2024-05-07,C00648,P0201,1,0.1,208.07,Credit Card,Processing
O008225,2025-08-18,C00654,P0100,1,0.0,153.34,UPI,Delivered
O008225,2025-08-18,C00654,P0217,1,0.15,81.33,UPI,Delivered
O008225,2025-08-18,C00654,P0088,1,0.0,53.22,Net Banking,Delivered
O008226,2024-04-21,C00853,P0052,1,0.15,98.76,Credit Card,Cancelled
O008227,2024-12-10,C01282,P0027,1,0.1,489.55,UPI,Shipped
O008228,2025-05-19,C00477,P0220,1,0.2,468.72,Debit Card,Shipped
O008228,2025-05-19,C00477,P0016,1,0.1,118.44,Debit Card,Delivered
O008229,2024-12-21,C01436,P0138,3,0.05,352.73,Wallet,Delivered
O008229,2024-12-21,C01436,P0021,4,0.05,263.3,Net Banking,Cancelled
O008229,2024-12-21,C01436,P0123,1,0.2,78.45,UPI,Cancelled
O008230,2024-08-28,C01497,P0136,1,0.1,430.03,Credit Card,Shipped
O008231,2025-02-15,C01427,P0155,2,0.1,363.38,Net Banking,Delivered
O008232,2025-07-30,C01082,P0034,2,0.25,334.58,Net Banking,Delivered
O008232,2025-07-30,C01082,P0123,1,0.0,43.23,Credit Card,Delivered
O008233,2025-09-17,C01296,P0095,1,0.1,197.8,Credit Card,Cancelled
O008234,2024-09-13,C00266,P0199,3,0.1,444.34,UPI,Cancelled
O008235,2026-03-06,C00420,P0011,1,0.0,296.99,Credit Card,Processing
O008235,2026-03-06,C00420,P0174,1,0.1,74.99,Credit Card,Delivered
O008236,2026-01-12,C00085,P0198,1,0.2,99.93,Credit Card,Delivered
O008237,2025-09-28,C01102,P0008,4,0.1,282.33,Debit Card,Delivered
O008237,2025-09-28,C01102,P0037,2,0.1,172.26,UPI,Delivered
O008238,2025-04-20,C00486,P0054,2,0.05,304.31,Credit Card,Processing
O008239,2025-01-11,C00085,P0141,1,0.05,467.42,Net Banking,Processing
O008240,2024-08-11,C01134,P0131,2,0.0,113.35,Credit Card,Delivered
O008241,2024-12-18,C01064,P0246,1,0.2,345.24,UPI,Delivered
O008242,2024-12-20,C00937,P0078,1,0.05,27.63,UPI,Shipped
O008243,2024-07-05,C00375,P0147,2,0.1,77.83,Net Banking,Delivered
O008244,2024-07-15,C00759,P0092,2,0.0,339.57,UPI,Delivered
O008244,2024-07-15,C00759,P0225,4,0.05,391.02,Net Banking,Cancelled
O008245,2024-05-03,C00187,P0019,1,0.0,237.1,Credit Card,Shipped
O008246,2025-02-19,C01441,P0094,1,0.15,79.3,Debit Card,Processing
O008247,2024-11-14,C01092,P0176,1,0.1,25.66,Net Banking,Delivered
O008247,2024-11-14,C01092,P0034,1,0.25,62.81,Credit Card,Delivered
O008248,2025-03-15,C00837,P0008,1,0.15,269.94,UPI,Delivered
O008249,2025-12-03,C00920,P0012,4,0.3,228.77,Wallet,Shipped
O008250,2024-10-13,C00530,P0081,2,0.3,348.63,UPI,Shipped
O008250,2024-10-13,C00530,P0146,1,0.05,378.96,Debit Card,Shipped
O008251,2025-01-15,C00913,P0236,1,0.15,159.75,Net Banking,Delivered
O008252,2026-01-14,C01236,P0153,2,0.1,243.45,Cash on Delivery,Delivered
O008253,2026-03-12,C01355,P0045,1,0.05,280.1,Net Banking,Delivered
O008253,2026-03-12,C01355,P0213,2,0.2,490.14,Net Banking,Cancelled
O008253,2026-03-12,C01355,P0070,1,0.0,86.41,Cash on Delivery,Delivered
O008254,2024-04-07,C00566,P0182,1,0.1,214.56,Wallet,Shipped
O008255,2025-07-08,C00511,P0181,2,0.1,389.16,Credit Card,Delivered
O008256,2025-08-12,C00159,P0132,1,0.0,480.26,UPI,Delivered
O008256,2025-08-12,C00159,P0074,1,0.05,297.64,UPI,Delivered
O008257,2025-12-06,C01349,P0152,2,0.15,106.07,UPI,Processing
O008258,2024-07-18,C00669,P0105,2,0.0,242.7,Cash on Delivery,Delivered
O008258,2024-07-18,C00669,P0116,1,0.05,66.17,Debit Card,Delivered
O008259,2025-04-18,C01420,P0233,2,0.1,322.4,Wallet,Delivered
O008259,2025-04-18,C01420,P0171,1,0.1,415.33,Debit Card,Cancelled
O008259,2025-04-18,C01420,P0121,1,0.0,150.35,UPI,Delivered
O008260,2024-04-14,C01470,P0237,1,0.0,453.26,Cash on Delivery,Cancelled
O008261,2025-03-29,C00901,P0015,1,0.0,254.57,Net Banking,Delivered
O008262,2024-08-28,C00085,P0047,2,0.1,99.48,Debit Card,Delivered
O008263,2026-01-03,C01022,P0119,3,0.15,180.93,Credit Card,Delivered
O008263,2026-01-03,C01022,P0195,1,0.15,258.86,Debit Card,Delivered
O008263,2026-01-03,C01022,P0189,2,0.25,113.38,Debit Card,Delivered
O008264,2024-11-16,C01102,P0156,1,0.1,269.03,UPI,Delivered
O008265,2025-05-15,C01343,P0008,1,0.15,87.87,UPI,Delivered
O008266,2025-11-26,C00144,P0157,1,0.0,356.15,Net Banking,Delivered
O008266,2025-11-26,C00144,P0004,4,0.05,326.41,Credit Card,Delivered
O008266,2025-11-26,C00144,P0017,1,0.0,496.24,UPI,Delivered
O008267,2025-02-19,C00786,P0128,1,0.05,217.38,UPI,Delivered
O008267,2025-02-19,C00786,P0016,2,0.1,279.94,Debit Card,Delivered
O008268,2025-01-30,C00660,P0231,1,0.1,422.45,Cash on Delivery,Cancelled
O008268,2025-01-30,C00660,P0145,1,0.15,281.86,Wallet,Shipped
O008269,2025-09-18,C01260,P0218,2,0.0,279.9,UPI,Delivered
O008270,2024-09-12,C01209,P0191,2,0.15,493.46,Cash on Delivery,Delivered
O008271,2025-02-03,C00605,P0069,1,0.05,110.66,UPI,Cancelled
O008272,2024-05-02,C00334,P0003,2,0.2,84.16,UPI,Delivered
O008273,2025-07-08,C00617,P0210,3,0.0,199.59,Debit Card,Processing
O008273,2025-07-08,C00617,P0084,2,0.0,152.94,UPI,Shipped
O008274,2025-01-13,C00771,P0052,1,0.2,367.48,UPI,Delivered
O008274,2025-01-13,C00771,P0005,1,0.15,144.43,Cash on Delivery,Cancelled
O008275,2025-10-07,C00263,P0051,1,0.15,328.78,Cash on Delivery,Processing
O008276,2026-03-09,C00818,P0227,2,0.0,430.52,Credit Card,Delivered
O008276,2026-03-09,C00818,P0240,1,0.15,326.98,Wallet,Delivered
O008277,2025-04-09,C01239,P0111,2,0.05,61.4,Cash on Delivery,Delivered
O008277,2025-04-09,C01239,P0124,1,0.0,208.67,Cash on Delivery,Processing
O008278,2025-11-27,C00328,P0247,1,0.0,276.7,Credit Card,Delivered
O008278,2025-11-27,C00328,P0173,1,0.1,378.95,Cash on Delivery,Shipped
O008279,2025-10-18,C00953,P0186,1,0.25,465.65,Credit Card,Delivered
O008280,2026-02-17,C01093,P0009,1,0.15,141.41,UPI,Shipped
O008281,2025-05-13,C00973,P0139,2,0.2,491.63,Debit Card,Cancelled
O008282,2024-08-23,C01236,P0002,1,0.05,176.74,UPI,Processing
O008282,2024-08-23,C01236,P0224,1,0.05,425.5,Credit Card,Delivered
O008283,2024-10-29,C00203,P0090,1,0.15,292.04,Credit Card,Delivered
O008284,2025-12-25,C00760,P0183,1,0.15,326.76,Credit Card,Delivered
O008285,2025-10-09,C00551,P0159,4,0.05,85.03,Debit Card,Delivered
O008286,2025-08-12,C01436,P0170,2,0.15,473.23,Net Banking,Delivered
O008287,2025-03-20,C00848,P0116,3,0.1,265.51,UPI,Delivered
O008288,2024-05-25,C00088,P0061,1,0.15,190.51,Credit Card,Delivered
O008288,2024-05-25,C00088,P0211,1,0.1,121.99,Cash on Delivery,Delivered
O008289,2025-05-06,C00953,P0019,1,0.05,107.25,Debit Card,Shipped
O008289,2025-05-06,C00953,P0041,2,0.05,216.06,Wallet,Cancelled
O008290,2024-07-04,C00507,P0107,2,0.2,249.46,Net Banking,Delivered
O008290,2024-07-04,C00507,P0043,1,0.25,411.02,Credit Card,Delivered
O008291,2024-11-04,C00597,P0015,1,0.15,95.7,UPI,Delivered
O008291,2024-11-04,C00597,P0018,1,0.05,489.59,Net Banking,Shipped
O008292,2024-09-28,C00548,P0080,2,0.15,165.19,Debit Card,Delivered
O008293,2026-03-25,C00928,P0206,1,0.05,161.74,Debit Card,Delivered
O008294,2026-01-19,C00823,P0015,1,0.05,406.4,Credit Card,Delivered
O008294,2026-01-19,C00823,P0227,1,0.2,112.31,Wallet,Delivered
O008295,2024-09-26,C00810,P0235,1,0.15,387.72,Wallet,Shipped
O008295,2024-09-26,C00810,P0084,1,0.1,64.43,UPI,Delivered
O008295,2024-09-26,C00810,P0249,1,0.1,358.62,Debit Card,Cancelled
O008296,2024-12-23,C00445,P0055,1,0.05,264.71,Credit Card,Delivered
O008296,2024-12-23,C00445,P0105,2,0.05,376.55,Debit Card,Delivered
O008297,2024-05-14,C00593,P0186,1,0.05,119.41,Cash on Delivery,Delivered
O008297,2024-05-14,C00593,P0210,1,0.05,391.49,Credit Card,Processing
O008297,2024-05-14,C00593,P0056,1,0.05,309.87,Net Banking,Cancelled
O008298,2024-04-21,C01169,P0153,1,0.0,368.61,UPI,Cancelled
O008299,2025-12-06,C00342,P0248,1,0.2,126.92,Credit Card,Cancelled
O008300,2025-05-11,C01208,P0026,1,0.0,414.88,Net Banking,Delivered
O008301,2025-10-08,C01036,P0038,1,0.05,227.09,Wallet,Delivered
O008302,2025-07-02,C00434,P0034,1,0.15,104.47,Wallet,Delivered
O008303,2025-06-15,C01334,P0166,1,0.1,59.69,Debit Card,Cancelled
O008304,2026-01-23,C01089,P0059,1,0.0,291.68,Credit Card,Delivered
O008305,2025-10-12,C01159,P0243,2,0.1,127.71,Net Banking,Cancelled
O008306,2024-08-14,C01463,P0133,2,0.05,91.85,Debit Card,Delivered
O008307,2024-07-23,C00609,P0243,3,0.15,184.88,Debit Card,Delivered
O008308,2025-08-17,C00011,P0137,1,0.1,190.16,UPI,Delivered
O008308,2025-08-17,C00011,P0217,2,0.1,316.16,Wallet,Delivered
O008309,2025-04-08,C01440,P0118,1,0.15,447.25,Credit Card,Cancelled
O008310,2025-03-29,C01231,P0070,2,0.05,490.44,UPI,Processing
O008310,2025-03-29,C01231,P0044,1,0.0,356.33,UPI,Processing
O008310,2025-03-29,C01231,P0201,1,0.15,400.53,UPI,Delivered
O008311,2024-12-08,C01280,P0218,4,0.15,273.97,Debit Card,Shipped
O008312,2024-11-23,C00025,P0136,1,0.15,108.33,UPI,Processing
O008313,2024-07-10,C00752,P0128,1,0.05,260.77,Debit Card,Shipped
O008313,2024-07-10,C00752,P0249,1,0.05,95.93,Credit Card,Delivered
O008314,2024-04-03,C01370,P0040,1,0.1,85.75,Wallet,Delivered
O008315,2025-06-29,C00654,P0094,1,0.2,398.97,UPI,Delivered
O008316,2025-01-29,C00837,P0104,1,0.05,386.78,Wallet,Processing
O008316,2025-01-29,C00837,P0019,3,0.1,28.7,Debit Card,Delivered
O008317,2025-10-13,C00059,P0035,2,0.2,485.1,UPI,Processing
O008317,2025-10-13,C00059,P0185,1,0.1,29.41,UPI,Delivered
O008318,2025-06-10,C00243,P0224,2,0.05,444.98,Debit Card,Shipped
O008319,2025-12-11,C00681,P0159,1,0.05,351.53,Debit Card,Cancelled
O008319,2025-12-11,C00681,P0031,2,0.05,94.61,Debit Card,Delivered
O008320,2025-01-31,C00273,P0206,2,0.1,76.74,Debit Card,Delivered
O008320,2025-01-31,C00273,P0072,2,0.05,372.48,UPI,Delivered
O008321,2024-12-27,C00224,P0213,1,0.2,150.62,Wallet,Shipped
O008322,2024-09-04,C00993,P0012,2,0.15,246.99,UPI,Delivered
O008323,2024-05-06,C00706,P0063,2,0.05,255.98,Net Banking,Delivered
O008323,2024-05-06,C00706,P0178,1,0.05,34.49,Debit Card,Shipped
O008324,2024-11-06,C00073,P0043,1,0.1,88.93,UPI,Shipped
O008325,2025-07-04,C00133,P0025,1,0.05,430.15,Credit Card,Delivered
O008326,2025-05-24,C01150,P0214,1,0.15,395.7,Debit Card,Delivered
O008327,2025-01-17,C00924,P0109,1,0.15,408.89,UPI,Delivered
O008327,2025-01-17,C00924,P0082,1,0.05,403.87,Wallet,Shipped
O008328,2025-08-21,C00135,P0135,2,0.15,151.48,Credit Card,Delivered
O008329,2025-01-13,C01472,P0110,3,0.05,314.03,Wallet,Delivered
O008330,2024-12-04,C00098,P0126,2,0.0,483.32,Cash on Delivery,Processing
O008330,2024-12-04,C00098,P0244,2,0.1,206.28,Wallet,Delivered
O008330,2024-12-04,C00098,P0037,1,0.1,384.96,Credit Card,Delivered
O008331,2025-04-21,C01312,P0182,1,0.15,375.34,UPI,Delivered
O008331,2025-04-21,C01312,P0168,1,0.05,445.18,UPI,Cancelled
O008331,2025-04-21,C01312,P0027,2,0.05,366.13,Net Banking,Delivered
O008332,2025-08-10,C00665,P0029,2,0.05,90.04,UPI,Shipped
O008333,2026-03-25,C00628,P0047,1,0.1,425.97,UPI,Delivered
O008334,2025-01-02,C00333,P0230,2,0.1,159.49,Credit Card,Delivered
O008334,2025-01-02,C00333,P0062,4,0.25,207.42,Net Banking,Delivered
O008334,2025-01-02,C00333,P0020,2,0.1,199.31,UPI,Delivered
O008335,2024-06-17,C01358,P0079,1,0.1,341.76,Credit Card,Processing
O008335,2024-06-17,C01358,P0046,1,0.05,292.38,Cash on Delivery,Processing
O008336,2024-06-28,C00402,P0027,1,0.15,224.72,Credit Card,Cancelled
O008337,2025-01-15,C01152,P0131,1,0.1,124.49,Credit Card,Delivered
O008337,2025-01-15,C01152,P0107,1,0.15,186.04,Wallet,Delivered
O008338,2025-01-02,C01395,P0029,1,0.1,190.89,UPI,Delivered
O008338,2025-01-02,C01395,P0207,1,0.1,139.53,Cash on Delivery,Delivered
O008339,2024-11-07,C00662,P0150,1,0.0,397.96,Credit Card,Delivered
O008339,2024-11-07,C00662,P0231,1,0.05,490.94,Credit Card,Processing
O008340,2025-11-02,C00867,P0204,2,0.3,394.22,UPI,Delivered
O008341,2025-09-29,C00001,P0104,1,0.05,390.95,Wallet,Delivered
O008341,2025-09-29,C00001,P0175,1,0.1,439.07,Debit Card,Delivered
O008342,2025-05-25,C01228,P0009,2,0.1,406.47,UPI,Processing
O008343,2025-12-02,C00288,P0181,2,0.0,429.1,UPI,Delivered
O008344,2025-03-07,C01414,P0089,1,0.0,445.94,UPI,Delivered
O008344,2025-03-07,C01414,P0187,1,0.05,117.74,Net Banking,Delivered
O008345,2025-07-05,C01216,P0200,1,0.05,327.26,Wallet,Delivered
O008345,2025-07-05,C01216,P0007,1,0.1,411.67,UPI,Processing
O008346,2024-08-19,C00568,P0133,2,0.3,418.95,Net Banking,Cancelled
O008346,2024-08-19,C00568,P0174,1,0.05,214.59,Net Banking,Shipped
O008347,2025-05-12,C00519,P0093,1,0.1,32.11,Cash on Delivery,Cancelled
O008348,2024-06-14,C00662,P0012,1,0.05,472.98,UPI,Delivered
O008348,2024-06-14,C00662,P0092,1,0.2,425.82,UPI,Delivered
O008349,2024-09-28,C00908,P0007,1,0.1,364.41,Credit Card,Delivered
O008350,2026-01-10,C01477,P0048,2,0.0,162.27,UPI,Cancelled
O008351,2025-09-10,C00162,P0086,1,0.15,91.61,Debit Card,Delivered
O008351,2025-09-10,C00162,P0182,1,0.1,38.59,Credit Card,Cancelled
O008351,2025-09-10,C00162,P0021,1,0.15,57.65,Debit Card,Delivered
O008352,2025-10-21,C01457,P0062,1,0.0,406.07,Net Banking,Processing
O008353,2026-03-25,C00698,P0103,1,0.2,467.23,Net Banking,Cancelled
O008353,2026-03-25,C00698,P0094,1,0.05,470.08,UPI,Delivered
O008353,2026-03-25,C00698,P0093,2,0.15,362.83,Wallet,Shipped
O008354,2025-12-23,C01032,P0129,2,0.25,412.83,UPI,Delivered
O008355,2024-07-14,C01084,P0241,1,0.0,80.45,Cash on Delivery,Delivered
O008356,2024-10-28,C00812,P0234,1,0.15,220.09,Cash on Delivery,Cancelled
O008357,2024-04-28,C00456,P0032,1,0.05,234.16,UPI,Delivered
O008358,2024-08-07,C01184,P0183,3,0.15,220.74,Cash on Delivery,Delivered
O008359,2025-11-16,C01150,P0024,1,0.0,452.17,Credit Card,Cancelled
O008359,2025-11-16,C01150,P0062,2,0.05,369.19,Debit Card,Processing
O008359,2025-11-16,C01150,P0120,1,0.1,76.66,Net Banking,Delivered
O008360,2025-03-25,C00795,P0049,1,0.1,220.69,Net Banking,Delivered
O008360,2025-03-25,C00795,P0147,1,0.0,57.29,UPI,Processing
O008361,2026-01-25,C01248,P0212,1,0.1,382.93,Wallet,Delivered
O008362,2025-03-30,C01403,P0014,1,0.0,123.92,Net Banking,Delivered
O008363,2025-06-20,C01430,P0247,2,0.2,462.26,UPI,Delivered
O008363,2025-06-20,C01430,P0078,1,0.05,147.78,Cash on Delivery,Delivered
O008364,2025-11-19,C00236,P0195,1,0.0,81.46,UPI,Delivered
O008364,2025-11-19,C00236,P0117,1,0.15,467.16,Credit Card,Processing
O008365,2026-02-24,C00498,P0006,1,0.1,35.21,Credit Card,Delivered
O008366,2025-10-18,C00924,P0184,2,0.1,432.26,UPI,Processing
O008366,2025-10-18,C00924,P0075,3,0.05,25.64,Wallet,Shipped
O008366,2025-10-18,C00924,P0072,1,0.05,75.01,UPI,Processing
O008367,2025-04-26,C00403,P0217,3,0.0,417.25,Wallet,Delivered
O008368,2025-03-21,C01255,P0025,3,0.1,299.27,Cash on Delivery,Delivered
O008369,2025-05-12,C00028,P0096,1,0.15,221.65,Net Banking,Delivered
O008370,2025-10-14,C01375,P0098,1,0.15,333.8,Credit Card,Delivered
O008371,2024-05-05,C01429,P0064,1,0.0,380.29,Cash on Delivery,Delivered
O008372,2026-03-17,C01105,P0041,1,0.05,265.34,Cash on Delivery,Shipped
O008373,2026-01-24,C00912,P0250,2,0.0,66.25,Credit Card,Delivered
O008374,2026-03-03,C01104,P0202,2,0.2,403.72,UPI,Processing
O008375,2024-05-27,C00701,P0225,1,0.1,302.48,UPI,Delivered
O008375,2024-05-27,C00701,P0070,4,0.1,297.73,Debit Card,Shipped
O008376,2025-08-27,C00900,P0049,1,0.1,108.78,Cash on Delivery,Cancelled
O008377,2024-11-17,C00503,P0021,1,0.2,321.75,Cash on Delivery,Cancelled
O008377,2024-11-17,C00503,P0179,1,0.1,234.79,Net Banking,Delivered
O008378,2025-02-06,C00307,P0104,2,0.1,159.38,Credit Card,Cancelled
O008378,2025-02-06,C00307,P0239,1,0.1,200.68,UPI,Delivered
O008379,2024-06-27,C00074,P0113,1,0.1,318.89,Credit Card,Processing
O008380,2024-04-06,C00976,P0137,2,0.15,102.3,UPI,Delivered
O008381,2024-11-03,C00119,P0058,2,0.1,417.11,Cash on Delivery,Delivered
O008382,2025-09-01,C00908,P0102,4,0.2,240.03,UPI,Cancelled
O008382,2025-09-01,C00908,P0067,1,0.05,169.23,Debit Card,Delivered
O008382,2025-09-01,C00908,P0179,3,0.1,297.84,Net Banking,Delivered
O008383,2026-01-16,C00010,P0156,1,0.0,114.42,UPI,Delivered
O008383,2026-01-16,C00010,P0147,1,0.1,270.64,UPI,Cancelled
O008383,2026-01-16,C00010,P0182,1,0.1,392.59,Credit Card,Shipped
O008384,2025-07-15,C00480,P0206,1,0.1,178.27,Cash on Delivery,Cancelled
O008385,2024-06-29,C00131,P0247,2,0.1,337.05,Debit Card,Shipped
O008386,2025-12-09,C00814,P0194,1,0.0,170.86,Wallet,Delivered
O008387,2024-05-16,C00046,P0163,1,0.05,467.57,Debit Card,Processing
O008388,2025-04-01,C00221,P0024,4,0.1,364.45,Credit Card,Delivered
O008389,2024-09-05,C00145,P0128,1,0.1,485.23,Cash on Delivery,Delivered
O008390,2025-07-11,C00332,P0233,1,0.15,244.66,Cash on Delivery,Processing
O008391,2024-07-31,C00381,P0173,4,0.1,143.19,UPI,Delivered
O008392,2025-01-10,C00762,P0004,1,0.05,107.82,Credit Card,Shipped
O008392,2025-01-10,C00762,P0152,3,0.15,134.34,UPI,Cancelled
O008393,2026-03-24,C00782,P0083,2,0.1,121.96,Credit Card,Cancelled
O008394,2025-02-03,C01272,P0007,2,0.05,436.73,Credit Card,Delivered
O008394,2025-02-03,C01272,P0023,1,0.2,90.24,UPI,Delivered
O008394,2025-02-03,C01272,P0183,1,0.05,415.95,UPI,Delivered
O008395,2024-11-06,C00705,P0039,1,0.15,480.25,UPI,Delivered
O008396,2024-07-11,C01243,P0159,1,0.25,121.73,Debit Card,Delivered
O008396,2024-07-11,C01243,P0071,1,0.1,212.62,Credit Card,Processing
O008397,2025-04-11,C00067,P0168,1,0.15,353.54,UPI,Delivered
O008397,2025-04-11,C00067,P0033,1,0.1,122.59,Debit Card,Shipped
O008398,2024-06-24,C00801,P0172,2,0.05,95.2,Debit Card,Processing
O008398,2024-06-24,C00801,P0187,1,0.1,332.74,Net Banking,Shipped
O008399,2025-09-21,C00110,P0034,2,0.15,147.29,UPI,Shipped
O008400,2025-10-24,C00593,P0204,1,0.05,162.53,UPI,Delivered
O008401,2025-08-16,C01338,P0242,1,0.1,269.95,UPI,Delivered
O008402,2025-10-15,C00805,P0173,2,0.15,172.29,Credit Card,Cancelled
O008403,2025-01-07,C00778,P0149,1,0.2,168.72,Credit Card,Delivered
O008404,2025-01-04,C00979,P0133,3,0.2,285.08,Wallet,Shipped
O008404,2025-01-04,C00979,P0106,1,0.25,464.59,Net Banking,Shipped
O008404,2025-01-04,C00979,P0244,3,0.05,172.27,Debit Card,Cancelled
O008405,2025-07-01,C01404,P0196,3,0.0,295.5,Debit Card,Delivered
O008406,2024-11-07,C00357,P0232,2,0.05,187.93,UPI,Cancelled
O008407,2025-05-13,C00467,P0238,1,0.2,42.34,Cash on Delivery,Delivered
O008408,2024-10-12,C00387,P0014,2,0.05,189.42,UPI,Delivered
O008408,2024-10-12,C00387,P0214,1,0.05,409.6,UPI,Shipped
O008409,2026-03-27,C01339,P0125,1,0.05,226.28,Credit Card,Cancelled
O008410,2024-08-11,C01140,P0221,1,0.1,441.62,Debit Card,Shipped
O008411,2024-10-10,C00037,P0157,3,0.1,222.88,UPI,Shipped
O008412,2024-06-19,C00415,P0233,2,0.05,382.99,Wallet,Delivered
O008412,2024-06-19,C00415,P0124,2,0.1,433.78,UPI,Delivered
O008413,2024-10-22,C00733,P0095,1,0.15,104.56,Wallet,Processing
O008413,2024-10-22,C00733,P0235,1,0.2,218.52,UPI,Shipped
O008414,2025-12-23,C00912,P0052,1,0.2,227.53,Debit Card,Shipped
O008414,2025-12-23,C00912,P0022,1,0.15,145.82,Cash on Delivery,Delivered
O008414,2025-12-23,C00912,P0170,1,0.0,462.78,UPI,Delivered
O008415,2024-12-13,C00749,P0021,2,0.2,311.52,Cash on Delivery,Delivered
O008415,2024-12-13,C00749,P0073,1,0.25,351.45,Net Banking,Delivered
O008416,2026-01-27,C00386,P0232,3,0.0,31.42,UPI,Delivered
O008417,2025-10-06,C01136,P0246,1,0.05,282.47,Debit Card,Cancelled
O008417,2025-10-06,C01136,P0242,1,0.0,107.35,Wallet,Cancelled
O008418,2025-05-15,C00440,P0196,1,0.05,259.23,Debit Card,Delivered
O008419,2024-05-02,C00832,P0040,1,0.05,484.3,Cash on Delivery,Delivered
O008420,2025-11-19,C00634,P0182,1,0.1,395.71,Wallet,Delivered
O008421,2026-02-19,C00356,P0188,1,0.05,149.21,Credit Card,Delivered
O008422,2025-12-25,C00350,P0148,1,0.2,61.38,Credit Card,Delivered
O008422,2025-12-25,C00350,P0041,1,0.0,304.66,Debit Card,Shipped
O008423,2025-04-14,C00978,P0177,1,0.1,102.89,Wallet,Delivered
O008423,2025-04-14,C00978,P0121,1,0.2,167.03,Wallet,Shipped
O008424,2025-03-06,C00354,P0133,2,0.05,348.26,UPI,Delivered
O008425,2025-01-15,C01000,P0003,2,0.1,168.64,UPI,Cancelled
O008425,2025-01-15,C01000,P0210,2,0.15,59.14,Cash on Delivery,Delivered
O008426,2025-02-05,C00339,P0165,1,0.2,146.19,Credit Card,Processing
O008426,2025-02-05,C00339,P0171,1,0.05,244.7,Credit Card,Delivered
O008427,2025-04-08,C00738,P0027,1,0.05,273.61,Debit Card,Delivered
O008428,2025-12-12,C01469,P0109,1,0.1,244.58,UPI,Shipped
O008428,2025-12-12,C01469,P0214,1,0.15,205.27,Cash on Delivery,Shipped
O008429,2025-08-24,C00868,P0068,1,0.1,92.61,Wallet,Delivered
O008430,2025-03-06,C00624,P0071,1,0.05,456.47,Cash on Delivery,Delivered
O008431,2024-07-31,C00239,P0083,2,0.1,247.27,Debit Card,Delivered
O008432,2024-04-25,C00220,P0084,1,0.1,339.06,Debit Card,Delivered
O008432,2024-04-25,C00220,P0143,1,0.05,212.48,Credit Card,Cancelled
O008433,2024-11-02,C00438,P0116,1,0.25,112.54,UPI,Shipped
O008434,2026-02-08,C00917,P0220,1,0.1,168.6,Net Banking,Delivered
O008434,2026-02-08,C00917,P0129,2,0.05,236.42,UPI,Shipped
O008435,2025-11-05,C00884,P0067,1,0.15,279.54,Credit Card,Delivered
O008436,2024-04-14,C01187,P0100,1,0.1,201.42,Debit Card,Cancelled
O008436,2024-04-14,C01187,P0176,1,0.0,323.98,Debit Card,Delivered
O008437,2025-02-01,C00828,P0076,1,0.1,460.45,UPI,Delivered
O008438,2024-11-01,C01020,P0100,3,0.1,211.31,Cash on Delivery,Processing
O008439,2025-09-26,C01251,P0153,1,0.1,387.2,UPI,Delivered
O008440,2024-12-12,C00168,P0198,1,0.1,87.63,UPI,Delivered
O008440,2024-12-12,C00168,P0224,2,0.15,410.09,Wallet,Delivered
O008441,2025-01-22,C00495,P0065,1,0.0,435.68,Cash on Delivery,Processing
O008441,2025-01-22,C00495,P0213,3,0.15,198.99,Credit Card,Delivered
O008441,2025-01-22,C00495,P0221,2,0.2,415.67,UPI,Delivered
O008442,2025-01-19,C01009,P0004,3,0.1,36.65,UPI,Delivered
O008442,2025-01-19,C01009,P0226,4,0.2,285.15,Credit Card,Delivered
O008443,2024-04-14,C00322,P0242,4,0.1,320.47,Cash on Delivery,Cancelled
O008444,2025-05-11,C01255,P0010,1,0.2,400.46,Wallet,Processing
O008444,2025-05-11,C01255,P0094,1,0.05,319.92,UPI,Processing
O008445,2026-01-18,C01268,P0036,2,0.05,252.02,UPI,Delivered
O008446,2024-08-05,C00599,P0155,1,0.1,319.73,UPI,Delivered
O008446,2024-08-05,C00599,P0245,1,0.15,55.44,Credit Card,Delivered
O008447,2025-11-03,C01172,P0125,1,0.1,413.04,UPI,Delivered
O008448,2024-04-28,C00308,P0126,1,0.15,36.22,UPI,Delivered
O008448,2024-04-28,C00308,P0094,1,0.0,53.06,Debit Card,Delivered
O008448,2024-04-28,C00308,P0139,1,0.15,331.06,Credit Card,Shipped
O008449,2024-12-03,C00335,P0193,2,0.1,127.68,Cash on Delivery,Cancelled
O008450,2024-10-16,C00461,P0041,1,0.1,497.78,UPI,Delivered
O008451,2025-02-16,C00927,P0061,1,0.1,30.24,Net Banking,Delivered
O008452,2024-08-29,C00302,P0014,1,0.2,421.82,Credit Card,Delivered
O008453,2024-05-29,C01499,P0093,1,0.0,343.9,UPI,Delivered
O008453,2024-05-29,C01499,P0111,1,0.05,363.06,Debit Card,Shipped
O008454,2025-09-01,C00464,P0246,1,0.05,360.18,Wallet,Delivered
O008455,2026-01-14,C00254,P0051,2,0.15,181.58,Credit Card,Cancelled
O008456,2024-09-05,C01121,P0194,1,0.2,447.4,Credit Card,Delivered
O008457,2026-03-07,C00207,P0194,1,0.2,182.02,UPI,Delivered
O008458,2025-10-07,C00884,P0004,1,0.15,490.17,UPI,Delivered
O008459,2025-09-07,C00831,P0227,2,0.1,59.33,Debit Card,Shipped
O008459,2025-09-07,C00831,P0234,1,0.1,210.67,UPI,Processing
O008460,2024-04-06,C01375,P0211,1,0.1,150.43,Net Banking,Delivered
O008460,2024-04-06,C01375,P0221,1,0.1,333.64,Debit Card,Shipped
O008461,2025-06-06,C00375,P0207,4,0.0,353.12,Cash on Delivery,Shipped
O008462,2025-03-29,C00588,P0200,1,0.1,57.61,Credit Card,Delivered
O008463,2025-09-09,C01014,P0089,1,0.1,285.8,Net Banking,Delivered
O008463,2025-09-09,C01014,P0023,1,0.1,294.44,UPI,Shipped
O008464,2026-01-24,C01042,P0029,2,0.15,59.99,UPI,Delivered
O008464,2026-01-24,C01042,P0135,2,0.1,190.19,Net Banking,Delivered
O008465,2025-06-20,C01180,P0200,1,0.05,401.32,Wallet,Delivered
O008465,2025-06-20,C01180,P0107,1,0.2,217.39,Debit Card,Shipped
O008466,2026-02-01,C01067,P0247,2,0.15,351.34,UPI,Cancelled
O008466,2026-02-01,C01067,P0049,2,0.05,168.99,Cash on Delivery,Delivered
O008467,2025-04-11,C00064,P0237,1,0.25,135.74,Cash on Delivery,Shipped
O008468,2026-02-09,C01475,P0164,1,0.1,397.35,UPI,Delivered
O008468,2026-02-09,C01475,P0118,2,0.15,164.11,UPI,Processing
O008469,2024-06-26,C00368,P0206,1,0.05,390.53,Credit Card,Processing
O008469,2024-06-26,C00368,P0202,3,0.1,189.88,UPI,Delivered
O008469,2024-06-26,C00368,P0230,1,0.1,177.4,Wallet,Cancelled
O008470,2025-02-18,C00147,P0045,2,0.0,73.47,Wallet,Cancelled
O008471,2024-09-15,C01032,P0151,1,0.1,436.29,Wallet,Delivered
O008472,2024-04-23,C00238,P0220,2,0.05,272.37,UPI,Shipped
O008473,2024-08-02,C01085,P0012,1,0.0,386.24,UPI,Delivered
O008474,2026-03-02,C00758,P0012,2,0.0,180.52,Net Banking,Processing
O008474,2026-03-02,C00758,P0061,4,0.05,499.13,UPI,Processing
O008475,2025-05-18,C00603,P0132,1,0.05,139.73,UPI,Delivered
O008475,2025-05-18,C00603,P0073,1,0.05,163.33,Net Banking,Delivered
O008475,2025-05-18,C00603,P0194,1,0.05,435.11,UPI,Delivered
O008476,2025-09-01,C01225,P0152,1,0.2,401.52,Net Banking,Delivered
O008477,2025-03-19,C01499,P0107,1,0.05,470.39,Wallet,Cancelled
O008477,2025-03-19,C01499,P0017,1,0.15,447.63,UPI,Processing
O008478,2024-11-08,C00479,P0244,1,0.0,478.56,Credit Card,Delivered
O008479,2024-12-12,C00652,P0075,3,0.25,39.02,Cash on Delivery,Processing
O008480,2025-09-13,C01037,P0158,2,0.2,60.84,Net Banking,Delivered
O008481,2025-06-01,C00991,P0086,1,0.15,250.3,Cash on Delivery,Delivered
O008482,2025-12-13,C00101,P0033,4,0.1,328.69,Cash on Delivery,Processing
O008483,2024-07-09,C00667,P0117,2,0.15,160.91,Credit Card,Delivered
O008484,2025-02-07,C01402,P0037,1,0.1,270.27,Wallet,Delivered
O008485,2025-07-17,C00197,P0135,1,0.3,494.21,Credit Card,Delivered
O008486,2024-05-13,C00972,P0188,1,0.15,71.11,UPI,Delivered
O008487,2025-03-12,C01130,P0140,1,0.05,477.29,UPI,Delivered
O008487,2025-03-12,C01130,P0008,4,0.1,423.49,UPI,Processing
O008488,2024-04-08,C01363,P0191,1,0.05,93.92,UPI,Delivered
O008489,2024-11-11,C01154,P0240,2,0.0,336.33,Debit Card,Shipped
O008489,2024-11-11,C01154,P0053,3,0.05,472.09,Credit Card,Cancelled
O008490,2025-10-10,C00643,P0072,1,0.1,99.81,UPI,Shipped
O008491,2025-01-07,C00914,P0171,1,0.25,284.96,Net Banking,Delivered
O008492,2024-06-20,C00991,P0098,2,0.0,110.58,Credit Card,Delivered
O008493,2024-07-03,C01271,P0132,1,0.1,92.92,Wallet,Delivered
O008494,2025-05-11,C00324,P0157,2,0.1,302.41,Cash on Delivery,Delivered
O008494,2025-05-11,C00324,P0019,2,0.1,352.36,Debit Card,Delivered
O008495,2024-12-13,C00446,P0137,1,0.2,248.78,Credit Card,Delivered
O008496,2026-01-16,C00342,P0078,1,0.15,311.52,Wallet,Cancelled
O008497,2024-10-30,C00252,P0132,2,0.1,75.0,Debit Card,Shipped
O008498,2025-03-23,C01162,P0223,1,0.05,192.24,UPI,Delivered
O008499,2025-08-16,C01146,P0205,2,0.0,432.7,Wallet,Delivered
O008499,2025-08-16,C01146,P0010,1,0.2,352.56,Cash on Delivery,Delivered
O008500,2026-03-09,C00469,P0128,1,0.1,239.4,Debit Card,Processing
